107374182400,60129542144,SOURCE_FILE
107374182401,60129542144,SOURCE_FILE
107374182402,60129542144,SOURCE_FILE
107374182403,60129542144,SOURCE_FILE
107374182404,60129542144,SOURCE_FILE
107374182405,60129542144,SOURCE_FILE
107374182406,60129542144,SOURCE_FILE
107374182407,60129542144,SOURCE_FILE
107374182408,60129542144,SOURCE_FILE
107374182409,60129542144,SOURCE_FILE
107374182410,60129542144,SOURCE_FILE
107374182411,60129542145,SOURCE_FILE
107374182412,60129542145,SOURCE_FILE
107374182413,60129542145,SOURCE_FILE
107374182414,60129542145,SOURCE_FILE
107374182415,60129542146,SOURCE_FILE
107374182416,60129542146,SOURCE_FILE
107374182417,60129542146,SOURCE_FILE
107374182418,60129542146,SOURCE_FILE
107374182419,60129542146,SOURCE_FILE
107374182420,60129542146,SOURCE_FILE
107374182421,60129542146,SOURCE_FILE
107374182422,60129542146,SOURCE_FILE
107374182423,60129542146,SOURCE_FILE
107374182424,60129542146,SOURCE_FILE
107374182425,60129542146,SOURCE_FILE
107374182426,60129542146,SOURCE_FILE
107374182427,60129542146,SOURCE_FILE
107374182428,60129542146,SOURCE_FILE
107374182429,60129542146,SOURCE_FILE
107374182430,60129542146,SOURCE_FILE
107374182431,60129542146,SOURCE_FILE
107374182432,60129542146,SOURCE_FILE
107374182433,60129542147,SOURCE_FILE
107374182434,60129542147,SOURCE_FILE
107374182435,60129542147,SOURCE_FILE
107374182436,60129542147,SOURCE_FILE
107374182437,60129542147,SOURCE_FILE
107374182438,60129542147,SOURCE_FILE
107374182439,60129542147,SOURCE_FILE
107374182440,60129542147,SOURCE_FILE
107374182441,60129542148,SOURCE_FILE
107374182442,60129542148,SOURCE_FILE
107374182443,60129542148,SOURCE_FILE
107374182444,60129542148,SOURCE_FILE
107374182445,60129542148,SOURCE_FILE
107374182446,60129542149,SOURCE_FILE
107374182447,60129542149,SOURCE_FILE
107374182448,60129542149,SOURCE_FILE
107374182449,60129542150,SOURCE_FILE
107374182450,60129542150,SOURCE_FILE
107374182451,60129542150,SOURCE_FILE
107374182452,60129542150,SOURCE_FILE
107374182453,60129542150,SOURCE_FILE
107374182454,60129542151,SOURCE_FILE
107374182455,60129542151,SOURCE_FILE
107374182456,60129542151,SOURCE_FILE
107374182457,60129542151,SOURCE_FILE
107374182458,60129542151,SOURCE_FILE
107374182459,60129542151,SOURCE_FILE
107374182460,60129542151,SOURCE_FILE
107374182461,60129542151,SOURCE_FILE
107374182462,60129542151,SOURCE_FILE
107374182463,60129542151,SOURCE_FILE
107374182464,60129542151,SOURCE_FILE
107374182465,60129542151,SOURCE_FILE
107374182466,60129542151,SOURCE_FILE
107374182467,60129542151,SOURCE_FILE
107374182468,60129542151,SOURCE_FILE
107374182469,60129542151,SOURCE_FILE
107374182470,60129542151,SOURCE_FILE
107374182471,60129542151,SOURCE_FILE
107374182472,60129542151,SOURCE_FILE
107374182473,60129542151,SOURCE_FILE
107374182474,60129542151,SOURCE_FILE
107374182475,60129542151,SOURCE_FILE
107374182476,60129542151,SOURCE_FILE
107374182477,60129542151,SOURCE_FILE
107374182478,60129542151,SOURCE_FILE
107374182479,60129542152,SOURCE_FILE
107374182480,60129542152,SOURCE_FILE
107374182481,60129542152,SOURCE_FILE
107374182482,60129542152,SOURCE_FILE
107374182483,60129542153,SOURCE_FILE
107374182484,60129542153,SOURCE_FILE
107374182485,60129542153,SOURCE_FILE
107374182486,60129542153,SOURCE_FILE
107374182487,60129542154,SOURCE_FILE
107374182488,60129542154,SOURCE_FILE
107374182489,60129542154,SOURCE_FILE
107374182490,60129542154,SOURCE_FILE
107374182491,60129542155,SOURCE_FILE
107374182492,60129542155,SOURCE_FILE
107374182493,60129542156,SOURCE_FILE
107374182494,60129542156,SOURCE_FILE
107374182495,60129542157,SOURCE_FILE
107374182496,60129542157,SOURCE_FILE
107374182497,60129542157,SOURCE_FILE
107374182498,60129542157,SOURCE_FILE
107374182499,60129542157,SOURCE_FILE
107374182500,60129542158,SOURCE_FILE
107374182501,60129542158,SOURCE_FILE
107374182502,60129542159,SOURCE_FILE
107374182503,60129542159,SOURCE_FILE
107374182504,60129542159,SOURCE_FILE
107374182505,60129542159,SOURCE_FILE
107374182506,60129542159,SOURCE_FILE
107374182507,60129542159,SOURCE_FILE
107374182508,60129542159,SOURCE_FILE
107374182509,60129542159,SOURCE_FILE
107374182510,60129542159,SOURCE_FILE
107374182511,60129542159,SOURCE_FILE
107374182512,60129542159,SOURCE_FILE
107374182513,60129542159,SOURCE_FILE
107374182514,60129542159,SOURCE_FILE
107374182515,60129542159,SOURCE_FILE
107374182516,60129542159,SOURCE_FILE
107374182517,60129542159,SOURCE_FILE
107374182518,60129542159,SOURCE_FILE
107374182519,60129542159,SOURCE_FILE
107374182520,60129542159,SOURCE_FILE
107374182521,60129542159,SOURCE_FILE
107374182522,60129542159,SOURCE_FILE
107374182523,60129542159,SOURCE_FILE
107374182524,60129542159,SOURCE_FILE
107374182525,60129542159,SOURCE_FILE
107374182526,60129542159,SOURCE_FILE
107374182527,60129542159,SOURCE_FILE
107374182528,60129542159,SOURCE_FILE
107374182529,60129542160,SOURCE_FILE
107374182530,60129542160,SOURCE_FILE
107374182531,60129542160,SOURCE_FILE
107374182532,60129542160,SOURCE_FILE
107374182533,60129542160,SOURCE_FILE
107374182534,60129542161,SOURCE_FILE
107374182535,60129542161,SOURCE_FILE
107374182536,60129542162,SOURCE_FILE
107374182537,60129542163,SOURCE_FILE
107374182538,60129542163,SOURCE_FILE
107374182539,60129542163,SOURCE_FILE
107374182540,60129542164,SOURCE_FILE
107374182541,60129542165,SOURCE_FILE
107374182542,60129542165,SOURCE_FILE
107374182543,60129542165,SOURCE_FILE
107374182544,60129542166,SOURCE_FILE
107374182545,60129542166,SOURCE_FILE
107374182546,60129542166,SOURCE_FILE
107374182547,60129542166,SOURCE_FILE
107374182548,60129542166,SOURCE_FILE
107374182549,60129542166,SOURCE_FILE
107374182550,60129542166,SOURCE_FILE
107374182551,60129542166,SOURCE_FILE
107374182552,60129542166,SOURCE_FILE
107374182553,60129542166,SOURCE_FILE
107374182554,60129542166,SOURCE_FILE
107374182555,60129542166,SOURCE_FILE
107374182556,60129542166,SOURCE_FILE
107374182557,60129542167,SOURCE_FILE
107374182558,60129542167,SOURCE_FILE
107374182559,60129542167,SOURCE_FILE
107374182560,60129542167,SOURCE_FILE
107374182561,60129542168,SOURCE_FILE
107374182562,60129542168,SOURCE_FILE
107374182563,60129542168,SOURCE_FILE
107374182564,60129542168,SOURCE_FILE
107374182565,60129542168,SOURCE_FILE
107374182566,60129542169,SOURCE_FILE
107374182567,60129542169,SOURCE_FILE
107374182568,60129542169,SOURCE_FILE
107374182569,60129542169,SOURCE_FILE
107374182570,60129542169,SOURCE_FILE
107374182571,60129542169,SOURCE_FILE
107374182572,60129542169,SOURCE_FILE
107374182573,60129542170,SOURCE_FILE
107374182574,60129542170,SOURCE_FILE
107374182575,60129542170,SOURCE_FILE
107374182576,60129542170,SOURCE_FILE
107374182577,60129542170,SOURCE_FILE
107374182578,60129542170,SOURCE_FILE
107374182579,60129542170,SOURCE_FILE
107374182580,60129542170,SOURCE_FILE
107374182581,60129542170,SOURCE_FILE
107374182582,60129542170,SOURCE_FILE
107374182583,60129542170,SOURCE_FILE
107374182584,60129542171,SOURCE_FILE
107374182585,60129542171,SOURCE_FILE
107374182586,60129542171,SOURCE_FILE
107374182587,60129542171,SOURCE_FILE
107374182588,60129542171,SOURCE_FILE
107374182589,60129542171,SOURCE_FILE
107374182590,60129542171,SOURCE_FILE
107374182591,60129542171,SOURCE_FILE
107374182592,60129542172,SOURCE_FILE
107374182593,60129542172,SOURCE_FILE
107374182594,60129542172,SOURCE_FILE
107374182595,60129542172,SOURCE_FILE
107374182596,60129542173,SOURCE_FILE
107374182597,60129542173,SOURCE_FILE
107374182598,60129542174,SOURCE_FILE
107374182599,60129542174,SOURCE_FILE
107374182600,60129542174,SOURCE_FILE
107374182601,60129542174,SOURCE_FILE
107374182602,60129542174,SOURCE_FILE
107374182603,60129542174,SOURCE_FILE
107374182604,60129542174,SOURCE_FILE
107374182605,60129542174,SOURCE_FILE
107374182606,60129542174,SOURCE_FILE
107374182607,60129542174,SOURCE_FILE
107374182608,60129542174,SOURCE_FILE
107374182609,60129542174,SOURCE_FILE
107374182610,60129542174,SOURCE_FILE
107374182611,60129542174,SOURCE_FILE
107374182612,60129542175,SOURCE_FILE
107374182613,60129542175,SOURCE_FILE
107374182614,60129542175,SOURCE_FILE
107374182615,60129542175,SOURCE_FILE
107374182616,60129542175,SOURCE_FILE
107374182617,60129542175,SOURCE_FILE
107374182618,60129542175,SOURCE_FILE
107374182619,60129542175,SOURCE_FILE
107374182620,60129542175,SOURCE_FILE
107374182621,60129542175,SOURCE_FILE
107374182622,60129542175,SOURCE_FILE
107374182623,60129542175,SOURCE_FILE
107374182624,60129542175,SOURCE_FILE
107374182625,60129542175,SOURCE_FILE
107374182626,60129542175,SOURCE_FILE
107374182627,60129542175,SOURCE_FILE
107374182628,60129542175,SOURCE_FILE
107374182629,60129542175,SOURCE_FILE
107374182630,60129542175,SOURCE_FILE
107374182631,60129542175,SOURCE_FILE
107374182632,60129542175,SOURCE_FILE
107374182633,60129542175,SOURCE_FILE
107374182634,60129542175,SOURCE_FILE
107374182635,60129542175,SOURCE_FILE
107374182636,60129542175,SOURCE_FILE
107374182637,60129542175,SOURCE_FILE
107374182638,60129542176,SOURCE_FILE
107374182639,60129542176,SOURCE_FILE
107374182640,60129542176,SOURCE_FILE
107374182641,60129542176,SOURCE_FILE
107374182642,60129542176,SOURCE_FILE
107374182643,60129542176,SOURCE_FILE
107374182644,60129542176,SOURCE_FILE
107374182645,60129542176,SOURCE_FILE
107374182646,60129542177,SOURCE_FILE
107374182647,60129542177,SOURCE_FILE
107374182648,60129542177,SOURCE_FILE
107374182649,60129542177,SOURCE_FILE
107374182650,60129542177,SOURCE_FILE
107374182651,60129542178,SOURCE_FILE
107374182652,60129542178,SOURCE_FILE
107374182653,60129542178,SOURCE_FILE
107374182654,60129542178,SOURCE_FILE
107374182655,60129542178,SOURCE_FILE
107374182656,60129542178,SOURCE_FILE
107374182657,60129542178,SOURCE_FILE
107374182658,60129542178,SOURCE_FILE
107374182659,60129542178,SOURCE_FILE
107374182660,60129542178,SOURCE_FILE
107374182661,60129542178,SOURCE_FILE
107374182662,60129542179,SOURCE_FILE
107374182663,60129542179,SOURCE_FILE
107374182664,60129542179,SOURCE_FILE
107374182665,60129542179,SOURCE_FILE
107374182666,60129542179,SOURCE_FILE
107374182667,60129542179,SOURCE_FILE
107374182668,60129542179,SOURCE_FILE
107374182669,60129542179,SOURCE_FILE
107374182670,60129542179,SOURCE_FILE
107374182671,60129542179,SOURCE_FILE
107374182672,60129542179,SOURCE_FILE
107374182673,60129542180,SOURCE_FILE
107374182674,60129542180,SOURCE_FILE
107374182675,60129542180,SOURCE_FILE
107374182676,60129542180,SOURCE_FILE
107374182677,60129542180,SOURCE_FILE
107374182678,60129542181,SOURCE_FILE
107374182679,60129542181,SOURCE_FILE
107374182680,60129542181,SOURCE_FILE
107374182681,60129542181,SOURCE_FILE
107374182682,60129542182,SOURCE_FILE
107374182683,60129542182,SOURCE_FILE
107374182684,60129542182,SOURCE_FILE
107374182685,60129542182,SOURCE_FILE
107374182686,60129542183,SOURCE_FILE
107374182687,60129542183,SOURCE_FILE
107374182688,60129542183,SOURCE_FILE
107374182689,60129542183,SOURCE_FILE
107374182690,60129542183,SOURCE_FILE
107374182691,60129542184,SOURCE_FILE
107374182692,60129542184,SOURCE_FILE
107374182693,60129542184,SOURCE_FILE
107374182694,60129542184,SOURCE_FILE
107374182695,60129542185,SOURCE_FILE
107374182696,60129542185,SOURCE_FILE
107374182697,60129542185,SOURCE_FILE
107374182698,60129542185,SOURCE_FILE
107374182699,60129542186,SOURCE_FILE
107374182700,60129542187,SOURCE_FILE
107374182701,60129542187,SOURCE_FILE
107374182702,60129542187,SOURCE_FILE
107374182703,60129542187,SOURCE_FILE
107374182704,60129542187,SOURCE_FILE
107374182705,60129542187,SOURCE_FILE
107374182706,60129542187,SOURCE_FILE
107374182707,60129542187,SOURCE_FILE
107374182708,60129542187,SOURCE_FILE
107374182709,60129542187,SOURCE_FILE
107374182710,60129542187,SOURCE_FILE
107374182711,60129542187,SOURCE_FILE
107374182712,60129542187,SOURCE_FILE
107374182713,60129542187,SOURCE_FILE
107374182714,60129542187,SOURCE_FILE
107374182715,60129542187,SOURCE_FILE
107374182716,60129542187,SOURCE_FILE
107374182717,60129542187,SOURCE_FILE
107374182718,60129542187,SOURCE_FILE
107374182719,60129542187,SOURCE_FILE
107374182720,60129542187,SOURCE_FILE
107374182721,60129542187,SOURCE_FILE
107374182722,60129542187,SOURCE_FILE
107374182723,60129542188,SOURCE_FILE
107374182724,60129542188,SOURCE_FILE
107374182725,60129542188,SOURCE_FILE
107374182726,60129542188,SOURCE_FILE
107374182727,60129542188,SOURCE_FILE
107374182728,60129542188,SOURCE_FILE
107374182729,60129542188,SOURCE_FILE
107374182730,60129542188,SOURCE_FILE
107374182731,60129542188,SOURCE_FILE
107374182732,60129542188,SOURCE_FILE
107374182733,60129542189,SOURCE_FILE
107374182734,60129542189,SOURCE_FILE
107374182735,60129542189,SOURCE_FILE
107374182736,60129542189,SOURCE_FILE
107374182737,60129542189,SOURCE_FILE
107374182738,60129542189,SOURCE_FILE
107374182739,60129542189,SOURCE_FILE
107374182740,60129542189,SOURCE_FILE
107374182741,60129542190,SOURCE_FILE
107374182742,60129542190,SOURCE_FILE
107374182743,60129542190,SOURCE_FILE
107374182744,60129542190,SOURCE_FILE
107374182745,60129542190,SOURCE_FILE
107374182746,60129542190,SOURCE_FILE
107374182747,60129542191,SOURCE_FILE
107374182748,60129542191,SOURCE_FILE
107374182749,60129542191,SOURCE_FILE
107374182750,60129542191,SOURCE_FILE
107374182751,60129542192,SOURCE_FILE
107374182752,60129542192,SOURCE_FILE
107374182753,60129542192,SOURCE_FILE
107374182754,60129542192,SOURCE_FILE
107374182755,60129542192,SOURCE_FILE
107374182756,60129542192,SOURCE_FILE
107374182757,60129542193,SOURCE_FILE
107374182758,60129542193,SOURCE_FILE
107374182759,60129542193,SOURCE_FILE
107374182760,60129542193,SOURCE_FILE
107374182761,60129542193,SOURCE_FILE
107374182762,60129542193,SOURCE_FILE
107374182763,60129542193,SOURCE_FILE
107374182764,60129542193,SOURCE_FILE
107374182765,60129542193,SOURCE_FILE
107374182766,60129542193,SOURCE_FILE
107374182767,60129542193,SOURCE_FILE
107374182768,60129542193,SOURCE_FILE
107374182769,60129542193,SOURCE_FILE
107374182770,60129542193,SOURCE_FILE
107374182771,60129542193,SOURCE_FILE
107374182772,60129542194,SOURCE_FILE
107374182773,60129542194,SOURCE_FILE
107374182774,60129542194,SOURCE_FILE
107374182775,60129542194,SOURCE_FILE
107374182776,60129542194,SOURCE_FILE
107374182777,60129542194,SOURCE_FILE
107374182778,60129542194,SOURCE_FILE
107374182779,60129542194,SOURCE_FILE
107374182780,60129542194,SOURCE_FILE
107374182781,60129542194,SOURCE_FILE
107374182782,60129542195,SOURCE_FILE
107374182783,60129542195,SOURCE_FILE
107374182784,60129542195,SOURCE_FILE
107374182785,60129542195,SOURCE_FILE
107374182786,60129542195,SOURCE_FILE
107374182787,60129542195,SOURCE_FILE
107374182788,60129542195,SOURCE_FILE
107374182789,60129542195,SOURCE_FILE
107374182790,60129542195,SOURCE_FILE
107374182791,60129542195,SOURCE_FILE
107374182792,60129542196,SOURCE_FILE
107374182793,60129542197,SOURCE_FILE
107374182794,60129542197,SOURCE_FILE
107374182795,60129542197,SOURCE_FILE
107374182796,60129542197,SOURCE_FILE
107374182797,60129542197,SOURCE_FILE
107374182798,60129542197,SOURCE_FILE
107374182799,60129542197,SOURCE_FILE
107374182800,60129542197,SOURCE_FILE
107374182801,60129542197,SOURCE_FILE
107374182802,60129542197,SOURCE_FILE
107374182803,60129542198,SOURCE_FILE
107374182804,60129542198,SOURCE_FILE
107374182805,60129542198,SOURCE_FILE
107374182806,60129542198,SOURCE_FILE
107374182807,60129542198,SOURCE_FILE
107374182808,60129542199,SOURCE_FILE
107374182809,60129542199,SOURCE_FILE
107374182810,60129542199,SOURCE_FILE
107374182811,60129542199,SOURCE_FILE
107374182812,60129542199,SOURCE_FILE
107374182813,60129542199,SOURCE_FILE
107374182814,60129542199,SOURCE_FILE
107374182815,60129542199,SOURCE_FILE
107374182816,60129542199,SOURCE_FILE
107374182817,60129542199,SOURCE_FILE
107374182818,60129542200,SOURCE_FILE
107374182819,60129542200,SOURCE_FILE
107374182820,60129542200,SOURCE_FILE
107374182821,60129542200,SOURCE_FILE
107374182822,60129542200,SOURCE_FILE
107374182823,60129542200,SOURCE_FILE
107374182824,60129542200,SOURCE_FILE
107374182825,60129542201,SOURCE_FILE
107374182826,60129542201,SOURCE_FILE
107374182827,60129542201,SOURCE_FILE
107374182828,60129542201,SOURCE_FILE
107374182829,60129542201,SOURCE_FILE
107374182830,60129542201,SOURCE_FILE
107374182831,60129542202,SOURCE_FILE
107374182832,60129542202,SOURCE_FILE
107374182833,60129542202,SOURCE_FILE
107374182834,60129542202,SOURCE_FILE
107374182835,60129542202,SOURCE_FILE
107374182836,60129542202,SOURCE_FILE
107374182837,60129542202,SOURCE_FILE
107374182838,60129542203,SOURCE_FILE
107374182839,60129542203,SOURCE_FILE
107374182840,60129542203,SOURCE_FILE
107374182841,60129542203,SOURCE_FILE
107374182842,60129542203,SOURCE_FILE
107374182843,60129542203,SOURCE_FILE
107374182844,60129542204,SOURCE_FILE
107374182845,60129542204,SOURCE_FILE
107374182846,60129542204,SOURCE_FILE
107374182847,60129542204,SOURCE_FILE
107374182848,60129542204,SOURCE_FILE
107374182849,60129542204,SOURCE_FILE
107374182850,60129542204,SOURCE_FILE
107374182851,60129542204,SOURCE_FILE
107374182852,60129542204,SOURCE_FILE
107374182853,60129542205,SOURCE_FILE
107374182854,60129542205,SOURCE_FILE
107374182855,60129542205,SOURCE_FILE
107374182856,60129542205,SOURCE_FILE
107374182857,60129542206,SOURCE_FILE
107374182858,60129542206,SOURCE_FILE
107374182859,60129542206,SOURCE_FILE
107374182860,60129542206,SOURCE_FILE
107374182861,60129542206,SOURCE_FILE
107374182862,60129542206,SOURCE_FILE
107374182863,60129542207,SOURCE_FILE
107374182864,60129542207,SOURCE_FILE
107374182865,60129542207,SOURCE_FILE
107374182866,60129542207,SOURCE_FILE
107374182867,60129542207,SOURCE_FILE
107374182868,60129542207,SOURCE_FILE
107374182869,60129542208,SOURCE_FILE
107374182870,60129542208,SOURCE_FILE
107374182871,60129542208,SOURCE_FILE
107374182872,60129542208,SOURCE_FILE
107374182873,60129542208,SOURCE_FILE
107374182874,60129542208,SOURCE_FILE
107374182875,60129542208,SOURCE_FILE
107374182876,60129542208,SOURCE_FILE
107374182877,60129542209,SOURCE_FILE
107374182878,60129542209,SOURCE_FILE
107374182879,60129542209,SOURCE_FILE
107374182880,60129542209,SOURCE_FILE
107374182881,60129542210,SOURCE_FILE
107374182882,60129542210,SOURCE_FILE
107374182883,60129542210,SOURCE_FILE
107374182884,60129542210,SOURCE_FILE
107374182885,60129542210,SOURCE_FILE
107374182886,60129542211,SOURCE_FILE
107374182887,60129542211,SOURCE_FILE
107374182888,60129542211,SOURCE_FILE
107374182889,60129542211,SOURCE_FILE
107374182890,60129542211,SOURCE_FILE
107374182891,60129542211,SOURCE_FILE
107374182892,60129542212,SOURCE_FILE
107374182893,60129542212,SOURCE_FILE
107374182894,60129542212,SOURCE_FILE
107374182895,60129542212,SOURCE_FILE
107374182896,60129542212,SOURCE_FILE
107374182897,60129542212,SOURCE_FILE
107374182898,60129542212,SOURCE_FILE
107374182899,60129542212,SOURCE_FILE
107374182900,60129542213,SOURCE_FILE
107374182901,60129542213,SOURCE_FILE
107374182902,60129542213,SOURCE_FILE
107374182903,60129542213,SOURCE_FILE
107374182904,60129542214,SOURCE_FILE
107374182905,60129542214,SOURCE_FILE
107374182906,60129542214,SOURCE_FILE
107374182907,60129542214,SOURCE_FILE
107374182908,60129542214,SOURCE_FILE
107374182909,60129542214,SOURCE_FILE
107374182910,60129542215,SOURCE_FILE
107374182911,60129542215,SOURCE_FILE
107374182912,60129542215,SOURCE_FILE
107374182913,60129542215,SOURCE_FILE
107374182914,60129542215,SOURCE_FILE
107374182915,60129542215,SOURCE_FILE
107374182916,60129542216,SOURCE_FILE
107374182917,60129542216,SOURCE_FILE
107374182918,60129542216,SOURCE_FILE
107374182919,60129542216,SOURCE_FILE
107374182920,60129542216,SOURCE_FILE
107374182921,60129542216,SOURCE_FILE
107374182922,60129542217,SOURCE_FILE
107374182923,60129542217,SOURCE_FILE
107374182924,60129542217,SOURCE_FILE
107374182925,60129542217,SOURCE_FILE
107374182926,60129542217,SOURCE_FILE
107374182927,60129542217,SOURCE_FILE
107374182928,60129542217,SOURCE_FILE
107374182929,60129542217,SOURCE_FILE
107374182930,60129542217,SOURCE_FILE
107374182931,60129542217,SOURCE_FILE
107374182932,60129542218,SOURCE_FILE
107374182933,60129542218,SOURCE_FILE
107374182934,60129542218,SOURCE_FILE
107374182935,60129542218,SOURCE_FILE
107374182936,60129542218,SOURCE_FILE
107374182937,60129542218,SOURCE_FILE
107374182938,60129542218,SOURCE_FILE
107374182939,60129542218,SOURCE_FILE
107374182940,60129542218,SOURCE_FILE
107374182941,60129542218,SOURCE_FILE
107374182942,60129542219,SOURCE_FILE
107374182943,60129542220,SOURCE_FILE
107374182944,60129542220,SOURCE_FILE
107374182945,60129542220,SOURCE_FILE
107374182946,60129542220,SOURCE_FILE
107374182947,60129542220,SOURCE_FILE
107374182948,60129542220,SOURCE_FILE
107374182949,60129542220,SOURCE_FILE
107374182950,60129542220,SOURCE_FILE
107374182951,60129542220,SOURCE_FILE
107374182952,60129542220,SOURCE_FILE
107374182953,60129542221,SOURCE_FILE
107374182954,60129542221,SOURCE_FILE
107374182955,60129542221,SOURCE_FILE
107374182956,60129542222,SOURCE_FILE
107374182957,60129542222,SOURCE_FILE
107374182958,60129542222,SOURCE_FILE
107374182959,60129542222,SOURCE_FILE
107374182960,60129542222,SOURCE_FILE
107374182961,60129542222,SOURCE_FILE
107374182962,60129542222,SOURCE_FILE
107374182963,60129542223,SOURCE_FILE
107374182964,60129542223,SOURCE_FILE
107374182965,60129542223,SOURCE_FILE
107374182966,60129542223,SOURCE_FILE
107374182967,60129542223,SOURCE_FILE
107374182968,60129542224,SOURCE_FILE
107374182969,60129542224,SOURCE_FILE
107374182970,60129542224,SOURCE_FILE
107374182971,60129542224,SOURCE_FILE
107374182972,60129542224,SOURCE_FILE
107374182973,60129542224,SOURCE_FILE
107374182974,60129542224,SOURCE_FILE
107374182975,60129542224,SOURCE_FILE
107374182976,60129542224,SOURCE_FILE
107374182977,60129542224,SOURCE_FILE
107374182978,60129542224,SOURCE_FILE
107374182979,60129542224,SOURCE_FILE
107374182980,60129542225,SOURCE_FILE
107374182981,60129542225,SOURCE_FILE
107374182982,60129542225,SOURCE_FILE
107374182983,60129542225,SOURCE_FILE
107374182984,60129542225,SOURCE_FILE
107374182985,60129542225,SOURCE_FILE
107374182986,60129542225,SOURCE_FILE
137438953472,60129542144,SOURCE_FILE
137438953473,60129542145,SOURCE_FILE
137438953474,60129542146,SOURCE_FILE
137438953475,60129542147,SOURCE_FILE
137438953476,60129542148,SOURCE_FILE
137438953477,60129542149,SOURCE_FILE
137438953478,60129542150,SOURCE_FILE
137438953479,60129542151,SOURCE_FILE
137438953480,60129542152,SOURCE_FILE
137438953481,60129542153,SOURCE_FILE
137438953482,60129542154,SOURCE_FILE
137438953483,60129542155,SOURCE_FILE
137438953484,60129542156,SOURCE_FILE
137438953485,60129542157,SOURCE_FILE
137438953486,60129542158,SOURCE_FILE
137438953487,60129542159,SOURCE_FILE
137438953488,60129542160,SOURCE_FILE
137438953489,60129542161,SOURCE_FILE
137438953490,60129542162,SOURCE_FILE
137438953491,60129542163,SOURCE_FILE
137438953492,60129542164,SOURCE_FILE
137438953493,60129542165,SOURCE_FILE
137438953494,60129542166,SOURCE_FILE
137438953495,60129542167,SOURCE_FILE
137438953496,60129542168,SOURCE_FILE
137438953497,60129542169,SOURCE_FILE
137438953498,60129542170,SOURCE_FILE
137438953499,60129542171,SOURCE_FILE
137438953500,60129542172,SOURCE_FILE
137438953501,60129542173,SOURCE_FILE
137438953502,60129542174,SOURCE_FILE
137438953503,60129542175,SOURCE_FILE
137438953504,60129542176,SOURCE_FILE
137438953505,60129542177,SOURCE_FILE
137438953506,60129542178,SOURCE_FILE
137438953507,60129542179,SOURCE_FILE
137438953508,60129542180,SOURCE_FILE
137438953509,60129542181,SOURCE_FILE
137438953510,60129542182,SOURCE_FILE
137438953511,60129542183,SOURCE_FILE
137438953512,60129542184,SOURCE_FILE
137438953513,60129542185,SOURCE_FILE
137438953514,60129542186,SOURCE_FILE
137438953515,60129542187,SOURCE_FILE
137438953516,60129542188,SOURCE_FILE
137438953517,60129542189,SOURCE_FILE
137438953518,60129542190,SOURCE_FILE
137438953519,60129542191,SOURCE_FILE
137438953520,60129542192,SOURCE_FILE
137438953521,60129542193,SOURCE_FILE
137438953522,60129542194,SOURCE_FILE
137438953523,60129542195,SOURCE_FILE
137438953524,60129542196,SOURCE_FILE
137438953525,60129542197,SOURCE_FILE
137438953526,60129542198,SOURCE_FILE
137438953527,60129542199,SOURCE_FILE
137438953528,60129542200,SOURCE_FILE
137438953529,60129542201,SOURCE_FILE
137438953530,60129542202,SOURCE_FILE
137438953531,60129542203,SOURCE_FILE
137438953532,60129542204,SOURCE_FILE
137438953533,60129542205,SOURCE_FILE
137438953534,60129542206,SOURCE_FILE
137438953535,60129542207,SOURCE_FILE
137438953536,60129542208,SOURCE_FILE
137438953537,60129542209,SOURCE_FILE
137438953538,60129542210,SOURCE_FILE
137438953539,60129542211,SOURCE_FILE
137438953540,60129542212,SOURCE_FILE
137438953541,60129542213,SOURCE_FILE
137438953542,60129542214,SOURCE_FILE
137438953543,60129542215,SOURCE_FILE
137438953544,60129542216,SOURCE_FILE
137438953545,60129542217,SOURCE_FILE
137438953546,60129542218,SOURCE_FILE
137438953547,60129542219,SOURCE_FILE
137438953548,60129542220,SOURCE_FILE
137438953549,60129542221,SOURCE_FILE
137438953550,60129542222,SOURCE_FILE
137438953551,60129542223,SOURCE_FILE
137438953552,60129542224,SOURCE_FILE
137438953553,60129542225,SOURCE_FILE
167503724544,60129542144,SOURCE_FILE
167503724545,60129542144,SOURCE_FILE
167503724546,60129542144,SOURCE_FILE
167503724547,60129542144,SOURCE_FILE
167503724548,60129542144,SOURCE_FILE
167503724549,60129542144,SOURCE_FILE
167503724550,60129542144,SOURCE_FILE
167503724551,60129542144,SOURCE_FILE
167503724552,60129542144,SOURCE_FILE
167503724553,60129542144,SOURCE_FILE
167503724554,60129542144,SOURCE_FILE
167503724555,60129542144,SOURCE_FILE
167503724556,60129542145,SOURCE_FILE
167503724557,60129542145,SOURCE_FILE
167503724558,60129542145,SOURCE_FILE
167503724559,60129542145,SOURCE_FILE
167503724560,60129542146,SOURCE_FILE
167503724561,60129542146,SOURCE_FILE
167503724562,60129542146,SOURCE_FILE
167503724563,60129542146,SOURCE_FILE
167503724564,60129542146,SOURCE_FILE
167503724565,60129542146,SOURCE_FILE
167503724566,60129542146,SOURCE_FILE
167503724567,60129542146,SOURCE_FILE
167503724568,60129542146,SOURCE_FILE
167503724569,60129542146,SOURCE_FILE
167503724570,60129542146,SOURCE_FILE
167503724571,60129542146,SOURCE_FILE
167503724572,60129542146,SOURCE_FILE
167503724573,60129542146,SOURCE_FILE
167503724574,60129542146,SOURCE_FILE
167503724575,60129542146,SOURCE_FILE
167503724576,60129542146,SOURCE_FILE
167503724577,60129542146,SOURCE_FILE
167503724578,60129542147,SOURCE_FILE
167503724579,60129542147,SOURCE_FILE
167503724580,60129542147,SOURCE_FILE
167503724581,60129542147,SOURCE_FILE
167503724582,60129542147,SOURCE_FILE
167503724583,60129542147,SOURCE_FILE
167503724584,60129542147,SOURCE_FILE
167503724585,60129542147,SOURCE_FILE
167503724586,60129542147,SOURCE_FILE
167503724587,60129542147,SOURCE_FILE
167503724588,60129542147,SOURCE_FILE
167503724589,60129542147,SOURCE_FILE
167503724590,60129542148,SOURCE_FILE
167503724591,60129542148,SOURCE_FILE
167503724592,60129542148,SOURCE_FILE
167503724593,60129542148,SOURCE_FILE
167503724594,60129542148,SOURCE_FILE
167503724595,60129542149,SOURCE_FILE
167503724596,60129542149,SOURCE_FILE
167503724597,60129542149,SOURCE_FILE
167503724598,60129542150,SOURCE_FILE
167503724599,60129542150,SOURCE_FILE
167503724600,60129542150,SOURCE_FILE
167503724601,60129542150,SOURCE_FILE
167503724602,60129542150,SOURCE_FILE
167503724603,60129542151,SOURCE_FILE
167503724604,60129542151,SOURCE_FILE
167503724605,60129542151,SOURCE_FILE
167503724606,60129542151,SOURCE_FILE
167503724607,60129542151,SOURCE_FILE
167503724608,60129542151,SOURCE_FILE
167503724609,60129542151,SOURCE_FILE
167503724610,60129542151,SOURCE_FILE
167503724611,60129542151,SOURCE_FILE
167503724612,60129542151,SOURCE_FILE
167503724613,60129542151,SOURCE_FILE
167503724614,60129542151,SOURCE_FILE
167503724615,60129542151,SOURCE_FILE
167503724616,60129542151,SOURCE_FILE
167503724617,60129542151,SOURCE_FILE
167503724618,60129542151,SOURCE_FILE
167503724619,60129542151,SOURCE_FILE
167503724620,60129542151,SOURCE_FILE
167503724621,60129542151,SOURCE_FILE
167503724622,60129542151,SOURCE_FILE
167503724623,60129542151,SOURCE_FILE
167503724624,60129542151,SOURCE_FILE
167503724625,60129542151,SOURCE_FILE
167503724626,60129542151,SOURCE_FILE
167503724627,60129542151,SOURCE_FILE
167503724628,60129542151,SOURCE_FILE
167503724629,60129542152,SOURCE_FILE
167503724630,60129542152,SOURCE_FILE
167503724631,60129542152,SOURCE_FILE
167503724632,60129542152,SOURCE_FILE
167503724633,60129542153,SOURCE_FILE
167503724634,60129542153,SOURCE_FILE
167503724635,60129542153,SOURCE_FILE
167503724636,60129542153,SOURCE_FILE
167503724637,60129542154,SOURCE_FILE
167503724638,60129542154,SOURCE_FILE
167503724639,60129542154,SOURCE_FILE
167503724640,60129542154,SOURCE_FILE
167503724641,60129542155,SOURCE_FILE
167503724642,60129542155,SOURCE_FILE
167503724643,60129542156,SOURCE_FILE
167503724644,60129542156,SOURCE_FILE
167503724645,60129542157,SOURCE_FILE
167503724646,60129542157,SOURCE_FILE
167503724647,60129542157,SOURCE_FILE
167503724648,60129542157,SOURCE_FILE
167503724649,60129542157,SOURCE_FILE
167503724650,60129542158,SOURCE_FILE
167503724651,60129542158,SOURCE_FILE
167503724652,60129542159,SOURCE_FILE
167503724653,60129542159,SOURCE_FILE
167503724654,60129542159,SOURCE_FILE
167503724655,60129542159,SOURCE_FILE
167503724656,60129542159,SOURCE_FILE
167503724657,60129542159,SOURCE_FILE
167503724658,60129542159,SOURCE_FILE
167503724659,60129542159,SOURCE_FILE
167503724660,60129542159,SOURCE_FILE
167503724661,60129542159,SOURCE_FILE
167503724662,60129542159,SOURCE_FILE
167503724663,60129542159,SOURCE_FILE
167503724664,60129542159,SOURCE_FILE
167503724665,60129542159,SOURCE_FILE
167503724666,60129542159,SOURCE_FILE
167503724667,60129542159,SOURCE_FILE
167503724668,60129542159,SOURCE_FILE
167503724669,60129542159,SOURCE_FILE
167503724670,60129542159,SOURCE_FILE
167503724671,60129542159,SOURCE_FILE
167503724672,60129542159,SOURCE_FILE
167503724673,60129542159,SOURCE_FILE
167503724674,60129542159,SOURCE_FILE
167503724675,60129542159,SOURCE_FILE
167503724676,60129542159,SOURCE_FILE
167503724677,60129542159,SOURCE_FILE
167503724678,60129542159,SOURCE_FILE
167503724679,60129542159,SOURCE_FILE
167503724680,60129542159,SOURCE_FILE
167503724681,60129542159,SOURCE_FILE
167503724682,60129542159,SOURCE_FILE
167503724683,60129542160,SOURCE_FILE
167503724684,60129542160,SOURCE_FILE
167503724685,60129542160,SOURCE_FILE
167503724686,60129542160,SOURCE_FILE
167503724687,60129542160,SOURCE_FILE
167503724688,60129542161,SOURCE_FILE
167503724689,60129542161,SOURCE_FILE
167503724690,60129542162,SOURCE_FILE
167503724691,60129542163,SOURCE_FILE
167503724692,60129542163,SOURCE_FILE
167503724693,60129542163,SOURCE_FILE
167503724694,60129542164,SOURCE_FILE
167503724695,60129542165,SOURCE_FILE
167503724696,60129542165,SOURCE_FILE
167503724697,60129542165,SOURCE_FILE
167503724698,60129542166,SOURCE_FILE
167503724699,60129542166,SOURCE_FILE
167503724700,60129542166,SOURCE_FILE
167503724701,60129542166,SOURCE_FILE
167503724702,60129542166,SOURCE_FILE
167503724703,60129542166,SOURCE_FILE
167503724704,60129542166,SOURCE_FILE
167503724705,60129542166,SOURCE_FILE
167503724706,60129542166,SOURCE_FILE
167503724707,60129542166,SOURCE_FILE
167503724708,60129542166,SOURCE_FILE
167503724709,60129542166,SOURCE_FILE
167503724710,60129542166,SOURCE_FILE
167503724711,60129542166,SOURCE_FILE
167503724712,60129542166,SOURCE_FILE
167503724713,60129542166,SOURCE_FILE
167503724714,60129542166,SOURCE_FILE
167503724715,60129542166,SOURCE_FILE
167503724716,60129542167,SOURCE_FILE
167503724717,60129542167,SOURCE_FILE
167503724718,60129542167,SOURCE_FILE
167503724719,60129542167,SOURCE_FILE
167503724720,60129542167,SOURCE_FILE
167503724721,60129542168,SOURCE_FILE
167503724722,60129542168,SOURCE_FILE
167503724723,60129542168,SOURCE_FILE
167503724724,60129542168,SOURCE_FILE
167503724725,60129542168,SOURCE_FILE
167503724726,60129542169,SOURCE_FILE
167503724727,60129542169,SOURCE_FILE
167503724728,60129542169,SOURCE_FILE
167503724729,60129542169,SOURCE_FILE
167503724730,60129542169,SOURCE_FILE
167503724731,60129542169,SOURCE_FILE
167503724732,60129542169,SOURCE_FILE
167503724733,60129542169,SOURCE_FILE
167503724734,60129542169,SOURCE_FILE
167503724735,60129542169,SOURCE_FILE
167503724736,60129542170,SOURCE_FILE
167503724737,60129542170,SOURCE_FILE
167503724738,60129542170,SOURCE_FILE
167503724739,60129542170,SOURCE_FILE
167503724740,60129542170,SOURCE_FILE
167503724741,60129542170,SOURCE_FILE
167503724742,60129542170,SOURCE_FILE
167503724743,60129542170,SOURCE_FILE
167503724744,60129542170,SOURCE_FILE
167503724745,60129542170,SOURCE_FILE
167503724746,60129542170,SOURCE_FILE
167503724747,60129542170,SOURCE_FILE
167503724748,60129542171,SOURCE_FILE
167503724749,60129542171,SOURCE_FILE
167503724750,60129542171,SOURCE_FILE
167503724751,60129542171,SOURCE_FILE
167503724752,60129542171,SOURCE_FILE
167503724753,60129542171,SOURCE_FILE
167503724754,60129542171,SOURCE_FILE
167503724755,60129542171,SOURCE_FILE
167503724756,60129542171,SOURCE_FILE
167503724757,60129542172,SOURCE_FILE
167503724758,60129542172,SOURCE_FILE
167503724759,60129542172,SOURCE_FILE
167503724760,60129542172,SOURCE_FILE
167503724761,60129542172,SOURCE_FILE
167503724762,60129542173,SOURCE_FILE
167503724763,60129542173,SOURCE_FILE
167503724764,60129542174,SOURCE_FILE
167503724765,60129542174,SOURCE_FILE
167503724766,60129542174,SOURCE_FILE
167503724767,60129542174,SOURCE_FILE
167503724768,60129542174,SOURCE_FILE
167503724769,60129542174,SOURCE_FILE
167503724770,60129542174,SOURCE_FILE
167503724771,60129542174,SOURCE_FILE
167503724772,60129542174,SOURCE_FILE
167503724773,60129542174,SOURCE_FILE
167503724774,60129542174,SOURCE_FILE
167503724775,60129542174,SOURCE_FILE
167503724776,60129542174,SOURCE_FILE
167503724777,60129542174,SOURCE_FILE
167503724778,60129542175,SOURCE_FILE
167503724779,60129542175,SOURCE_FILE
167503724780,60129542175,SOURCE_FILE
167503724781,60129542175,SOURCE_FILE
167503724782,60129542175,SOURCE_FILE
167503724783,60129542175,SOURCE_FILE
167503724784,60129542175,SOURCE_FILE
167503724785,60129542175,SOURCE_FILE
167503724786,60129542175,SOURCE_FILE
167503724787,60129542175,SOURCE_FILE
167503724788,60129542175,SOURCE_FILE
167503724789,60129542175,SOURCE_FILE
167503724790,60129542175,SOURCE_FILE
167503724791,60129542175,SOURCE_FILE
167503724792,60129542175,SOURCE_FILE
167503724793,60129542175,SOURCE_FILE
167503724794,60129542175,SOURCE_FILE
167503724795,60129542175,SOURCE_FILE
167503724796,60129542175,SOURCE_FILE
167503724797,60129542175,SOURCE_FILE
167503724798,60129542175,SOURCE_FILE
167503724799,60129542175,SOURCE_FILE
167503724800,60129542175,SOURCE_FILE
167503724801,60129542175,SOURCE_FILE
167503724802,60129542175,SOURCE_FILE
167503724803,60129542175,SOURCE_FILE
167503724804,60129542175,SOURCE_FILE
167503724805,60129542175,SOURCE_FILE
167503724806,60129542176,SOURCE_FILE
167503724807,60129542176,SOURCE_FILE
167503724808,60129542176,SOURCE_FILE
167503724809,60129542176,SOURCE_FILE
167503724810,60129542176,SOURCE_FILE
167503724811,60129542176,SOURCE_FILE
167503724812,60129542176,SOURCE_FILE
167503724813,60129542176,SOURCE_FILE
167503724814,60129542176,SOURCE_FILE
167503724815,60129542177,SOURCE_FILE
167503724816,60129542177,SOURCE_FILE
167503724817,60129542177,SOURCE_FILE
167503724818,60129542177,SOURCE_FILE
167503724819,60129542177,SOURCE_FILE
167503724820,60129542177,SOURCE_FILE
167503724821,60129542178,SOURCE_FILE
167503724822,60129542178,SOURCE_FILE
167503724823,60129542178,SOURCE_FILE
167503724824,60129542178,SOURCE_FILE
167503724825,60129542178,SOURCE_FILE
167503724826,60129542178,SOURCE_FILE
167503724827,60129542178,SOURCE_FILE
167503724828,60129542178,SOURCE_FILE
167503724829,60129542178,SOURCE_FILE
167503724830,60129542178,SOURCE_FILE
167503724831,60129542178,SOURCE_FILE
167503724832,60129542178,SOURCE_FILE
167503724833,60129542179,SOURCE_FILE
167503724834,60129542179,SOURCE_FILE
167503724835,60129542179,SOURCE_FILE
167503724836,60129542179,SOURCE_FILE
167503724837,60129542179,SOURCE_FILE
167503724838,60129542179,SOURCE_FILE
167503724839,60129542179,SOURCE_FILE
167503724840,60129542179,SOURCE_FILE
167503724841,60129542179,SOURCE_FILE
167503724842,60129542179,SOURCE_FILE
167503724843,60129542179,SOURCE_FILE
167503724844,60129542179,SOURCE_FILE
167503724845,60129542180,SOURCE_FILE
167503724846,60129542180,SOURCE_FILE
167503724847,60129542180,SOURCE_FILE
167503724848,60129542180,SOURCE_FILE
167503724849,60129542180,SOURCE_FILE
167503724850,60129542180,SOURCE_FILE
167503724851,60129542181,SOURCE_FILE
167503724852,60129542181,SOURCE_FILE
167503724853,60129542181,SOURCE_FILE
167503724854,60129542181,SOURCE_FILE
167503724855,60129542181,SOURCE_FILE
167503724856,60129542182,SOURCE_FILE
167503724857,60129542182,SOURCE_FILE
167503724858,60129542182,SOURCE_FILE
167503724859,60129542182,SOURCE_FILE
167503724860,60129542182,SOURCE_FILE
167503724861,60129542183,SOURCE_FILE
167503724862,60129542183,SOURCE_FILE
167503724863,60129542183,SOURCE_FILE
167503724864,60129542183,SOURCE_FILE
167503724865,60129542183,SOURCE_FILE
167503724866,60129542183,SOURCE_FILE
167503724867,60129542184,SOURCE_FILE
167503724868,60129542184,SOURCE_FILE
167503724869,60129542184,SOURCE_FILE
167503724870,60129542184,SOURCE_FILE
167503724871,60129542184,SOURCE_FILE
167503724872,60129542185,SOURCE_FILE
167503724873,60129542185,SOURCE_FILE
167503724874,60129542185,SOURCE_FILE
167503724875,60129542185,SOURCE_FILE
167503724876,60129542185,SOURCE_FILE
167503724877,60129542186,SOURCE_FILE
167503724878,60129542187,SOURCE_FILE
167503724879,60129542187,SOURCE_FILE
167503724880,60129542187,SOURCE_FILE
167503724881,60129542187,SOURCE_FILE
167503724882,60129542187,SOURCE_FILE
167503724883,60129542187,SOURCE_FILE
167503724884,60129542187,SOURCE_FILE
167503724885,60129542187,SOURCE_FILE
167503724886,60129542187,SOURCE_FILE
167503724887,60129542187,SOURCE_FILE
167503724888,60129542187,SOURCE_FILE
167503724889,60129542187,SOURCE_FILE
167503724890,60129542187,SOURCE_FILE
167503724891,60129542187,SOURCE_FILE
167503724892,60129542187,SOURCE_FILE
167503724893,60129542187,SOURCE_FILE
167503724894,60129542187,SOURCE_FILE
167503724895,60129542187,SOURCE_FILE
167503724896,60129542187,SOURCE_FILE
167503724897,60129542187,SOURCE_FILE
167503724898,60129542187,SOURCE_FILE
167503724899,60129542187,SOURCE_FILE
167503724900,60129542187,SOURCE_FILE
167503724901,60129542187,SOURCE_FILE
167503724902,60129542187,SOURCE_FILE
167503724903,60129542187,SOURCE_FILE
167503724904,60129542187,SOURCE_FILE
167503724905,60129542187,SOURCE_FILE
167503724906,60129542188,SOURCE_FILE
167503724907,60129542188,SOURCE_FILE
167503724908,60129542188,SOURCE_FILE
167503724909,60129542188,SOURCE_FILE
167503724910,60129542188,SOURCE_FILE
167503724911,60129542188,SOURCE_FILE
167503724912,60129542188,SOURCE_FILE
167503724913,60129542188,SOURCE_FILE
167503724914,60129542188,SOURCE_FILE
167503724915,60129542188,SOURCE_FILE
167503724916,60129542188,SOURCE_FILE
167503724917,60129542189,SOURCE_FILE
167503724918,60129542189,SOURCE_FILE
167503724919,60129542189,SOURCE_FILE
167503724920,60129542189,SOURCE_FILE
167503724921,60129542189,SOURCE_FILE
167503724922,60129542189,SOURCE_FILE
167503724923,60129542189,SOURCE_FILE
167503724924,60129542189,SOURCE_FILE
167503724925,60129542189,SOURCE_FILE
167503724926,60129542190,SOURCE_FILE
167503724927,60129542190,SOURCE_FILE
167503724928,60129542190,SOURCE_FILE
167503724929,60129542190,SOURCE_FILE
167503724930,60129542190,SOURCE_FILE
167503724931,60129542190,SOURCE_FILE
167503724932,60129542190,SOURCE_FILE
167503724933,60129542191,SOURCE_FILE
167503724934,60129542191,SOURCE_FILE
167503724935,60129542191,SOURCE_FILE
167503724936,60129542191,SOURCE_FILE
167503724937,60129542191,SOURCE_FILE
167503724938,60129542192,SOURCE_FILE
167503724939,60129542192,SOURCE_FILE
167503724940,60129542192,SOURCE_FILE
167503724941,60129542192,SOURCE_FILE
167503724942,60129542192,SOURCE_FILE
167503724943,60129542192,SOURCE_FILE
167503724944,60129542192,SOURCE_FILE
167503724945,60129542192,SOURCE_FILE
167503724946,60129542193,SOURCE_FILE
167503724947,60129542193,SOURCE_FILE
167503724948,60129542193,SOURCE_FILE
167503724949,60129542193,SOURCE_FILE
167503724950,60129542193,SOURCE_FILE
167503724951,60129542193,SOURCE_FILE
167503724952,60129542193,SOURCE_FILE
167503724953,60129542193,SOURCE_FILE
167503724954,60129542193,SOURCE_FILE
167503724955,60129542193,SOURCE_FILE
167503724956,60129542193,SOURCE_FILE
167503724957,60129542193,SOURCE_FILE
167503724958,60129542193,SOURCE_FILE
167503724959,60129542193,SOURCE_FILE
167503724960,60129542193,SOURCE_FILE
167503724961,60129542193,SOURCE_FILE
167503724962,60129542193,SOURCE_FILE
167503724963,60129542193,SOURCE_FILE
167503724964,60129542193,SOURCE_FILE
167503724965,60129542193,SOURCE_FILE
167503724966,60129542193,SOURCE_FILE
167503724967,60129542193,SOURCE_FILE
167503724968,60129542194,SOURCE_FILE
167503724969,60129542194,SOURCE_FILE
167503724970,60129542194,SOURCE_FILE
167503724971,60129542194,SOURCE_FILE
167503724972,60129542194,SOURCE_FILE
167503724973,60129542194,SOURCE_FILE
167503724974,60129542194,SOURCE_FILE
167503724975,60129542194,SOURCE_FILE
167503724976,60129542194,SOURCE_FILE
167503724977,60129542194,SOURCE_FILE
167503724978,60129542194,SOURCE_FILE
167503724979,60129542195,SOURCE_FILE
167503724980,60129542195,SOURCE_FILE
167503724981,60129542195,SOURCE_FILE
167503724982,60129542195,SOURCE_FILE
167503724983,60129542195,SOURCE_FILE
167503724984,60129542195,SOURCE_FILE
167503724985,60129542195,SOURCE_FILE
167503724986,60129542195,SOURCE_FILE
167503724987,60129542195,SOURCE_FILE
167503724988,60129542195,SOURCE_FILE
167503724989,60129542195,SOURCE_FILE
167503724990,60129542196,SOURCE_FILE
167503724991,60129542197,SOURCE_FILE
167503724992,60129542197,SOURCE_FILE
167503724993,60129542197,SOURCE_FILE
167503724994,60129542197,SOURCE_FILE
167503724995,60129542197,SOURCE_FILE
167503724996,60129542197,SOURCE_FILE
167503724997,60129542197,SOURCE_FILE
167503724998,60129542197,SOURCE_FILE
167503724999,60129542197,SOURCE_FILE
167503725000,60129542197,SOURCE_FILE
167503725001,60129542197,SOURCE_FILE
167503725002,60129542197,SOURCE_FILE
167503725003,60129542198,SOURCE_FILE
167503725004,60129542198,SOURCE_FILE
167503725005,60129542198,SOURCE_FILE
167503725006,60129542198,SOURCE_FILE
167503725007,60129542198,SOURCE_FILE
167503725008,60129542198,SOURCE_FILE
167503725009,60129542199,SOURCE_FILE
167503725010,60129542199,SOURCE_FILE
167503725011,60129542199,SOURCE_FILE
167503725012,60129542199,SOURCE_FILE
167503725013,60129542199,SOURCE_FILE
167503725014,60129542199,SOURCE_FILE
167503725015,60129542199,SOURCE_FILE
167503725016,60129542199,SOURCE_FILE
167503725017,60129542199,SOURCE_FILE
167503725018,60129542199,SOURCE_FILE
167503725019,60129542199,SOURCE_FILE
167503725020,60129542199,SOURCE_FILE
167503725021,60129542200,SOURCE_FILE
167503725022,60129542200,SOURCE_FILE
167503725023,60129542200,SOURCE_FILE
167503725024,60129542200,SOURCE_FILE
167503725025,60129542200,SOURCE_FILE
167503725026,60129542200,SOURCE_FILE
167503725027,60129542200,SOURCE_FILE
167503725028,60129542200,SOURCE_FILE
167503725029,60129542201,SOURCE_FILE
167503725030,60129542201,SOURCE_FILE
167503725031,60129542201,SOURCE_FILE
167503725032,60129542201,SOURCE_FILE
167503725033,60129542201,SOURCE_FILE
167503725034,60129542201,SOURCE_FILE
167503725035,60129542201,SOURCE_FILE
167503725036,60129542201,SOURCE_FILE
167503725037,60129542202,SOURCE_FILE
167503725038,60129542202,SOURCE_FILE
167503725039,60129542202,SOURCE_FILE
167503725040,60129542202,SOURCE_FILE
167503725041,60129542202,SOURCE_FILE
167503725042,60129542202,SOURCE_FILE
167503725043,60129542202,SOURCE_FILE
167503725044,60129542202,SOURCE_FILE
167503725045,60129542203,SOURCE_FILE
167503725046,60129542203,SOURCE_FILE
167503725047,60129542203,SOURCE_FILE
167503725048,60129542203,SOURCE_FILE
167503725049,60129542203,SOURCE_FILE
167503725050,60129542203,SOURCE_FILE
167503725051,60129542203,SOURCE_FILE
167503725052,60129542203,SOURCE_FILE
167503725053,60129542203,SOURCE_FILE
167503725054,60129542204,SOURCE_FILE
167503725055,60129542204,SOURCE_FILE
167503725056,60129542204,SOURCE_FILE
167503725057,60129542204,SOURCE_FILE
167503725058,60129542204,SOURCE_FILE
167503725059,60129542204,SOURCE_FILE
167503725060,60129542204,SOURCE_FILE
167503725061,60129542204,SOURCE_FILE
167503725062,60129542204,SOURCE_FILE
167503725063,60129542204,SOURCE_FILE
167503725064,60129542205,SOURCE_FILE
167503725065,60129542205,SOURCE_FILE
167503725066,60129542205,SOURCE_FILE
167503725067,60129542205,SOURCE_FILE
167503725068,60129542205,SOURCE_FILE
167503725069,60129542206,SOURCE_FILE
167503725070,60129542206,SOURCE_FILE
167503725071,60129542206,SOURCE_FILE
167503725072,60129542206,SOURCE_FILE
167503725073,60129542206,SOURCE_FILE
167503725074,60129542206,SOURCE_FILE
167503725075,60129542206,SOURCE_FILE
167503725076,60129542207,SOURCE_FILE
167503725077,60129542207,SOURCE_FILE
167503725078,60129542207,SOURCE_FILE
167503725079,60129542207,SOURCE_FILE
167503725080,60129542207,SOURCE_FILE
167503725081,60129542207,SOURCE_FILE
167503725082,60129542207,SOURCE_FILE
167503725083,60129542207,SOURCE_FILE
167503725084,60129542207,SOURCE_FILE
167503725085,60129542208,SOURCE_FILE
167503725086,60129542208,SOURCE_FILE
167503725087,60129542208,SOURCE_FILE
167503725088,60129542208,SOURCE_FILE
167503725089,60129542208,SOURCE_FILE
167503725090,60129542208,SOURCE_FILE
167503725091,60129542208,SOURCE_FILE
167503725092,60129542208,SOURCE_FILE
167503725093,60129542208,SOURCE_FILE
167503725094,60129542209,SOURCE_FILE
167503725095,60129542209,SOURCE_FILE
167503725096,60129542209,SOURCE_FILE
167503725097,60129542209,SOURCE_FILE
167503725098,60129542209,SOURCE_FILE
167503725099,60129542210,SOURCE_FILE
167503725100,60129542210,SOURCE_FILE
167503725101,60129542210,SOURCE_FILE
167503725102,60129542210,SOURCE_FILE
167503725103,60129542210,SOURCE_FILE
167503725104,60129542210,SOURCE_FILE
167503725105,60129542211,SOURCE_FILE
167503725106,60129542211,SOURCE_FILE
167503725107,60129542211,SOURCE_FILE
167503725108,60129542211,SOURCE_FILE
167503725109,60129542211,SOURCE_FILE
167503725110,60129542211,SOURCE_FILE
167503725111,60129542211,SOURCE_FILE
167503725112,60129542211,SOURCE_FILE
167503725113,60129542211,SOURCE_FILE
167503725114,60129542212,SOURCE_FILE
167503725115,60129542212,SOURCE_FILE
167503725116,60129542212,SOURCE_FILE
167503725117,60129542212,SOURCE_FILE
167503725118,60129542212,SOURCE_FILE
167503725119,60129542212,SOURCE_FILE
167503725120,60129542212,SOURCE_FILE
167503725121,60129542212,SOURCE_FILE
167503725122,60129542212,SOURCE_FILE
167503725123,60129542213,SOURCE_FILE
167503725124,60129542213,SOURCE_FILE
167503725125,60129542213,SOURCE_FILE
167503725126,60129542213,SOURCE_FILE
167503725127,60129542213,SOURCE_FILE
167503725128,60129542214,SOURCE_FILE
167503725129,60129542214,SOURCE_FILE
167503725130,60129542214,SOURCE_FILE
167503725131,60129542214,SOURCE_FILE
167503725132,60129542214,SOURCE_FILE
167503725133,60129542214,SOURCE_FILE
167503725134,60129542215,SOURCE_FILE
167503725135,60129542215,SOURCE_FILE
167503725136,60129542215,SOURCE_FILE
167503725137,60129542215,SOURCE_FILE
167503725138,60129542215,SOURCE_FILE
167503725139,60129542215,SOURCE_FILE
167503725140,60129542215,SOURCE_FILE
167503725141,60129542215,SOURCE_FILE
167503725142,60129542216,SOURCE_FILE
167503725143,60129542216,SOURCE_FILE
167503725144,60129542216,SOURCE_FILE
167503725145,60129542216,SOURCE_FILE
167503725146,60129542216,SOURCE_FILE
167503725147,60129542216,SOURCE_FILE
167503725148,60129542216,SOURCE_FILE
167503725149,60129542216,SOURCE_FILE
167503725150,60129542216,SOURCE_FILE
167503725151,60129542216,SOURCE_FILE
167503725152,60129542216,SOURCE_FILE
167503725153,60129542217,SOURCE_FILE
167503725154,60129542217,SOURCE_FILE
167503725155,60129542217,SOURCE_FILE
167503725156,60129542217,SOURCE_FILE
167503725157,60129542217,SOURCE_FILE
167503725158,60129542217,SOURCE_FILE
167503725159,60129542217,SOURCE_FILE
167503725160,60129542217,SOURCE_FILE
167503725161,60129542217,SOURCE_FILE
167503725162,60129542217,SOURCE_FILE
167503725163,60129542217,SOURCE_FILE
167503725164,60129542217,SOURCE_FILE
167503725165,60129542217,SOURCE_FILE
167503725166,60129542217,SOURCE_FILE
167503725167,60129542217,SOURCE_FILE
167503725168,60129542217,SOURCE_FILE
167503725169,60129542217,SOURCE_FILE
167503725170,60129542217,SOURCE_FILE
167503725171,60129542217,SOURCE_FILE
167503725172,60129542218,SOURCE_FILE
167503725173,60129542218,SOURCE_FILE
167503725174,60129542218,SOURCE_FILE
167503725175,60129542218,SOURCE_FILE
167503725176,60129542218,SOURCE_FILE
167503725177,60129542218,SOURCE_FILE
167503725178,60129542218,SOURCE_FILE
167503725179,60129542218,SOURCE_FILE
167503725180,60129542218,SOURCE_FILE
167503725181,60129542218,SOURCE_FILE
167503725182,60129542218,SOURCE_FILE
167503725183,60129542218,SOURCE_FILE
167503725184,60129542218,SOURCE_FILE
167503725185,60129542218,SOURCE_FILE
167503725186,60129542218,SOURCE_FILE
167503725187,60129542218,SOURCE_FILE
167503725188,60129542218,SOURCE_FILE
167503725189,60129542218,SOURCE_FILE
167503725190,60129542218,SOURCE_FILE
167503725191,60129542219,SOURCE_FILE
167503725192,60129542220,SOURCE_FILE
167503725193,60129542220,SOURCE_FILE
167503725194,60129542220,SOURCE_FILE
167503725195,60129542220,SOURCE_FILE
167503725196,60129542220,SOURCE_FILE
167503725197,60129542220,SOURCE_FILE
167503725198,60129542220,SOURCE_FILE
167503725199,60129542220,SOURCE_FILE
167503725200,60129542220,SOURCE_FILE
167503725201,60129542220,SOURCE_FILE
167503725202,60129542220,SOURCE_FILE
167503725203,60129542220,SOURCE_FILE
167503725204,60129542220,SOURCE_FILE
167503725205,60129542220,SOURCE_FILE
167503725206,60129542220,SOURCE_FILE
167503725207,60129542220,SOURCE_FILE
167503725208,60129542220,SOURCE_FILE
167503725209,60129542220,SOURCE_FILE
167503725210,60129542220,SOURCE_FILE
167503725211,60129542221,SOURCE_FILE
167503725212,60129542221,SOURCE_FILE
167503725213,60129542221,SOURCE_FILE
167503725214,60129542221,SOURCE_FILE
167503725215,60129542221,SOURCE_FILE
167503725216,60129542222,SOURCE_FILE
167503725217,60129542222,SOURCE_FILE
167503725218,60129542222,SOURCE_FILE
167503725219,60129542222,SOURCE_FILE
167503725220,60129542222,SOURCE_FILE
167503725221,60129542222,SOURCE_FILE
167503725222,60129542222,SOURCE_FILE
167503725223,60129542222,SOURCE_FILE
167503725224,60129542222,SOURCE_FILE
167503725225,60129542222,SOURCE_FILE
167503725226,60129542222,SOURCE_FILE
167503725227,60129542222,SOURCE_FILE
167503725228,60129542222,SOURCE_FILE
167503725229,60129542223,SOURCE_FILE
167503725230,60129542223,SOURCE_FILE
167503725231,60129542223,SOURCE_FILE
167503725232,60129542223,SOURCE_FILE
167503725233,60129542223,SOURCE_FILE
167503725234,60129542223,SOURCE_FILE
167503725235,60129542223,SOURCE_FILE
167503725236,60129542223,SOURCE_FILE
167503725237,60129542223,SOURCE_FILE
167503725238,60129542224,SOURCE_FILE
167503725239,60129542224,SOURCE_FILE
167503725240,60129542224,SOURCE_FILE
167503725241,60129542224,SOURCE_FILE
167503725242,60129542224,SOURCE_FILE
167503725243,60129542224,SOURCE_FILE
167503725244,60129542224,SOURCE_FILE
167503725245,60129542224,SOURCE_FILE
167503725246,60129542224,SOURCE_FILE
167503725247,60129542224,SOURCE_FILE
167503725248,60129542224,SOURCE_FILE
167503725249,60129542224,SOURCE_FILE
167503725250,60129542224,SOURCE_FILE
167503725251,60129542224,SOURCE_FILE
167503725252,60129542224,SOURCE_FILE
167503725253,60129542224,SOURCE_FILE
167503725254,60129542224,SOURCE_FILE
167503725255,60129542224,SOURCE_FILE
167503725256,60129542224,SOURCE_FILE
167503725257,60129542224,SOURCE_FILE
167503725258,60129542224,SOURCE_FILE
167503725259,60129542224,SOURCE_FILE
167503725260,60129542224,SOURCE_FILE
167503725261,60129542225,SOURCE_FILE
167503725262,60129542225,SOURCE_FILE
167503725263,60129542225,SOURCE_FILE
167503725264,60129542225,SOURCE_FILE
167503725265,60129542225,SOURCE_FILE
167503725266,60129542225,SOURCE_FILE
167503725267,60129542225,SOURCE_FILE
167503725268,60129542225,SOURCE_FILE
167503725269,60129542225,SOURCE_FILE
167503725270,60129542225,SOURCE_FILE
167503725271,60129542225,SOURCE_FILE
167503725272,60129542225,SOURCE_FILE
167503725273,60129542225,SOURCE_FILE
167503725274,60129542225,SOURCE_FILE
167503725275,60129542225,SOURCE_FILE
167503725276,60129542225,SOURCE_FILE
167503725277,60129542225,SOURCE_FILE
167503725278,60129542225,SOURCE_FILE
167503725279,60129542225,SOURCE_FILE
