167503724578,158913790205,ALIAS_OF
167503724582,158913790209,ALIAS_OF
167503724653,158913790291,ALIAS_OF
167503724666,158913790282,ALIAS_OF
167503724704,158913790331,ALIAS_OF
167503724708,158913790328,ALIAS_OF
167503724729,158913790357,ALIAS_OF
167503724880,158913790518,ALIAS_OF
167503724882,158913790520,ALIAS_OF
167503724948,158913790581,ALIAS_OF
167503724950,158913790583,ALIAS_OF
167503724952,158913790585,ALIAS_OF
167503725047,158913790675,ALIAS_OF
167503725078,158913790706,ALIAS_OF
167503725107,158913790735,ALIAS_OF
167503725261,158913790898,ALIAS_OF
167503725264,158913790901,ALIAS_OF
167503725267,158913790895,ALIAS_OF
167503725270,158913790907,ALIAS_OF
167503725273,158913790904,ALIAS_OF
167503725276,158913790910,ALIAS_OF
