47244640256,25769803781,TRY_BODY
47244640259,25769803784,TRY_BODY
47244640262,25769803792,TRY_BODY
47244640267,25769803804,TRY_BODY
47244640270,25769803812,TRY_BODY
47244640274,25769803823,TRY_BODY
47244640279,25769803833,TRY_BODY
47244640282,25769803853,TRY_BODY
47244640285,25769803860,TRY_BODY
47244640289,25769803869,TRY_BODY
47244640292,25769803880,TRY_BODY
47244640295,25769803889,TRY_BODY
47244640299,25769803902,TRY_BODY
47244640302,25769803911,TRY_BODY
47244640306,25769803924,TRY_BODY
47244640308,25769803929,TRY_BODY
47244640310,25769803934,TRY_BODY
47244640312,25769803939,TRY_BODY
47244640314,25769803944,TRY_BODY
47244640316,25769803949,TRY_BODY
47244640319,25769803956,TRY_BODY
47244640322,25769803965,TRY_BODY
47244640325,25769803974,TRY_BODY
47244640328,25769803983,TRY_BODY
47244640331,25769803992,TRY_BODY
47244640333,25769804000,TRY_BODY
47244640335,25769804002,TRY_BODY
47244640338,25769804031,TRY_BODY
47244640341,25769804054,TRY_BODY
47244640344,25769804074,TRY_BODY
47244640347,25769804081,TRY_BODY
47244640351,25769804090,TRY_BODY
47244640355,25769804100,TRY_BODY
47244640358,25769804113,TRY_BODY
47244640361,25769804120,TRY_BODY
47244640365,25769804133,TRY_BODY
47244640368,25769804140,TRY_BODY
47244640372,25769804149,TRY_BODY
47244640376,25769804158,TRY_BODY
47244640379,25769804171,TRY_BODY
47244640381,25769804175,TRY_BODY
47244640385,25769804184,TRY_BODY
47244640387,25769804188,TRY_BODY
47244640389,25769804192,TRY_BODY
47244640392,25769804199,TRY_BODY
47244640395,25769804210,TRY_BODY
47244640397,25769804212,TRY_BODY
47244640401,25769804221,TRY_BODY
47244640404,25769804229,TRY_BODY
47244640406,25769804235,TRY_BODY
47244640409,25769804242,TRY_BODY
47244640412,25769804268,TRY_BODY
47244640415,25769804276,TRY_BODY
47244640419,25769804286,TRY_BODY
47244640422,25769804300,TRY_BODY
47244640425,25769804308,TRY_BODY
47244640429,25769804318,TRY_BODY
47244640432,25769804332,TRY_BODY
47244640435,25769804340,TRY_BODY
47244640439,25769804350,TRY_BODY
47244640442,25769804362,TRY_BODY
47244640445,25769804368,TRY_BODY
47244640449,25769804379,TRY_BODY
47244640452,25769804391,TRY_BODY
47244640454,25769804395,TRY_BODY
47244640456,25769804398,TRY_BODY
47244640458,25769804403,TRY_BODY
47244640461,25769804408,TRY_BODY
47244640463,25769804411,TRY_BODY
47244640465,25769804415,TRY_BODY
47244640467,25769804419,TRY_BODY
47244640469,25769804424,TRY_BODY
47244640471,25769804428,TRY_BODY
47244640473,25769804432,TRY_BODY
47244640476,25769804437,TRY_BODY
47244640478,25769804442,TRY_BODY
47244640480,25769804445,TRY_BODY
47244640482,25769804449,TRY_BODY
47244640484,25769804453,TRY_BODY
47244640487,25769804460,TRY_BODY
47244640489,25769804464,TRY_BODY
47244640491,25769804468,TRY_BODY
47244640493,25769804472,TRY_BODY
47244640495,25769804475,TRY_BODY
47244640497,25769804478,TRY_BODY
47244640499,25769804481,TRY_BODY
47244640501,25769804484,TRY_BODY
47244640503,25769804487,TRY_BODY
47244640505,25769804531,TRY_BODY
47244640506,25769804532,TRY_BODY
47244640509,25769804548,TRY_BODY
47244640511,25769804558,TRY_BODY
47244640517,25769804571,TRY_BODY
47244640523,25769804582,TRY_BODY
47244640528,25769804599,TRY_BODY
47244640533,25769804614,TRY_BODY
47244640537,25769804635,TRY_BODY
47244640551,25769804652,TRY_BODY
47244640552,25769804678,TRY_BODY
47244640576,25769804694,TRY_BODY
47244640583,25769804714,TRY_BODY
47244640591,25769804756,TRY_BODY
47244640593,25769804760,TRY_BODY
47244640596,25769804767,TRY_BODY
47244640598,25769804771,TRY_BODY
47244640600,25769804775,TRY_BODY
47244640602,25769804782,TRY_BODY
47244640604,25769804790,TRY_BODY
47244640619,25769804932,TRY_BODY
47244640621,25769804949,TRY_BODY
47244640624,25769804955,TRY_BODY
47244640626,25769804960,TRY_BODY
47244640629,25769804971,TRY_BODY
47244640631,25769804977,TRY_BODY
47244640633,25769804982,TRY_BODY
47244640646,25769805001,TRY_BODY
47244640653,25769805009,TRY_BODY
47244640656,25769805015,TRY_BODY
47244640663,25769805023,TRY_BODY
47244640665,25769805026,TRY_BODY
47244640667,25769805029,TRY_BODY
47244640669,25769805038,TRY_BODY
47244640671,25769805044,TRY_BODY
47244640673,25769805049,TRY_BODY
47244640675,25769805054,TRY_BODY
47244640678,25769805060,TRY_BODY
47244640680,25769805065,TRY_BODY
47244640682,25769805070,TRY_BODY
47244640684,25769805075,TRY_BODY
47244640688,25769805086,TRY_BODY
47244640693,25769805092,TRY_BODY
47244640700,25769805105,TRY_BODY
47244640702,25769805108,TRY_BODY
47244640707,25769805129,TRY_BODY
47244640709,25769805135,TRY_BODY
47244640711,25769805139,TRY_BODY
47244640715,25769805148,TRY_BODY
47244640717,25769805162,TRY_BODY
47244640722,25769805170,TRY_BODY
47244640742,25769805237,TRY_BODY
47244640744,25769805241,TRY_BODY
47244640747,25769805248,TRY_BODY
47244640749,25769805252,TRY_BODY
47244640751,25769805256,TRY_BODY
47244640756,25769805265,TRY_BODY
47244640758,25769805271,TRY_BODY
47244640760,25769805279,TRY_BODY
47244640765,25769805299,TRY_BODY
47244640769,25769805309,TRY_BODY
47244640773,25769805337,TRY_BODY
47244640776,25769805348,TRY_BODY
47244640779,25769805354,TRY_BODY
47244640794,25769805399,TRY_BODY
47244640796,25769805403,TRY_BODY
47244640799,25769805410,TRY_BODY
47244640801,25769805414,TRY_BODY
47244640803,25769805418,TRY_BODY
47244640808,25769805427,TRY_BODY
47244640810,25769805433,TRY_BODY
47244640812,25769805441,TRY_BODY
47244640815,25769805452,TRY_BODY
47244640821,25769805484,TRY_BODY
47244640823,25769805487,TRY_BODY
47244640825,25769805490,TRY_BODY
47244640828,25769805497,TRY_BODY
47244640831,25769805523,TRY_BODY
47244640833,25769805526,TRY_BODY
47244640835,25769805528,TRY_BODY
47244640838,25769805536,TRY_BODY
47244640841,25769805542,TRY_BODY
47244640843,25769805548,TRY_BODY
47244640847,25769805562,TRY_BODY
47244640851,25769805566,TRY_BODY
47244640853,25769805574,TRY_BODY
47244640859,25769805605,TRY_BODY
47244640862,25769805611,TRY_BODY
47244640865,25769805616,TRY_BODY
47244640875,25769805638,TRY_BODY
47244640877,25769805643,TRY_BODY
47244640879,25769805646,TRY_BODY
47244640881,25769805650,TRY_BODY
47244640883,25769805654,TRY_BODY
47244640885,25769805660,TRY_BODY
47244640887,25769805672,TRY_BODY
47244640893,25769805694,TRY_BODY
47244640896,25769805699,TRY_BODY
47244640906,25769805720,TRY_BODY
47244640908,25769805725,TRY_BODY
47244640910,25769805728,TRY_BODY
47244640912,25769805732,TRY_BODY
47244640914,25769805738,TRY_BODY
47244640916,25769805750,TRY_BODY
47244640922,25769805770,TRY_BODY
47244640932,25769805791,TRY_BODY
47244640934,25769805796,TRY_BODY
47244640936,25769805799,TRY_BODY
47244640938,25769805803,TRY_BODY
47244640940,25769805809,TRY_BODY
47244640943,25769805821,TRY_BODY
47244640948,25769805847,TRY_BODY
47244640963,25769805877,TRY_BODY
