47244640257,25769803782,TRUE_BODY
47244640260,25769803790,TRUE_BODY
47244640263,25769803799,TRUE_BODY
47244640264,25769803800,TRUE_BODY
47244640265,25769803801,TRUE_BODY
47244640268,25769803810,TRUE_BODY
47244640271,25769803820,TRUE_BODY
47244640272,25769803821,TRUE_BODY
47244640275,25769803830,TRUE_BODY
47244640276,25769803831,TRUE_BODY
47244640278,25769803840,TRUE_BODY
47244640280,25769803844,TRUE_BODY
47244640283,25769803858,TRUE_BODY
47244640286,25769803866,TRUE_BODY
47244640287,25769803867,TRUE_BODY
47244640290,25769803873,TRUE_BODY
47244640293,25769803887,TRUE_BODY
47244640296,25769803899,TRUE_BODY
47244640297,25769803900,TRUE_BODY
47244640300,25769803909,TRUE_BODY
47244640303,25769803921,TRUE_BODY
47244640304,25769803922,TRUE_BODY
47244640317,25769803954,TRUE_BODY
47244640320,25769803962,TRUE_BODY
47244640323,25769803971,TRUE_BODY
47244640326,25769803980,TRUE_BODY
47244640329,25769803989,TRUE_BODY
47244640336,25769804008,TRUE_BODY
47244640339,25769804052,TRUE_BODY
47244640342,25769804068,TRUE_BODY
47244640345,25769804079,TRUE_BODY
47244640348,25769804087,TRUE_BODY
47244640349,25769804088,TRUE_BODY
47244640352,25769804097,TRUE_BODY
47244640353,25769804098,TRUE_BODY
47244640356,25769804105,TRUE_BODY
47244640359,25769804118,TRUE_BODY
47244640362,25769804126,TRUE_BODY
47244640363,25769804127,TRUE_BODY
47244640366,25769804138,TRUE_BODY
47244640369,25769804146,TRUE_BODY
47244640370,25769804147,TRUE_BODY
47244640373,25769804155,TRUE_BODY
47244640374,25769804156,TRUE_BODY
47244640377,25769804163,TRUE_BODY
47244640382,25769804181,TRUE_BODY
47244640383,25769804182,TRUE_BODY
47244640390,25769804197,TRUE_BODY
47244640393,25769804205,TRUE_BODY
47244640398,25769804218,TRUE_BODY
47244640399,25769804219,TRUE_BODY
47244640402,25769804227,TRUE_BODY
47244640407,25769804240,TRUE_BODY
47244640411,141733920821,TRUE_BODY
47244640413,25769804272,TRUE_BODY
47244640416,25769804281,TRUE_BODY
47244640417,25769804282,TRUE_BODY
47244640420,25769804290,TRUE_BODY
47244640423,25769804304,TRUE_BODY
47244640426,25769804313,TRUE_BODY
47244640427,25769804314,TRUE_BODY
47244640430,25769804322,TRUE_BODY
47244640433,25769804336,TRUE_BODY
47244640436,25769804345,TRUE_BODY
47244640437,25769804346,TRUE_BODY
47244640440,25769804354,TRUE_BODY
47244640443,25769804363,TRUE_BODY
47244640447,25769804371,TRUE_BODY
47244640448,25769804378,TRUE_BODY
47244640451,25769804383,TRUE_BODY
47244640475,25769804439,TRUE_BODY
47244640485,25769804457,TRUE_BODY
47244640513,141733920866,TRUE_BODY
47244640514,25769804567,TRUE_BODY
47244640515,25769804577,TRUE_BODY
47244640519,25769804573,TRUE_BODY
47244640520,25769804580,TRUE_BODY
47244640522,25769804589,TRUE_BODY
47244640527,25769804594,TRUE_BODY
47244640529,25769804601,TRUE_BODY
47244640531,25769804605,TRUE_BODY
47244640532,25769804621,TRUE_BODY
47244640534,25769804622,TRUE_BODY
47244640536,25769804634,TRUE_BODY
47244640539,25769804646,TRUE_BODY
47244640540,25769804647,TRUE_BODY
47244640541,25769804648,TRUE_BODY
47244640542,25769804649,TRUE_BODY
47244640543,25769804650,TRUE_BODY
47244640544,25769804655,TRUE_BODY
47244640545,25769804656,TRUE_BODY
47244640546,25769804657,TRUE_BODY
47244640547,25769804658,TRUE_BODY
47244640548,25769804659,TRUE_BODY
47244640549,25769804660,TRUE_BODY
47244640550,25769804661,TRUE_BODY
47244640554,25769804680,TRUE_BODY
47244640555,25769804681,TRUE_BODY
47244640556,25769804662,TRUE_BODY
47244640557,25769804663,TRUE_BODY
47244640558,25769804682,TRUE_BODY
47244640559,25769804683,TRUE_BODY
47244640560,25769804665,TRUE_BODY
47244640561,25769804684,TRUE_BODY
47244640562,25769804666,TRUE_BODY
47244640563,25769804667,TRUE_BODY
47244640564,25769804685,TRUE_BODY
47244640565,30064776450,TRUE_BODY
47244640566,25769804686,TRUE_BODY
47244640567,30064776466,TRUE_BODY
47244640568,25769804671,TRUE_BODY
47244640569,25769804672,TRUE_BODY
47244640570,25769804687,TRUE_BODY
47244640571,25769804688,TRUE_BODY
47244640572,25769804674,TRUE_BODY
47244640573,25769804689,TRUE_BODY
47244640575,25769804675,TRUE_BODY
47244640580,25769804706,TRUE_BODY
47244640581,25769804713,TRUE_BODY
47244640582,25769804708,TRUE_BODY
47244640584,25769804720,TRUE_BODY
47244640585,25769804721,TRUE_BODY
47244640587,25769804733,TRUE_BODY
47244640588,25769804738,TRUE_BODY
47244640589,25769804744,TRUE_BODY
47244640590,25769804749,TRUE_BODY
47244640594,25769804765,TRUE_BODY
47244640606,25769804802,TRUE_BODY
47244640607,25769804805,TRUE_BODY
47244640608,25769804869,TRUE_BODY
47244640609,25769804870,TRUE_BODY
47244640610,25769804887,TRUE_BODY
47244640611,25769804889,TRUE_BODY
47244640612,25769804891,TRUE_BODY
47244640613,25769804893,TRUE_BODY
47244640622,25769804953,TRUE_BODY
47244640627,25769804964,TRUE_BODY
47244640635,25769804991,TRUE_BODY
47244640637,25769804992,TRUE_BODY
47244640639,25769804988,TRUE_BODY
47244640640,25769804995,TRUE_BODY
47244640641,25769804998,TRUE_BODY
47244640643,25769804999,TRUE_BODY
47244640648,25769805006,TRUE_BODY
47244640650,25769805007,TRUE_BODY
47244640654,25769805013,TRUE_BODY
47244640658,25769805020,TRUE_BODY
47244640660,25769805021,TRUE_BODY
47244640676,25769805058,TRUE_BODY
47244640685,25769805078,TRUE_BODY
47244640686,25769805079,TRUE_BODY
47244640689,25769805089,TRUE_BODY
47244640690,141733920988,TRUE_BODY
47244640691,141733920989,TRUE_BODY
47244640695,47244640696,TRUE_BODY
47244640697,47244640698,TRUE_BODY
47244640704,141733920998,TRUE_BODY
47244640705,25769805120,TRUE_BODY
47244640706,25769805122,TRUE_BODY
47244640714,25769805154,TRUE_BODY
47244640719,25769805168,TRUE_BODY
47244640724,25769805191,TRUE_BODY
47244640725,25769805195,TRUE_BODY
47244640726,25769805196,TRUE_BODY
47244640727,25769805198,TRUE_BODY
47244640728,25769805206,TRUE_BODY
47244640729,25769805209,TRUE_BODY
47244640730,25769805215,TRUE_BODY
47244640731,141733921019,TRUE_BODY
47244640732,141733921020,TRUE_BODY
47244640733,141733921022,TRUE_BODY
47244640734,141733921023,TRUE_BODY
47244640735,141733921025,TRUE_BODY
47244640736,141733921026,TRUE_BODY
47244640737,141733921028,TRUE_BODY
47244640738,141733921029,TRUE_BODY
47244640739,25769805227,TRUE_BODY
47244640740,141733921035,TRUE_BODY
47244640741,141733921036,TRUE_BODY
47244640745,25769805246,TRUE_BODY
47244640752,25769805261,TRUE_BODY
47244640753,25769805262,TRUE_BODY
47244640755,141733921045,TRUE_BODY
47244640762,25769805294,TRUE_BODY
47244640763,25769805296,TRUE_BODY
47244640766,25769805305,TRUE_BODY
47244640770,25769805315,TRUE_BODY
47244640772,25769805328,TRUE_BODY
47244640774,25769805340,TRUE_BODY
47244640777,25769805349,TRUE_BODY
47244640782,25769805370,TRUE_BODY
47244640783,25769805381,TRUE_BODY
47244640784,25769805384,TRUE_BODY
47244640785,141733921073,TRUE_BODY
47244640786,141733921074,TRUE_BODY
47244640787,141733921076,TRUE_BODY
47244640788,141733921077,TRUE_BODY
47244640789,141733921079,TRUE_BODY
47244640790,141733921080,TRUE_BODY
47244640791,25769805392,TRUE_BODY
47244640792,141733921084,TRUE_BODY
47244640793,141733921085,TRUE_BODY
47244640797,25769805408,TRUE_BODY
47244640804,25769805423,TRUE_BODY
47244640805,25769805424,TRUE_BODY
47244640807,141733921094,TRUE_BODY
47244640818,25769805466,TRUE_BODY
47244640820,25769805483,TRUE_BODY
47244640827,25769805500,TRUE_BODY
47244640830,25769805514,TRUE_BODY
47244640837,25769805539,TRUE_BODY
47244640840,25769805545,TRUE_BODY
47244640849,25769805564,TRUE_BODY
47244640850,25769805565,TRUE_BODY
47244640855,25769805576,TRUE_BODY
47244640856,141733921137,TRUE_BODY
47244640857,25769805599,TRUE_BODY
47244640858,25769805600,TRUE_BODY
47244640861,25769805608,TRUE_BODY
47244640864,25769805614,TRUE_BODY
47244640867,25769805619,TRUE_BODY
47244640868,141733921144,TRUE_BODY
47244640869,25769805627,TRUE_BODY
47244640870,25769805628,TRUE_BODY
47244640871,141733921149,TRUE_BODY
47244640872,141733921150,TRUE_BODY
47244640873,141733921151,TRUE_BODY
47244640874,141733921152,TRUE_BODY
47244640888,25769805676,TRUE_BODY
47244640890,141733921159,TRUE_BODY
47244640891,25769805688,TRUE_BODY
47244640892,25769805689,TRUE_BODY
47244640895,25769805697,TRUE_BODY
47244640898,25769805702,TRUE_BODY
47244640899,141733921164,TRUE_BODY
47244640900,25769805710,TRUE_BODY
47244640901,25769805711,TRUE_BODY
47244640902,141733921169,TRUE_BODY
47244640903,141733921170,TRUE_BODY
47244640904,141733921171,TRUE_BODY
47244640905,141733921172,TRUE_BODY
47244640917,25769805753,TRUE_BODY
47244640919,141733921178,TRUE_BODY
47244640920,25769805764,TRUE_BODY
47244640921,25769805765,TRUE_BODY
47244640924,25769805773,TRUE_BODY
47244640925,141733921182,TRUE_BODY
47244640926,25769805781,TRUE_BODY
47244640927,25769805782,TRUE_BODY
47244640928,141733921187,TRUE_BODY
47244640929,141733921188,TRUE_BODY
47244640930,141733921189,TRUE_BODY
47244640931,141733921190,TRUE_BODY
47244640944,25769805824,TRUE_BODY
47244640946,25769805845,TRUE_BODY
47244640947,25769805846,TRUE_BODY
47244640950,25769805848,TRUE_BODY
47244640951,25769805849,TRUE_BODY
47244640952,25769805850,TRUE_BODY
47244640955,25769805854,TRUE_BODY
47244640957,25769805856,TRUE_BODY
47244640958,25769805857,TRUE_BODY
47244640959,25769805861,TRUE_BODY
47244640960,25769805869,TRUE_BODY
47244640961,25769805870,TRUE_BODY
47244640962,25769805874,TRUE_BODY
47244640965,25769805880,TRUE_BODY
47244640966,30064784945,TRUE_BODY
47244640967,30064784948,TRUE_BODY
47244640968,30064784951,TRUE_BODY
47244640969,30064784954,TRUE_BODY
47244640970,30064784957,TRUE_BODY
47244640971,30064784962,TRUE_BODY
47244640972,30064784965,TRUE_BODY
47244640973,30064784968,TRUE_BODY
47244640974,30064784971,TRUE_BODY
47244640975,30064784974,TRUE_BODY
47244640976,30064784979,TRUE_BODY
47244640977,30064784982,TRUE_BODY
47244640978,30064784985,TRUE_BODY
47244640979,30064784988,TRUE_BODY
47244640980,30064784991,TRUE_BODY
47244640981,30064784996,TRUE_BODY
47244640982,30064784999,TRUE_BODY
47244640983,30064785002,TRUE_BODY
47244640984,30064785005,TRUE_BODY
47244640985,30064785008,TRUE_BODY
47244640986,30064785025,TRUE_BODY
47244640987,30064785028,TRUE_BODY
47244640988,30064785031,TRUE_BODY
47244640989,30064785034,TRUE_BODY
47244640990,30064785037,TRUE_BODY
47244640991,30064785042,TRUE_BODY
47244640992,30064785045,TRUE_BODY
47244640993,30064785048,TRUE_BODY
47244640994,30064785051,TRUE_BODY
47244640995,30064785054,TRUE_BODY
47244640996,30064785059,TRUE_BODY
47244640997,30064785062,TRUE_BODY
47244640998,30064785065,TRUE_BODY
47244640999,30064785068,TRUE_BODY
47244641000,30064785071,TRUE_BODY
47244641001,30064785076,TRUE_BODY
47244641002,30064785079,TRUE_BODY
47244641003,30064785082,TRUE_BODY
47244641004,30064785085,TRUE_BODY
47244641005,30064785088,TRUE_BODY
47244641006,30064785105,TRUE_BODY
47244641007,30064785108,TRUE_BODY
47244641008,30064785111,TRUE_BODY
47244641009,30064785114,TRUE_BODY
47244641010,30064785117,TRUE_BODY
47244641011,30064785122,TRUE_BODY
47244641012,30064785125,TRUE_BODY
47244641013,30064785128,TRUE_BODY
47244641014,30064785131,TRUE_BODY
47244641015,30064785134,TRUE_BODY
47244641016,30064785139,TRUE_BODY
47244641017,30064785142,TRUE_BODY
47244641018,30064785145,TRUE_BODY
47244641019,30064785148,TRUE_BODY
47244641020,30064785151,TRUE_BODY
47244641021,30064785166,TRUE_BODY
47244641022,30064785169,TRUE_BODY
47244641023,30064785172,TRUE_BODY
47244641024,30064785175,TRUE_BODY
47244641025,30064785178,TRUE_BODY
47244641026,30064785183,TRUE_BODY
47244641027,30064785186,TRUE_BODY
47244641028,30064785189,TRUE_BODY
47244641029,30064785192,TRUE_BODY
47244641030,30064785195,TRUE_BODY
47244641031,30064785208,TRUE_BODY
47244641032,30064785211,TRUE_BODY
47244641033,30064785214,TRUE_BODY
47244641034,30064785217,TRUE_BODY
47244641035,30064785220,TRUE_BODY
47244641036,30064785225,TRUE_BODY
47244641037,30064785228,TRUE_BODY
47244641038,30064785231,TRUE_BODY
47244641039,30064785234,TRUE_BODY
47244641040,30064785237,TRUE_BODY
47244641041,30064785242,TRUE_BODY
47244641042,30064785245,TRUE_BODY
47244641043,30064785248,TRUE_BODY
47244641044,30064785251,TRUE_BODY
47244641045,30064785254,TRUE_BODY
47244641046,30064785259,TRUE_BODY
47244641047,30064785262,TRUE_BODY
47244641048,30064785265,TRUE_BODY
47244641049,30064785268,TRUE_BODY
47244641050,30064785271,TRUE_BODY
47244641051,30064785288,TRUE_BODY
47244641052,30064785291,TRUE_BODY
47244641053,30064785294,TRUE_BODY
47244641054,30064785297,TRUE_BODY
47244641055,30064785300,TRUE_BODY
47244641056,30064785305,TRUE_BODY
47244641057,30064785308,TRUE_BODY
47244641058,30064785311,TRUE_BODY
47244641059,30064785314,TRUE_BODY
47244641060,30064785317,TRUE_BODY
47244641061,30064785322,TRUE_BODY
47244641062,30064785325,TRUE_BODY
47244641063,30064785328,TRUE_BODY
47244641064,30064785331,TRUE_BODY
47244641065,30064785334,TRUE_BODY
