30064771072,73014444032,IS_CALL_FOR_IMPORT
30064771073,73014444033,IS_CALL_FOR_IMPORT
30064771074,73014444034,IS_CALL_FOR_IMPORT
30064771075,73014444035,IS_CALL_FOR_IMPORT
30064771076,73014444036,IS_CALL_FOR_IMPORT
30064771077,73014444037,IS_CALL_FOR_IMPORT
30064771078,73014444038,IS_CALL_FOR_IMPORT
30064771079,73014444039,IS_CALL_FOR_IMPORT
30064771080,73014444040,IS_CALL_FOR_IMPORT
30064771490,73014444041,IS_CALL_FOR_IMPORT
30064771491,73014444042,IS_CALL_FOR_IMPORT
30064771492,73014444043,IS_CALL_FOR_IMPORT
30064771493,73014444044,IS_CALL_FOR_IMPORT
30064771633,73014444045,IS_CALL_FOR_IMPORT
30064771634,73014444046,IS_CALL_FOR_IMPORT
30064771635,73014444047,IS_CALL_FOR_IMPORT
30064771636,73014444048,IS_CALL_FOR_IMPORT
30064771637,73014444049,IS_CALL_FOR_IMPORT
30064771638,73014444050,IS_CALL_FOR_IMPORT
30064771639,73014444051,IS_CALL_FOR_IMPORT
30064771640,73014444052,IS_CALL_FOR_IMPORT
30064771641,73014444053,IS_CALL_FOR_IMPORT
30064771642,73014444054,IS_CALL_FOR_IMPORT
30064771643,73014444055,IS_CALL_FOR_IMPORT
30064771644,73014444056,IS_CALL_FOR_IMPORT
30064771645,73014444057,IS_CALL_FOR_IMPORT
30064771646,73014444058,IS_CALL_FOR_IMPORT
30064771647,73014444059,IS_CALL_FOR_IMPORT
30064771648,73014444060,IS_CALL_FOR_IMPORT
30064771649,73014444061,IS_CALL_FOR_IMPORT
30064771650,73014444062,IS_CALL_FOR_IMPORT
30064771651,73014444063,IS_CALL_FOR_IMPORT
30064772531,73014444064,IS_CALL_FOR_IMPORT
30064772532,73014444065,IS_CALL_FOR_IMPORT
30064772533,73014444066,IS_CALL_FOR_IMPORT
30064772916,73014444067,IS_CALL_FOR_IMPORT
30064772917,73014444068,IS_CALL_FOR_IMPORT
30064772918,73014444069,IS_CALL_FOR_IMPORT
30064772919,73014444070,IS_CALL_FOR_IMPORT
30064773145,73014444071,IS_CALL_FOR_IMPORT
30064773146,73014444072,IS_CALL_FOR_IMPORT
30064773147,73014444073,IS_CALL_FOR_IMPORT
30064773148,73014444074,IS_CALL_FOR_IMPORT
30064773255,73014444075,IS_CALL_FOR_IMPORT
30064773256,73014444076,IS_CALL_FOR_IMPORT
30064773257,73014444077,IS_CALL_FOR_IMPORT
30064773258,73014444078,IS_CALL_FOR_IMPORT
30064773465,73014444079,IS_CALL_FOR_IMPORT
30064773466,73014444080,IS_CALL_FOR_IMPORT
30064773467,73014444081,IS_CALL_FOR_IMPORT
30064773468,73014444082,IS_CALL_FOR_IMPORT
30064773469,73014444083,IS_CALL_FOR_IMPORT
30064773470,73014444084,IS_CALL_FOR_IMPORT
30064773471,73014444085,IS_CALL_FOR_IMPORT
30064773472,73014444086,IS_CALL_FOR_IMPORT
30064773473,73014444087,IS_CALL_FOR_IMPORT
30064773474,73014444088,IS_CALL_FOR_IMPORT
30064773475,73014444089,IS_CALL_FOR_IMPORT
30064773476,73014444090,IS_CALL_FOR_IMPORT
30064773477,73014444091,IS_CALL_FOR_IMPORT
30064773904,73014444092,IS_CALL_FOR_IMPORT
30064773905,73014444093,IS_CALL_FOR_IMPORT
30064773906,73014444094,IS_CALL_FOR_IMPORT
30064773907,73014444095,IS_CALL_FOR_IMPORT
30064774080,73014444096,IS_CALL_FOR_IMPORT
30064774081,73014444097,IS_CALL_FOR_IMPORT
30064774082,73014444098,IS_CALL_FOR_IMPORT
30064774083,73014444099,IS_CALL_FOR_IMPORT
30064774253,73014444100,IS_CALL_FOR_IMPORT
30064774254,73014444101,IS_CALL_FOR_IMPORT
30064774255,73014444102,IS_CALL_FOR_IMPORT
30064774256,73014444103,IS_CALL_FOR_IMPORT
30064774426,73014444104,IS_CALL_FOR_IMPORT
30064774427,73014444105,IS_CALL_FOR_IMPORT
30064774501,73014444106,IS_CALL_FOR_IMPORT
30064774502,73014444107,IS_CALL_FOR_IMPORT
30064774503,73014444108,IS_CALL_FOR_IMPORT
30064774504,73014444109,IS_CALL_FOR_IMPORT
30064774545,73014444110,IS_CALL_FOR_IMPORT
30064774628,73014444111,IS_CALL_FOR_IMPORT
30064774629,73014444112,IS_CALL_FOR_IMPORT
30064774630,73014444113,IS_CALL_FOR_IMPORT
30064774631,73014444114,IS_CALL_FOR_IMPORT
30064774670,73014444115,IS_CALL_FOR_IMPORT
30064774671,73014444116,IS_CALL_FOR_IMPORT
30064774672,73014444117,IS_CALL_FOR_IMPORT
30064775289,73014444118,IS_CALL_FOR_IMPORT
30064775290,73014444119,IS_CALL_FOR_IMPORT
30064775291,73014444120,IS_CALL_FOR_IMPORT
30064775292,73014444121,IS_CALL_FOR_IMPORT
30064775293,73014444122,IS_CALL_FOR_IMPORT
30064775294,73014444123,IS_CALL_FOR_IMPORT
30064775295,73014444124,IS_CALL_FOR_IMPORT
30064775296,73014444125,IS_CALL_FOR_IMPORT
30064775297,73014444126,IS_CALL_FOR_IMPORT
30064775298,73014444127,IS_CALL_FOR_IMPORT
30064775299,73014444128,IS_CALL_FOR_IMPORT
30064775300,73014444129,IS_CALL_FOR_IMPORT
30064775301,73014444130,IS_CALL_FOR_IMPORT
30064775436,73014444131,IS_CALL_FOR_IMPORT
30064775437,73014444132,IS_CALL_FOR_IMPORT
30064775438,73014444133,IS_CALL_FOR_IMPORT
30064775463,73014444134,IS_CALL_FOR_IMPORT
30064775464,73014444135,IS_CALL_FOR_IMPORT
30064775465,73014444136,IS_CALL_FOR_IMPORT
30064775466,73014444137,IS_CALL_FOR_IMPORT
30064775467,73014444138,IS_CALL_FOR_IMPORT
30064775468,73014444139,IS_CALL_FOR_IMPORT
30064775469,73014444140,IS_CALL_FOR_IMPORT
30064775470,73014444141,IS_CALL_FOR_IMPORT
30064775471,73014444142,IS_CALL_FOR_IMPORT
30064775472,73014444143,IS_CALL_FOR_IMPORT
30064775473,73014444144,IS_CALL_FOR_IMPORT
30064775474,73014444145,IS_CALL_FOR_IMPORT
30064775475,73014444146,IS_CALL_FOR_IMPORT
30064775476,73014444147,IS_CALL_FOR_IMPORT
30064775477,73014444148,IS_CALL_FOR_IMPORT
30064775478,73014444149,IS_CALL_FOR_IMPORT
30064775479,73014444150,IS_CALL_FOR_IMPORT
30064775480,73014444151,IS_CALL_FOR_IMPORT
30064775555,73014444152,IS_CALL_FOR_IMPORT
30064775556,73014444153,IS_CALL_FOR_IMPORT
30064775557,73014444154,IS_CALL_FOR_IMPORT
30064775558,73014444155,IS_CALL_FOR_IMPORT
30064775559,73014444156,IS_CALL_FOR_IMPORT
30064775560,73014444157,IS_CALL_FOR_IMPORT
30064775561,73014444158,IS_CALL_FOR_IMPORT
30064775562,73014444159,IS_CALL_FOR_IMPORT
30064775563,73014444160,IS_CALL_FOR_IMPORT
30064775564,73014444161,IS_CALL_FOR_IMPORT
30064775565,73014444162,IS_CALL_FOR_IMPORT
30064775566,73014444163,IS_CALL_FOR_IMPORT
30064775567,73014444164,IS_CALL_FOR_IMPORT
30064775568,73014444165,IS_CALL_FOR_IMPORT
30064775742,73014444166,IS_CALL_FOR_IMPORT
30064775743,73014444167,IS_CALL_FOR_IMPORT
30064775760,73014444168,IS_CALL_FOR_IMPORT
30064775761,73014444169,IS_CALL_FOR_IMPORT
30064775782,73014444170,IS_CALL_FOR_IMPORT
30064775783,73014444171,IS_CALL_FOR_IMPORT
30064775784,73014444172,IS_CALL_FOR_IMPORT
30064776138,73014444173,IS_CALL_FOR_IMPORT
30064776614,73014444174,IS_CALL_FOR_IMPORT
30064776615,73014444175,IS_CALL_FOR_IMPORT
30064776616,73014444176,IS_CALL_FOR_IMPORT
30064776617,73014444177,IS_CALL_FOR_IMPORT
30064776618,73014444178,IS_CALL_FOR_IMPORT
30064776619,73014444179,IS_CALL_FOR_IMPORT
30064776832,73014444180,IS_CALL_FOR_IMPORT
30064776833,73014444181,IS_CALL_FOR_IMPORT
30064776834,73014444182,IS_CALL_FOR_IMPORT
30064777060,73014444183,IS_CALL_FOR_IMPORT
30064777061,73014444184,IS_CALL_FOR_IMPORT
30064777062,73014444185,IS_CALL_FOR_IMPORT
30064777063,73014444186,IS_CALL_FOR_IMPORT
30064777064,73014444187,IS_CALL_FOR_IMPORT
30064777271,73014444188,IS_CALL_FOR_IMPORT
30064777272,73014444189,IS_CALL_FOR_IMPORT
30064777273,73014444190,IS_CALL_FOR_IMPORT
30064777274,73014444191,IS_CALL_FOR_IMPORT
30064777352,73014444192,IS_CALL_FOR_IMPORT
30064777353,73014444193,IS_CALL_FOR_IMPORT
30064777615,73014444194,IS_CALL_FOR_IMPORT
30064777616,73014444195,IS_CALL_FOR_IMPORT
30064777617,73014444196,IS_CALL_FOR_IMPORT
30064777618,73014444197,IS_CALL_FOR_IMPORT
30064777619,73014444198,IS_CALL_FOR_IMPORT
30064777620,73014444199,IS_CALL_FOR_IMPORT
30064777621,73014444200,IS_CALL_FOR_IMPORT
30064777622,73014444201,IS_CALL_FOR_IMPORT
30064777623,73014444202,IS_CALL_FOR_IMPORT
30064777979,73014444203,IS_CALL_FOR_IMPORT
30064778392,73014444204,IS_CALL_FOR_IMPORT
30064778651,73014444205,IS_CALL_FOR_IMPORT
30064778652,73014444206,IS_CALL_FOR_IMPORT
30064778733,73014444207,IS_CALL_FOR_IMPORT
30064778734,73014444208,IS_CALL_FOR_IMPORT
30064778735,73014444209,IS_CALL_FOR_IMPORT
30064778736,73014444210,IS_CALL_FOR_IMPORT
30064779058,73014444211,IS_CALL_FOR_IMPORT
30064779059,73014444212,IS_CALL_FOR_IMPORT
30064779299,73014444213,IS_CALL_FOR_IMPORT
30064779403,73014444214,IS_CALL_FOR_IMPORT
30064779439,73014444215,IS_CALL_FOR_IMPORT
30064779440,73014444216,IS_CALL_FOR_IMPORT
30064779497,73014444217,IS_CALL_FOR_IMPORT
30064779498,73014444218,IS_CALL_FOR_IMPORT
30064779570,73014444219,IS_CALL_FOR_IMPORT
30064779571,73014444220,IS_CALL_FOR_IMPORT
30064779620,73014444221,IS_CALL_FOR_IMPORT
30064779621,73014444222,IS_CALL_FOR_IMPORT
30064779747,73014444223,IS_CALL_FOR_IMPORT
30064779748,73014444224,IS_CALL_FOR_IMPORT
30064779749,73014444225,IS_CALL_FOR_IMPORT
30064780142,73014444226,IS_CALL_FOR_IMPORT
30064780143,73014444227,IS_CALL_FOR_IMPORT
30064780144,73014444228,IS_CALL_FOR_IMPORT
30064780145,73014444229,IS_CALL_FOR_IMPORT
30064780146,73014444230,IS_CALL_FOR_IMPORT
30064780504,73014444231,IS_CALL_FOR_IMPORT
30064780505,73014444232,IS_CALL_FOR_IMPORT
30064780506,73014444233,IS_CALL_FOR_IMPORT
30064780507,73014444234,IS_CALL_FOR_IMPORT
30064780872,73014444235,IS_CALL_FOR_IMPORT
30064780873,73014444236,IS_CALL_FOR_IMPORT
30064780948,73014444237,IS_CALL_FOR_IMPORT
30064780949,73014444238,IS_CALL_FOR_IMPORT
30064781023,73014444239,IS_CALL_FOR_IMPORT
30064781024,73014444240,IS_CALL_FOR_IMPORT
30064781025,73014444241,IS_CALL_FOR_IMPORT
30064781026,73014444242,IS_CALL_FOR_IMPORT
30064781027,73014444243,IS_CALL_FOR_IMPORT
30064781160,73014444244,IS_CALL_FOR_IMPORT
30064781161,73014444245,IS_CALL_FOR_IMPORT
30064781429,73014444246,IS_CALL_FOR_IMPORT
30064781430,73014444247,IS_CALL_FOR_IMPORT
30064781431,73014444248,IS_CALL_FOR_IMPORT
30064781432,73014444249,IS_CALL_FOR_IMPORT
30064781433,73014444250,IS_CALL_FOR_IMPORT
30064781765,73014444251,IS_CALL_FOR_IMPORT
30064781766,73014444252,IS_CALL_FOR_IMPORT
30064781767,73014444253,IS_CALL_FOR_IMPORT
30064781768,73014444254,IS_CALL_FOR_IMPORT
30064782078,73014444255,IS_CALL_FOR_IMPORT
30064782079,73014444256,IS_CALL_FOR_IMPORT
30064782080,73014444257,IS_CALL_FOR_IMPORT
30064782081,73014444258,IS_CALL_FOR_IMPORT
30064782082,73014444259,IS_CALL_FOR_IMPORT
30064782083,73014444260,IS_CALL_FOR_IMPORT
30064782084,73014444261,IS_CALL_FOR_IMPORT
30064782287,73014444262,IS_CALL_FOR_IMPORT
30064782288,73014444263,IS_CALL_FOR_IMPORT
30064782289,73014444264,IS_CALL_FOR_IMPORT
30064782290,73014444265,IS_CALL_FOR_IMPORT
30064782330,73014444266,IS_CALL_FOR_IMPORT
30064782331,73014444267,IS_CALL_FOR_IMPORT
30064782332,73014444268,IS_CALL_FOR_IMPORT
30064782333,73014444269,IS_CALL_FOR_IMPORT
30064782334,73014444270,IS_CALL_FOR_IMPORT
30064782335,73014444271,IS_CALL_FOR_IMPORT
30064782336,73014444272,IS_CALL_FOR_IMPORT
30064782337,73014444273,IS_CALL_FOR_IMPORT
30064782338,73014444274,IS_CALL_FOR_IMPORT
30064782533,73014444275,IS_CALL_FOR_IMPORT
30064782534,73014444276,IS_CALL_FOR_IMPORT
30064782535,73014444277,IS_CALL_FOR_IMPORT
30064782536,73014444278,IS_CALL_FOR_IMPORT
30064782537,73014444279,IS_CALL_FOR_IMPORT
30064782538,73014444280,IS_CALL_FOR_IMPORT
30064782539,73014444281,IS_CALL_FOR_IMPORT
30064782813,73014444282,IS_CALL_FOR_IMPORT
30064782814,73014444283,IS_CALL_FOR_IMPORT
30064783051,73014444284,IS_CALL_FOR_IMPORT
30064783052,73014444285,IS_CALL_FOR_IMPORT
30064783122,73014444286,IS_CALL_FOR_IMPORT
30064783123,73014444287,IS_CALL_FOR_IMPORT
30064783124,73014444288,IS_CALL_FOR_IMPORT
30064783125,73014444289,IS_CALL_FOR_IMPORT
30064783126,73014444290,IS_CALL_FOR_IMPORT
30064783346,73014444291,IS_CALL_FOR_IMPORT
30064783347,73014444292,IS_CALL_FOR_IMPORT
30064783348,73014444293,IS_CALL_FOR_IMPORT
30064783349,73014444294,IS_CALL_FOR_IMPORT
30064783491,73014444295,IS_CALL_FOR_IMPORT
30064783492,73014444296,IS_CALL_FOR_IMPORT
30064783634,73014444297,IS_CALL_FOR_IMPORT
30064783690,73014444298,IS_CALL_FOR_IMPORT
30064783691,73014444299,IS_CALL_FOR_IMPORT
30064783692,73014444300,IS_CALL_FOR_IMPORT
30064783693,73014444301,IS_CALL_FOR_IMPORT
30064783694,73014444302,IS_CALL_FOR_IMPORT
30064783867,73014444303,IS_CALL_FOR_IMPORT
30064783868,73014444304,IS_CALL_FOR_IMPORT
30064783869,73014444305,IS_CALL_FOR_IMPORT
30064783870,73014444306,IS_CALL_FOR_IMPORT
30064783967,73014444307,IS_CALL_FOR_IMPORT
30064783968,73014444308,IS_CALL_FOR_IMPORT
30064784090,73014444309,IS_CALL_FOR_IMPORT
30064784155,73014444310,IS_CALL_FOR_IMPORT
30064784156,73014444311,IS_CALL_FOR_IMPORT
30064784157,73014444312,IS_CALL_FOR_IMPORT
30064784158,73014444313,IS_CALL_FOR_IMPORT
30064784159,73014444314,IS_CALL_FOR_IMPORT
30064784334,73014444315,IS_CALL_FOR_IMPORT
30064784335,73014444316,IS_CALL_FOR_IMPORT
30064784336,73014444317,IS_CALL_FOR_IMPORT
30064784337,73014444318,IS_CALL_FOR_IMPORT
30064784416,73014444319,IS_CALL_FOR_IMPORT
30064784417,73014444320,IS_CALL_FOR_IMPORT
30064784667,73014444321,IS_CALL_FOR_IMPORT
30064784814,73014444322,IS_CALL_FOR_IMPORT
30064784897,73014444323,IS_CALL_FOR_IMPORT
