30064771072,68719477085,RECEIVER
30064771073,68719477088,RECEIVER
30064771074,68719477091,RECEIVER
30064771075,68719477094,RECEIVER
30064771076,68719477097,RECEIVER
30064771077,68719477100,RECEIVER
30064771078,68719477103,RECEIVER
30064771079,68719477106,RECEIVER
30064771080,68719477109,RECEIVER
30064771082,30064771083,RECEIVER
30064771084,30064771085,RECEIVER
30064771087,30064771088,RECEIVER
30064771091,30064771092,RECEIVER
30064771097,30064771098,RECEIVER
30064771100,30064771101,RECEIVER
30064771110,30064771111,RECEIVER
30064771113,30064771114,RECEIVER
30064771119,30064771120,RECEIVER
30064771121,30064771122,RECEIVER
30064771125,30064771126,RECEIVER
30064771128,30064771129,RECEIVER
30064771142,30064771143,RECEIVER
30064771145,30064771146,RECEIVER
30064771150,30064771151,RECEIVER
30064771153,30064771154,RECEIVER
30064771163,30064771164,RECEIVER
30064771167,30064771168,RECEIVER
30064771169,30064771170,RECEIVER
30064771173,30064771174,RECEIVER
30064771176,30064771177,RECEIVER
30064771186,30064771187,RECEIVER
30064771189,30064771190,RECEIVER
30064771193,30064771194,RECEIVER
30064771198,30064771199,RECEIVER
30064771200,30064771201,RECEIVER
30064771203,68719476859,RECEIVER
30064771204,30064771205,RECEIVER
30064771207,68719476864,RECEIVER
30064771208,30064771209,RECEIVER
30064771210,30064771211,RECEIVER
30064771220,30064771221,RECEIVER
30064771223,30064771224,RECEIVER
30064771226,30064771227,RECEIVER
30064771236,30064771237,RECEIVER
30064771239,30064771240,RECEIVER
30064771243,30064771244,RECEIVER
30064771248,68719476907,RECEIVER
30064771250,30064771251,RECEIVER
30064771253,30064771254,RECEIVER
30064771259,30064771260,RECEIVER
30064771281,30064771282,RECEIVER
30064771284,30064771285,RECEIVER
30064771287,30064771288,RECEIVER
30064771297,30064771298,RECEIVER
30064771300,30064771301,RECEIVER
30064771304,30064771305,RECEIVER
30064771309,68719476962,RECEIVER
30064771315,30064771316,RECEIVER
30064771322,30064771323,RECEIVER
30064771329,30064771330,RECEIVER
30064771332,30064771333,RECEIVER
30064771335,30064771336,RECEIVER
30064771341,30064771342,RECEIVER
30064771344,30064771345,RECEIVER
30064771356,30064771357,RECEIVER
30064771359,30064771360,RECEIVER
30064771376,30064771377,RECEIVER
30064771424,30064771425,RECEIVER
30064771428,68719477047,RECEIVER
30064771433,30064771434,RECEIVER
30064771441,30064771442,RECEIVER
30064771443,30064771444,RECEIVER
30064771450,30064771451,RECEIVER
30064771453,30064771454,RECEIVER
30064771456,30064771457,RECEIVER
30064771487,68719477113,RECEIVER
30064771490,68719477229,RECEIVER
30064771491,68719477232,RECEIVER
30064771492,68719477235,RECEIVER
30064771493,68719477238,RECEIVER
30064771499,30064771500,RECEIVER
30064771502,30064771503,RECEIVER
30064771506,30064771507,RECEIVER
30064771511,30064771512,RECEIVER
30064771513,30064771514,RECEIVER
30064771519,30064771520,RECEIVER
30064771521,30064771522,RECEIVER
30064771524,30064771525,RECEIVER
30064771527,30064771528,RECEIVER
30064771539,30064771540,RECEIVER
30064771542,30064771543,RECEIVER
30064771550,30064771551,RECEIVER
30064771553,30064771554,RECEIVER
30064771556,30064771557,RECEIVER
30064771562,30064771563,RECEIVER
30064771568,30064771569,RECEIVER
30064771570,30064771571,RECEIVER
30064771573,30064771574,RECEIVER
30064771593,30064771594,RECEIVER
30064771596,30064771597,RECEIVER
30064771602,30064771603,RECEIVER
30064771604,30064771605,RECEIVER
30064771606,30064771607,RECEIVER
30064771608,30064771609,RECEIVER
30064771611,30064771612,RECEIVER
30064771633,68719477984,RECEIVER
30064771634,68719477987,RECEIVER
30064771635,68719477990,RECEIVER
30064771636,68719477993,RECEIVER
30064771637,68719477996,RECEIVER
30064771638,68719477999,RECEIVER
30064771639,68719478002,RECEIVER
30064771640,68719478005,RECEIVER
30064771641,68719478008,RECEIVER
30064771642,68719478011,RECEIVER
30064771643,68719478014,RECEIVER
30064771644,68719478017,RECEIVER
30064771645,68719478020,RECEIVER
30064771646,68719478023,RECEIVER
30064771647,68719478026,RECEIVER
30064771648,68719478029,RECEIVER
30064771649,68719478032,RECEIVER
30064771650,68719478035,RECEIVER
30064771651,68719478038,RECEIVER
30064771669,30064771670,RECEIVER
30064771672,30064771673,RECEIVER
30064771692,68719477284,RECEIVER
30064771693,30064771694,RECEIVER
30064771696,30064771697,RECEIVER
30064771704,30064771705,RECEIVER
30064771706,30064771707,RECEIVER
30064771709,30064771710,RECEIVER
30064771735,30064771736,RECEIVER
30064771738,30064771739,RECEIVER
30064771747,68719477333,RECEIVER
30064771751,68719477339,RECEIVER
30064771753,30064771754,RECEIVER
30064771756,30064771757,RECEIVER
30064771773,68719477363,RECEIVER
30064771774,30064771775,RECEIVER
30064771777,30064771778,RECEIVER
30064771785,30064771786,RECEIVER
30064771787,30064771788,RECEIVER
30064771790,30064771791,RECEIVER
30064771818,30064771819,RECEIVER
30064771821,30064771822,RECEIVER
30064771841,68719477426,RECEIVER
30064771842,30064771843,RECEIVER
30064771845,30064771846,RECEIVER
30064771853,30064771854,RECEIVER
30064771855,30064771856,RECEIVER
30064771858,30064771859,RECEIVER
30064771886,30064771887,RECEIVER
30064771889,30064771890,RECEIVER
30064771898,68719477477,RECEIVER
30064771902,68719477483,RECEIVER
30064771904,30064771905,RECEIVER
30064771907,30064771908,RECEIVER
30064771926,68719477509,RECEIVER
30064771927,30064771928,RECEIVER
30064771930,30064771931,RECEIVER
30064771938,30064771939,RECEIVER
30064771940,30064771941,RECEIVER
30064771943,30064771944,RECEIVER
30064771964,68719477540,RECEIVER
30064771965,30064771966,RECEIVER
30064771971,30064771972,RECEIVER
30064771973,30064771974,RECEIVER
30064771976,30064771977,RECEIVER
30064771997,68719477569,RECEIVER
30064771998,30064771999,RECEIVER
30064772004,30064772005,RECEIVER
30064772006,30064772007,RECEIVER
30064772009,30064772010,RECEIVER
30064772030,68719477598,RECEIVER
30064772031,30064772032,RECEIVER
30064772037,30064772038,RECEIVER
30064772039,30064772040,RECEIVER
30064772042,30064772043,RECEIVER
30064772063,68719477627,RECEIVER
30064772064,30064772065,RECEIVER
30064772070,30064772071,RECEIVER
30064772072,30064772073,RECEIVER
30064772075,30064772076,RECEIVER
30064772098,68719477660,RECEIVER
30064772099,30064772100,RECEIVER
30064772105,30064772106,RECEIVER
30064772107,30064772108,RECEIVER
30064772110,30064772111,RECEIVER
30064772135,30064772136,RECEIVER
30064772144,68719477697,RECEIVER
30064772145,30064772146,RECEIVER
30064772151,30064772152,RECEIVER
30064772153,30064772154,RECEIVER
30064772156,30064772157,RECEIVER
30064772171,68719477728,RECEIVER
30064772172,30064772173,RECEIVER
30064772178,30064772179,RECEIVER
30064772181,30064772182,RECEIVER
30064772187,30064772188,RECEIVER
30064772189,30064772190,RECEIVER
30064772192,30064772193,RECEIVER
30064772207,68719477764,RECEIVER
30064772208,30064772209,RECEIVER
30064772214,30064772215,RECEIVER
30064772217,30064772218,RECEIVER
30064772223,30064772224,RECEIVER
30064772225,30064772226,RECEIVER
30064772228,30064772229,RECEIVER
30064772243,68719477800,RECEIVER
30064772244,30064772245,RECEIVER
30064772250,30064772251,RECEIVER
30064772253,30064772254,RECEIVER
30064772259,30064772260,RECEIVER
30064772261,30064772262,RECEIVER
30064772264,30064772265,RECEIVER
30064772279,68719477836,RECEIVER
30064772280,30064772281,RECEIVER
30064772286,30064772287,RECEIVER
30064772289,30064772290,RECEIVER
30064772295,30064772296,RECEIVER
30064772297,30064772298,RECEIVER
30064772300,30064772301,RECEIVER
30064772321,68719477871,RECEIVER
30064772322,30064772323,RECEIVER
30064772328,30064772329,RECEIVER
30064772330,30064772331,RECEIVER
30064772333,30064772334,RECEIVER
30064772343,68719477895,RECEIVER
30064772344,30064772345,RECEIVER
30064772350,30064772351,RECEIVER
30064772352,30064772353,RECEIVER
30064772355,30064772356,RECEIVER
30064772386,30064772387,RECEIVER
30064772391,30064772392,RECEIVER
30064772393,30064772394,RECEIVER
30064772395,30064772396,RECEIVER
30064772397,30064772398,RECEIVER
30064772400,30064772401,RECEIVER
30064772406,30064772407,RECEIVER
30064772411,68719477949,RECEIVER
30064772412,30064772413,RECEIVER
30064772417,30064772418,RECEIVER
30064772423,30064772424,RECEIVER
30064772425,30064772426,RECEIVER
30064772428,30064772429,RECEIVER
30064772531,68719478434,RECEIVER
30064772532,68719478437,RECEIVER
30064772533,68719478440,RECEIVER
30064772534,30064772535,RECEIVER
30064772537,30064772538,RECEIVER
30064772541,30064772542,RECEIVER
30064772551,68719478104,RECEIVER
30064772552,30064772553,RECEIVER
30064772563,30064772564,RECEIVER
30064772568,30064772569,RECEIVER
30064772573,30064772574,RECEIVER
30064772578,30064772579,RECEIVER
30064772583,30064772584,RECEIVER
30064772588,30064772589,RECEIVER
30064772601,30064772602,RECEIVER
30064772604,30064772605,RECEIVER
30064772611,68719478153,RECEIVER
30064772617,30064772618,RECEIVER
30064772619,30064772620,RECEIVER
30064772624,30064772625,RECEIVER
30064772626,30064772627,RECEIVER
30064772628,30064772629,RECEIVER
30064772633,30064772634,RECEIVER
30064772635,30064772636,RECEIVER
30064772637,30064772638,RECEIVER
30064772642,30064772643,RECEIVER
30064772644,30064772645,RECEIVER
30064772646,30064772647,RECEIVER
30064772651,30064772652,RECEIVER
30064772653,30064772654,RECEIVER
30064772655,30064772656,RECEIVER
30064772660,30064772661,RECEIVER
30064772662,30064772663,RECEIVER
30064772664,30064772665,RECEIVER
30064772669,30064772670,RECEIVER
30064772686,68719478233,RECEIVER
30064772688,68719478237,RECEIVER
30064772689,68719478240,RECEIVER
30064772690,68719478243,RECEIVER
30064772691,68719478246,RECEIVER
30064772692,68719478249,RECEIVER
30064772693,68719478252,RECEIVER
30064772696,68719478257,RECEIVER
30064772698,68719478261,RECEIVER
30064772700,68719478265,RECEIVER
30064772702,68719478269,RECEIVER
30064772704,68719478273,RECEIVER
30064772706,68719478277,RECEIVER
30064772708,30064772709,RECEIVER
30064772711,30064772712,RECEIVER
30064772714,30064772715,RECEIVER
30064772716,30064772717,RECEIVER
30064772722,30064772723,RECEIVER
30064772724,30064772725,RECEIVER
30064772727,30064772728,RECEIVER
30064772741,30064772742,RECEIVER
30064772744,30064772745,RECEIVER
30064772751,68719478319,RECEIVER
30064772757,30064772758,RECEIVER
30064772759,30064772760,RECEIVER
30064772763,30064772764,RECEIVER
30064772765,30064772766,RECEIVER
30064772767,30064772768,RECEIVER
30064772771,30064772772,RECEIVER
30064772773,30064772774,RECEIVER
30064772775,30064772776,RECEIVER
30064772779,30064772780,RECEIVER
30064772781,30064772782,RECEIVER
30064772783,30064772784,RECEIVER
30064772787,30064772788,RECEIVER
30064772789,30064772790,RECEIVER
30064772791,30064772792,RECEIVER
30064772795,30064772796,RECEIVER
30064772797,30064772798,RECEIVER
30064772799,30064772800,RECEIVER
30064772803,30064772804,RECEIVER
30064772884,30064772885,RECEIVER
30064772890,30064772891,RECEIVER
30064772892,30064772893,RECEIVER
30064772895,30064772896,RECEIVER
30064772916,68719478632,RECEIVER
30064772917,68719478635,RECEIVER
30064772918,68719478638,RECEIVER
30064772919,68719478641,RECEIVER
30064772925,30064772926,RECEIVER
30064772928,30064772929,RECEIVER
30064772934,30064772935,RECEIVER
30064772939,30064772940,RECEIVER
30064772941,30064772942,RECEIVER
30064772949,30064772950,RECEIVER
30064772951,30064772952,RECEIVER
30064772956,30064772957,RECEIVER
30064772959,30064772960,RECEIVER
30064772978,30064772979,RECEIVER
30064772981,30064772982,RECEIVER
30064772989,30064772990,RECEIVER
30064772992,30064772993,RECEIVER
30064772995,30064772996,RECEIVER
30064773001,30064773002,RECEIVER
30064773007,30064773008,RECEIVER
30064773009,30064773010,RECEIVER
30064773012,30064773013,RECEIVER
30064773026,30064773027,RECEIVER
30064773029,30064773030,RECEIVER
30064773037,30064773038,RECEIVER
30064773040,30064773041,RECEIVER
30064773043,30064773044,RECEIVER
30064773051,30064773052,RECEIVER
30064773055,30064773056,RECEIVER
30064773057,30064773058,RECEIVER
30064773069,30064773070,RECEIVER
30064773071,30064773072,RECEIVER
30064773074,30064773075,RECEIVER
30064773094,30064773095,RECEIVER
30064773097,30064773098,RECEIVER
30064773105,30064773106,RECEIVER
30064773107,30064773108,RECEIVER
30064773113,30064773114,RECEIVER
30064773115,30064773116,RECEIVER
30064773118,30064773119,RECEIVER
30064773145,68719478739,RECEIVER
30064773146,68719478742,RECEIVER
30064773147,68719478745,RECEIVER
30064773148,68719478748,RECEIVER
30064773154,30064773155,RECEIVER
30064773157,30064773158,RECEIVER
30064773163,30064773164,RECEIVER
30064773168,30064773169,RECEIVER
30064773170,30064773171,RECEIVER
30064773178,30064773179,RECEIVER
30064773180,30064773181,RECEIVER
30064773183,30064773184,RECEIVER
30064773197,30064773198,RECEIVER
30064773200,30064773201,RECEIVER
30064773206,30064773207,RECEIVER
30064773211,30064773212,RECEIVER
30064773214,30064773215,RECEIVER
30064773217,30064773218,RECEIVER
30064773223,30064773224,RECEIVER
30064773229,30064773230,RECEIVER
30064773231,30064773232,RECEIVER
30064773234,30064773235,RECEIVER
30064773255,68719478916,RECEIVER
30064773256,68719478919,RECEIVER
30064773257,68719478922,RECEIVER
30064773258,68719478925,RECEIVER
30064773264,30064773265,RECEIVER
30064773267,30064773268,RECEIVER
30064773273,30064773274,RECEIVER
30064773278,30064773279,RECEIVER
30064773280,30064773281,RECEIVER
30064773288,30064773289,RECEIVER
30064773290,30064773291,RECEIVER
30064773293,30064773294,RECEIVER
30064773296,30064773297,RECEIVER
30064773310,30064773311,RECEIVER
30064773313,30064773314,RECEIVER
30064773321,30064773322,RECEIVER
30064773324,30064773325,RECEIVER
30064773327,30064773328,RECEIVER
30064773333,30064773334,RECEIVER
30064773339,30064773340,RECEIVER
30064773341,30064773342,RECEIVER
30064773344,30064773345,RECEIVER
30064773358,30064773359,RECEIVER
30064773361,30064773362,RECEIVER
30064773369,30064773370,RECEIVER
30064773372,30064773373,RECEIVER
30064773375,30064773376,RECEIVER
30064773381,30064773382,RECEIVER
30064773387,30064773388,RECEIVER
30064773389,30064773390,RECEIVER
30064773392,30064773393,RECEIVER
30064773414,30064773415,RECEIVER
30064773417,30064773418,RECEIVER
30064773425,30064773426,RECEIVER
30064773427,30064773428,RECEIVER
30064773433,30064773434,RECEIVER
30064773435,30064773436,RECEIVER
30064773438,30064773439,RECEIVER
30064773465,68719479313,RECEIVER
30064773466,68719479316,RECEIVER
30064773467,68719479319,RECEIVER
30064773468,68719479322,RECEIVER
30064773469,68719479325,RECEIVER
30064773470,68719479328,RECEIVER
30064773471,68719479331,RECEIVER
30064773472,68719479334,RECEIVER
30064773473,68719479337,RECEIVER
30064773474,68719479340,RECEIVER
30064773475,68719479343,RECEIVER
30064773476,68719479346,RECEIVER
30064773477,68719479349,RECEIVER
30064773480,30064773481,RECEIVER
30064773482,30064773483,RECEIVER
30064773484,30064773485,RECEIVER
30064773487,30064773488,RECEIVER
30064773501,30064773502,RECEIVER
30064773504,30064773505,RECEIVER
30064773510,30064773511,RECEIVER
30064773513,30064773514,RECEIVER
30064773516,30064773517,RECEIVER
30064773520,30064773521,RECEIVER
30064773522,30064773523,RECEIVER
30064773525,30064773526,RECEIVER
30064773532,30064773533,RECEIVER
30064773534,30064773535,RECEIVER
30064773536,30064773537,RECEIVER
30064773539,30064773540,RECEIVER
30064773546,30064773547,RECEIVER
30064773548,30064773549,RECEIVER
30064773550,30064773551,RECEIVER
30064773553,30064773554,RECEIVER
30064773567,30064773568,RECEIVER
30064773570,30064773571,RECEIVER
30064773576,30064773577,RECEIVER
30064773578,30064773579,RECEIVER
30064773580,30064773581,RECEIVER
30064773583,30064773584,RECEIVER
30064773597,30064773598,RECEIVER
30064773600,30064773601,RECEIVER
30064773605,30064773606,RECEIVER
30064773607,30064773608,RECEIVER
30064773613,30064773614,RECEIVER
30064773616,30064773617,RECEIVER
30064773622,30064773623,RECEIVER
30064773624,30064773625,RECEIVER
30064773628,30064773629,RECEIVER
30064773631,30064773632,RECEIVER
30064773641,30064773642,RECEIVER
30064773644,30064773645,RECEIVER
30064773650,68719479107,RECEIVER
30064773652,30064773653,RECEIVER
30064773655,30064773656,RECEIVER
30064773659,30064773660,RECEIVER
30064773661,30064773662,RECEIVER
30064773664,30064773665,RECEIVER
30064773675,68719479134,RECEIVER
30064773678,30064773679,RECEIVER
30064773681,30064773682,RECEIVER
30064773685,30064773686,RECEIVER
30064773690,30064773691,RECEIVER
30064773693,30064773694,RECEIVER
30064773706,30064773707,RECEIVER
30064773709,30064773710,RECEIVER
30064773711,30064773712,RECEIVER
30064773713,30064773714,RECEIVER
30064773716,30064773717,RECEIVER
30064773730,30064773731,RECEIVER
30064773733,30064773734,RECEIVER
30064773739,30064773740,RECEIVER
30064773741,30064773742,RECEIVER
30064773743,30064773744,RECEIVER
30064773746,30064773747,RECEIVER
30064773753,30064773754,RECEIVER
30064773755,30064773756,RECEIVER
30064773757,30064773758,RECEIVER
30064773760,30064773761,RECEIVER
30064773763,30064773764,RECEIVER
30064773770,68719479227,RECEIVER
30064773773,68719479230,RECEIVER
30064773776,68719479233,RECEIVER
30064773778,30064773779,RECEIVER
30064773781,30064773782,RECEIVER
30064773784,30064773785,RECEIVER
30064773788,68719479248,RECEIVER
30064773807,30064773808,RECEIVER
30064773813,30064773814,RECEIVER
30064773819,30064773820,RECEIVER
30064773844,30064773845,RECEIVER
30064773849,30064773850,RECEIVER
30064773854,30064773855,RECEIVER
30064773859,30064773860,RECEIVER
30064773901,68719479353,RECEIVER
30064773904,68719479498,RECEIVER
30064773905,68719479501,RECEIVER
30064773906,68719479504,RECEIVER
30064773907,68719479507,RECEIVER
30064773911,68719479360,RECEIVER
30064773915,68719479365,RECEIVER
30064773921,30064773922,RECEIVER
30064773924,30064773925,RECEIVER
30064773930,30064773931,RECEIVER
30064773934,30064773935,RECEIVER
30064773938,30064773939,RECEIVER
30064773940,30064773941,RECEIVER
30064773946,30064773947,RECEIVER
30064773948,30064773949,RECEIVER
30064773951,30064773952,RECEIVER
30064773954,30064773955,RECEIVER
30064773966,68719479412,RECEIVER
30064773972,30064773973,RECEIVER
30064773975,30064773976,RECEIVER
30064773983,30064773984,RECEIVER
30064773986,30064773987,RECEIVER
30064773989,30064773990,RECEIVER
30064773995,30064773996,RECEIVER
30064774001,30064774002,RECEIVER
30064774003,30064774004,RECEIVER
30064774006,30064774007,RECEIVER
30064774018,68719479458,RECEIVER
30064774030,30064774031,RECEIVER
30064774033,30064774034,RECEIVER
30064774041,30064774042,RECEIVER
30064774043,30064774044,RECEIVER
30064774049,30064774050,RECEIVER
30064774051,30064774052,RECEIVER
30064774054,30064774055,RECEIVER
30064774080,68719479655,RECEIVER
30064774081,68719479658,RECEIVER
30064774082,68719479661,RECEIVER
30064774083,68719479664,RECEIVER
30064774087,68719479520,RECEIVER
30064774091,68719479525,RECEIVER
30064774097,30064774098,RECEIVER
30064774100,30064774101,RECEIVER
30064774106,30064774107,RECEIVER
30064774110,30064774111,RECEIVER
30064774114,30064774115,RECEIVER
30064774116,30064774117,RECEIVER
30064774122,30064774123,RECEIVER
30064774124,30064774125,RECEIVER
30064774127,30064774128,RECEIVER
30064774139,68719479569,RECEIVER
30064774145,30064774146,RECEIVER
30064774148,30064774149,RECEIVER
30064774156,30064774157,RECEIVER
30064774159,30064774160,RECEIVER
30064774162,30064774163,RECEIVER
30064774168,30064774169,RECEIVER
30064774174,30064774175,RECEIVER
30064774176,30064774177,RECEIVER
30064774179,30064774180,RECEIVER
30064774191,68719479615,RECEIVER
30064774203,30064774204,RECEIVER
30064774206,30064774207,RECEIVER
30064774214,30064774215,RECEIVER
30064774216,30064774217,RECEIVER
30064774222,30064774223,RECEIVER
30064774224,30064774225,RECEIVER
30064774227,30064774228,RECEIVER
30064774253,68719479812,RECEIVER
30064774254,68719479815,RECEIVER
30064774255,68719479818,RECEIVER
30064774256,68719479821,RECEIVER
30064774260,68719479677,RECEIVER
30064774264,68719479682,RECEIVER
30064774270,30064774271,RECEIVER
30064774273,30064774274,RECEIVER
30064774279,30064774280,RECEIVER
30064774283,30064774284,RECEIVER
30064774287,30064774288,RECEIVER
30064774289,30064774290,RECEIVER
30064774295,30064774296,RECEIVER
30064774297,30064774298,RECEIVER
30064774300,30064774301,RECEIVER
30064774312,68719479726,RECEIVER
30064774318,30064774319,RECEIVER
30064774321,30064774322,RECEIVER
30064774329,30064774330,RECEIVER
30064774332,30064774333,RECEIVER
30064774335,30064774336,RECEIVER
30064774341,30064774342,RECEIVER
30064774347,30064774348,RECEIVER
30064774349,30064774350,RECEIVER
30064774352,30064774353,RECEIVER
30064774364,68719479772,RECEIVER
30064774376,30064774377,RECEIVER
30064774379,30064774380,RECEIVER
30064774387,30064774388,RECEIVER
30064774389,30064774390,RECEIVER
30064774395,30064774396,RECEIVER
30064774397,30064774398,RECEIVER
30064774400,30064774401,RECEIVER
30064774426,68719479891,RECEIVER
30064774427,68719479894,RECEIVER
30064774429,68719479833,RECEIVER
30064774430,30064774431,RECEIVER
30064774432,30064774433,RECEIVER
30064774434,30064774435,RECEIVER
30064774439,30064774440,RECEIVER
30064774441,30064774442,RECEIVER
30064774443,30064774444,RECEIVER
30064774446,30064774447,RECEIVER
30064774450,30064774451,RECEIVER
30064774455,30064774456,RECEIVER
30064774457,30064774458,RECEIVER
30064774463,30064774464,RECEIVER
30064774465,30064774466,RECEIVER
30064774467,30064774468,RECEIVER
30064774472,30064774473,RECEIVER
30064774479,30064774480,RECEIVER
30064774481,30064774482,RECEIVER
30064774483,30064774484,RECEIVER
30064774486,30064774487,RECEIVER
30064774490,30064774491,RECEIVER
30064774492,30064774493,RECEIVER
30064774494,30064774495,RECEIVER
30064774500,68719479897,RECEIVER
30064774501,68719479938,RECEIVER
30064774502,68719479941,RECEIVER
30064774503,68719479944,RECEIVER
30064774504,68719479947,RECEIVER
30064774506,68719479900,RECEIVER
30064774507,30064774508,RECEIVER
30064774509,30064774510,RECEIVER
30064774512,30064774513,RECEIVER
30064774515,30064774516,RECEIVER
30064774518,30064774519,RECEIVER
30064774520,30064774521,RECEIVER
30064774522,30064774523,RECEIVER
30064774524,30064774525,RECEIVER
30064774526,30064774527,RECEIVER
30064774528,30064774529,RECEIVER
30064774530,30064774531,RECEIVER
30064774532,30064774533,RECEIVER
30064774534,30064774535,RECEIVER
30064774536,30064774537,RECEIVER
30064774544,68719479950,RECEIVER
30064774545,68719480008,RECEIVER
30064774546,30064774547,RECEIVER
30064774556,68719479960,RECEIVER
30064774560,68719479965,RECEIVER
30064774573,30064774574,RECEIVER
30064774575,30064774576,RECEIVER
30064774578,68719479983,RECEIVER
30064774581,30064774582,RECEIVER
30064774585,30064774586,RECEIVER
30064774587,30064774588,RECEIVER
30064774592,30064774593,RECEIVER
30064774594,30064774595,RECEIVER
30064774599,30064774600,RECEIVER
30064774602,30064774603,RECEIVER
30064774628,68719480070,RECEIVER
30064774629,68719480073,RECEIVER
30064774630,68719480076,RECEIVER
30064774631,68719480079,RECEIVER
30064774633,68719480034,RECEIVER
30064774634,30064774635,RECEIVER
30064774637,30064774638,RECEIVER
30064774640,30064774641,RECEIVER
30064774643,30064774644,RECEIVER
30064774645,30064774646,RECEIVER
30064774647,30064774648,RECEIVER
30064774649,30064774650,RECEIVER
30064774651,30064774652,RECEIVER
30064774653,30064774654,RECEIVER
30064774655,30064774656,RECEIVER
30064774657,30064774658,RECEIVER
30064774659,30064774660,RECEIVER
30064774661,30064774662,RECEIVER
30064774669,68719480082,RECEIVER
30064774670,68719480616,RECEIVER
30064774671,68719480619,RECEIVER
30064774672,68719480622,RECEIVER
30064774674,68719480085,RECEIVER
30064774676,30064774677,RECEIVER
30064774679,30064774680,RECEIVER
30064774682,30064774683,RECEIVER
30064774684,30064774685,RECEIVER
30064774686,30064774687,RECEIVER
30064774691,68719480106,RECEIVER
30064774695,30064774696,RECEIVER
30064774699,30064774700,RECEIVER
30064774702,30064774703,RECEIVER
30064774705,30064774706,RECEIVER
30064774709,30064774710,RECEIVER
30064774713,30064774714,RECEIVER
30064774717,30064774718,RECEIVER
30064774723,30064774724,RECEIVER
30064774727,30064774728,RECEIVER
30064774731,30064774732,RECEIVER
30064774737,30064774738,RECEIVER
30064774742,30064774743,RECEIVER
30064774751,68719480158,RECEIVER
30064774752,30064774753,RECEIVER
30064774756,30064774757,RECEIVER
30064774761,68719480170,RECEIVER
30064774765,30064774766,RECEIVER
30064774768,30064774769,RECEIVER
30064774773,68719480184,RECEIVER
30064774777,30064774778,RECEIVER
30064774781,30064774782,RECEIVER
30064774786,30064774787,RECEIVER
30064774791,68719480203,RECEIVER
30064774795,30064774796,RECEIVER
30064774799,30064774800,RECEIVER
30064774805,30064774806,RECEIVER
30064774814,68719480225,RECEIVER
30064774818,30064774819,RECEIVER
30064774822,30064774823,RECEIVER
30064774824,30064774825,RECEIVER
30064774828,30064774829,RECEIVER
30064774832,68719480246,RECEIVER
30064774834,68719480250,RECEIVER
30064774838,30064774839,RECEIVER
30064774842,30064774843,RECEIVER
30064774849,30064774850,RECEIVER
30064774854,68719480270,RECEIVER
30064774858,30064774859,RECEIVER
30064774862,30064774863,RECEIVER
30064774867,30064774868,RECEIVER
30064774873,68719480290,RECEIVER
30064774877,30064774878,RECEIVER
30064774879,30064774880,RECEIVER
30064774883,30064774884,RECEIVER
30064774888,68719480306,RECEIVER
30064774891,68719480309,RECEIVER
30064774897,68719480314,RECEIVER
30064774903,30064774904,RECEIVER
30064774907,30064774908,RECEIVER
30064774909,30064774910,RECEIVER
30064774913,30064774914,RECEIVER
30064774917,30064774918,RECEIVER
30064774921,30064774922,RECEIVER
30064774925,30064774926,RECEIVER
30064774929,30064774930,RECEIVER
30064774933,30064774934,RECEIVER
30064774937,30064774938,RECEIVER
30064774941,30064774942,RECEIVER
30064774945,30064774946,RECEIVER
30064774949,30064774950,RECEIVER
30064774953,30064774954,RECEIVER
30064774959,30064774960,RECEIVER
30064774964,68719480371,RECEIVER
30064774968,30064774969,RECEIVER
30064774971,30064774972,RECEIVER
30064774976,68719480385,RECEIVER
30064774980,30064774981,RECEIVER
30064774984,30064774985,RECEIVER
30064774987,30064774988,RECEIVER
30064774992,68719480404,RECEIVER
30064774996,30064774997,RECEIVER
30064775000,30064775001,RECEIVER
30064775008,30064775009,RECEIVER
30064775013,68719480424,RECEIVER
30064775016,30064775017,RECEIVER
30064775020,30064775021,RECEIVER
30064775028,68719480436,RECEIVER
30064775035,30064775036,RECEIVER
30064775039,30064775040,RECEIVER
30064775041,30064775042,RECEIVER
30064775044,30064775045,RECEIVER
30064775047,30064775048,RECEIVER
30064775051,30064775052,RECEIVER
30064775054,30064775055,RECEIVER
30064775057,30064775058,RECEIVER
30064775062,68719480470,RECEIVER
30064775066,30064775067,RECEIVER
30064775070,30064775071,RECEIVER
30064775078,30064775079,RECEIVER
30064775083,68719480490,RECEIVER
30064775087,30064775088,RECEIVER
30064775091,30064775092,RECEIVER
30064775094,30064775095,RECEIVER
30064775099,68719480509,RECEIVER
30064775103,30064775104,RECEIVER
30064775107,30064775108,RECEIVER
30064775110,30064775111,RECEIVER
30064775115,68719480528,RECEIVER
30064775119,30064775120,RECEIVER
30064775122,30064775123,RECEIVER
30064775127,68719480542,RECEIVER
30064775131,30064775132,RECEIVER
30064775134,30064775135,RECEIVER
30064775139,68719480556,RECEIVER
30064775142,30064775143,RECEIVER
30064775148,30064775149,RECEIVER
30064775153,68719480568,RECEIVER
30064775156,30064775157,RECEIVER
30064775162,30064775163,RECEIVER
30064775167,68719480580,RECEIVER
30064775171,30064775172,RECEIVER
30064775174,30064775175,RECEIVER
30064775183,68719480597,RECEIVER
30064775187,30064775188,RECEIVER
30064775191,30064775192,RECEIVER
30064775194,30064775195,RECEIVER
30064775289,68719480763,RECEIVER
30064775290,68719480766,RECEIVER
30064775291,68719480769,RECEIVER
30064775292,68719480772,RECEIVER
30064775293,68719480775,RECEIVER
30064775294,68719480778,RECEIVER
30064775295,68719480781,RECEIVER
30064775296,68719480784,RECEIVER
30064775297,68719480787,RECEIVER
30064775298,68719480790,RECEIVER
30064775299,68719480793,RECEIVER
30064775300,68719480796,RECEIVER
30064775301,68719480799,RECEIVER
30064775302,30064775303,RECEIVER
30064775310,30064775311,RECEIVER
30064775313,30064775314,RECEIVER
30064775324,30064775325,RECEIVER
30064775327,30064775328,RECEIVER
30064775331,68719480737,RECEIVER
30064775333,68719480739,RECEIVER
30064775334,30064775335,RECEIVER
30064775337,68719480743,RECEIVER
30064775338,30064775339,RECEIVER
30064775340,30064775341,RECEIVER
30064775344,68719480751,RECEIVER
30064775345,30064775346,RECEIVER
30064775347,30064775348,RECEIVER
30064775349,30064775350,RECEIVER
30064775373,30064775374,RECEIVER
30064775382,68719480807,RECEIVER
30064775387,30064775388,RECEIVER
30064775389,68719480813,RECEIVER
30064775393,30064775394,RECEIVER
30064775398,30064775399,RECEIVER
30064775400,30064775401,RECEIVER
30064775402,30064775403,RECEIVER
30064775404,30064775405,RECEIVER
30064775410,30064775411,RECEIVER
30064775412,30064775413,RECEIVER
30064775416,30064775417,RECEIVER
30064775418,30064775419,RECEIVER
30064775424,30064775425,RECEIVER
30064775426,30064775427,RECEIVER
30064775428,30064775429,RECEIVER
30064775430,30064775431,RECEIVER
30064775433,68719480856,RECEIVER
30064775436,68719480874,RECEIVER
30064775437,68719480877,RECEIVER
30064775438,68719480880,RECEIVER
30064775439,30064775440,RECEIVER
30064775442,30064775443,RECEIVER
30064775445,30064775446,RECEIVER
30064775463,68719480886,RECEIVER
30064775464,68719480889,RECEIVER
30064775465,68719480892,RECEIVER
30064775466,68719480895,RECEIVER
30064775467,68719480898,RECEIVER
30064775468,68719480901,RECEIVER
30064775469,68719480904,RECEIVER
30064775470,68719480907,RECEIVER
30064775471,68719480910,RECEIVER
30064775472,68719480913,RECEIVER
30064775473,68719480916,RECEIVER
30064775474,68719480919,RECEIVER
30064775475,68719480922,RECEIVER
30064775476,68719480925,RECEIVER
30064775477,68719480928,RECEIVER
30064775478,68719480931,RECEIVER
30064775479,68719480934,RECEIVER
30064775480,68719480937,RECEIVER
30064775518,68719480940,RECEIVER
30064775519,30064775520,RECEIVER
30064775521,30064775522,RECEIVER
30064775523,30064775524,RECEIVER
30064775525,30064775526,RECEIVER
30064775527,30064775528,RECEIVER
30064775529,30064775530,RECEIVER
30064775531,30064775532,RECEIVER
30064775533,30064775534,RECEIVER
30064775535,30064775536,RECEIVER
30064775537,30064775538,RECEIVER
30064775539,30064775540,RECEIVER
30064775541,30064775542,RECEIVER
30064775543,30064775544,RECEIVER
30064775545,30064775546,RECEIVER
30064775547,30064775548,RECEIVER
30064775549,30064775550,RECEIVER
30064775551,30064775552,RECEIVER
30064775555,68719481017,RECEIVER
30064775556,68719481020,RECEIVER
30064775557,68719481023,RECEIVER
30064775558,68719481026,RECEIVER
30064775559,68719481029,RECEIVER
30064775560,68719481032,RECEIVER
30064775561,68719481035,RECEIVER
30064775562,68719481038,RECEIVER
30064775563,68719481041,RECEIVER
30064775564,68719481044,RECEIVER
30064775565,68719481047,RECEIVER
30064775566,68719481050,RECEIVER
30064775567,68719481053,RECEIVER
30064775568,68719481056,RECEIVER
30064775569,30064775570,RECEIVER
30064775575,30064775576,RECEIVER
30064775577,30064775578,RECEIVER
30064775581,30064775582,RECEIVER
30064775584,30064775585,RECEIVER
30064775605,68719481059,RECEIVER
30064775606,30064775607,RECEIVER
30064775608,30064775609,RECEIVER
30064775610,30064775611,RECEIVER
30064775613,30064775614,RECEIVER
30064775616,30064775617,RECEIVER
30064775619,30064775620,RECEIVER
30064775622,30064775623,RECEIVER
30064775625,30064775626,RECEIVER
30064775628,30064775629,RECEIVER
30064775631,30064775632,RECEIVER
30064775634,30064775635,RECEIVER
30064775637,30064775638,RECEIVER
30064775640,30064775641,RECEIVER
30064775643,30064775644,RECEIVER
30064775645,30064775646,RECEIVER
30064775647,30064775648,RECEIVER
30064775650,30064775651,RECEIVER
30064775653,30064775654,RECEIVER
30064775656,30064775657,RECEIVER
30064775659,30064775660,RECEIVER
30064775662,30064775663,RECEIVER
30064775665,30064775666,RECEIVER
30064775668,30064775669,RECEIVER
30064775671,30064775672,RECEIVER
30064775674,30064775675,RECEIVER
30064775677,30064775678,RECEIVER
30064775680,30064775681,RECEIVER
30064775683,30064775684,RECEIVER
30064775686,30064775687,RECEIVER
30064775689,30064775690,RECEIVER
30064775692,30064775693,RECEIVER
30064775695,30064775696,RECEIVER
30064775698,30064775699,RECEIVER
30064775701,30064775702,RECEIVER
30064775704,30064775705,RECEIVER
30064775707,30064775708,RECEIVER
30064775710,30064775711,RECEIVER
30064775713,30064775714,RECEIVER
30064775716,30064775717,RECEIVER
30064775719,30064775720,RECEIVER
30064775722,30064775723,RECEIVER
30064775725,30064775726,RECEIVER
30064775728,30064775729,RECEIVER
30064775731,30064775732,RECEIVER
30064775734,30064775735,RECEIVER
30064775737,30064775738,RECEIVER
30064775742,68719481201,RECEIVER
30064775743,68719481204,RECEIVER
30064775748,68719481207,RECEIVER
30064775749,30064775750,RECEIVER
30064775752,30064775753,RECEIVER
30064775755,30064775756,RECEIVER
30064775760,68719481238,RECEIVER
30064775761,68719481241,RECEIVER
30064775762,30064775763,RECEIVER
30064775765,68719481223,RECEIVER
30064775766,30064775767,RECEIVER
30064775768,30064775769,RECEIVER
30064775770,30064775771,RECEIVER
30064775774,30064775775,RECEIVER
30064775782,68719481568,RECEIVER
30064775783,68719481571,RECEIVER
30064775784,68719481574,RECEIVER
30064775793,30064775794,RECEIVER
30064775799,68719481256,RECEIVER
30064775800,30064775801,RECEIVER
30064775804,68719481263,RECEIVER
30064775809,30064775810,RECEIVER
30064775816,68719481274,RECEIVER
30064775820,30064775821,RECEIVER
30064775824,30064775825,RECEIVER
30064775832,30064775833,RECEIVER
30064775836,30064775837,RECEIVER
30064775838,30064775839,RECEIVER
30064775841,30064775842,RECEIVER
30064775848,30064775849,RECEIVER
30064775852,30064775853,RECEIVER
30064775858,30064775859,RECEIVER
30064775860,30064775861,RECEIVER
30064775867,68719481325,RECEIVER
30064775872,68719481331,RECEIVER
30064775875,30064775876,RECEIVER
30064775882,68719481340,RECEIVER
30064775884,30064775885,RECEIVER
30064775899,30064775900,RECEIVER
30064775903,30064775904,RECEIVER
30064775905,30064775906,RECEIVER
30064775909,30064775910,RECEIVER
30064775911,30064775912,RECEIVER
30064775917,68719481377,RECEIVER
30064775921,30064775922,RECEIVER
30064775924,30064775925,RECEIVER
30064775967,30064775968,RECEIVER
30064775972,68719481422,RECEIVER
30064775973,30064775974,RECEIVER
30064775976,30064775977,RECEIVER
30064775979,30064775980,RECEIVER
30064776057,30064776058,RECEIVER
30064776061,30064776062,RECEIVER
30064776068,68719481501,RECEIVER
30064776072,30064776073,RECEIVER
30064776077,30064776078,RECEIVER
30064776082,30064776083,RECEIVER
30064776087,30064776088,RECEIVER
30064776089,30064776090,RECEIVER
30064776092,30064776093,RECEIVER
30064776095,30064776096,RECEIVER
30064776103,30064776104,RECEIVER
30064776107,30064776108,RECEIVER
30064776109,30064776110,RECEIVER
30064776115,68719481554,RECEIVER
30064776122,30064776123,RECEIVER
30064776135,68719481578,RECEIVER
30064776138,68719481628,RECEIVER
30064776140,30064776141,RECEIVER
30064776146,68719481588,RECEIVER
30064776149,30064776150,RECEIVER
30064776153,30064776154,RECEIVER
30064776158,30064776159,RECEIVER
30064776165,30064776166,RECEIVER
30064776170,30064776171,RECEIVER
30064776173,30064776174,RECEIVER
30064776178,30064776179,RECEIVER
30064776184,68719481623,RECEIVER
30064776191,68719481632,RECEIVER
30064776197,68719481639,RECEIVER
30064776200,30064776201,RECEIVER
30064776204,30064776205,RECEIVER
30064776208,30064776209,RECEIVER
30064776213,30064776214,RECEIVER
30064776217,30064776218,RECEIVER
30064776223,30064776224,RECEIVER
30064776232,30064776233,RECEIVER
30064776236,30064776237,RECEIVER
30064776241,30064776242,RECEIVER
30064776244,30064776245,RECEIVER
30064776248,30064776249,RECEIVER
30064776253,30064776254,RECEIVER
30064776257,30064776258,RECEIVER
30064776261,68719481710,RECEIVER
30064776263,30064776264,RECEIVER
30064776267,68719481717,RECEIVER
30064776269,30064776270,RECEIVER
30064776274,68719481724,RECEIVER
30064776275,68719481727,RECEIVER
30064776277,30064776278,RECEIVER
30064776281,68719481734,RECEIVER
30064776283,30064776284,RECEIVER
30064776287,68719481741,RECEIVER
30064776289,30064776290,RECEIVER
30064776293,68719481748,RECEIVER
30064776296,30064776297,RECEIVER
30064776298,30064776299,RECEIVER
30064776303,68719481757,RECEIVER
30064776304,68719481760,RECEIVER
30064776310,30064776311,RECEIVER
30064776315,30064776316,RECEIVER
30064776317,30064776318,RECEIVER
30064776320,68719481781,RECEIVER
30064776321,30064776322,RECEIVER
30064776323,30064776324,RECEIVER
30064776325,30064776326,RECEIVER
30064776330,30064776331,RECEIVER
30064776333,30064776334,RECEIVER
30064776335,30064776336,RECEIVER
30064776337,30064776338,RECEIVER
30064776340,30064776341,RECEIVER
30064776343,30064776344,RECEIVER
30064776345,30064776346,RECEIVER
30064776347,30064776348,RECEIVER
30064776353,30064776354,RECEIVER
30064776357,30064776358,RECEIVER
30064776361,30064776362,RECEIVER
30064776366,30064776367,RECEIVER
30064776372,30064776373,RECEIVER
30064776376,30064776377,RECEIVER
30064776379,30064776380,RECEIVER
30064776385,30064776386,RECEIVER
30064776395,30064776396,RECEIVER
30064776399,30064776400,RECEIVER
30064776405,30064776406,RECEIVER
30064776418,30064776419,RECEIVER
30064776424,30064776425,RECEIVER
30064776429,30064776430,RECEIVER
30064776433,30064776434,RECEIVER
30064776436,30064776437,RECEIVER
30064776442,30064776443,RECEIVER
30064776457,30064776458,RECEIVER
30064776462,30064776463,RECEIVER
30064776473,30064776474,RECEIVER
30064776479,30064776480,RECEIVER
30064776483,30064776484,RECEIVER
30064776486,30064776487,RECEIVER
30064776492,30064776493,RECEIVER
30064776502,30064776503,RECEIVER
30064776506,30064776507,RECEIVER
30064776512,30064776513,RECEIVER
30064776525,30064776526,RECEIVER
30064776531,30064776532,RECEIVER
30064776534,30064776535,RECEIVER
30064776536,30064776537,RECEIVER
30064776538,30064776539,RECEIVER
30064776541,30064776542,RECEIVER
30064776543,30064776544,RECEIVER
30064776546,30064776547,RECEIVER
30064776550,30064776551,RECEIVER
30064776553,30064776554,RECEIVER
30064776555,30064776556,RECEIVER
30064776558,30064776559,RECEIVER
30064776561,30064776562,RECEIVER
30064776569,30064776570,RECEIVER
30064776574,30064776575,RECEIVER
30064776580,30064776581,RECEIVER
30064776584,30064776585,RECEIVER
30064776588,30064776589,RECEIVER
30064776590,30064776591,RECEIVER
30064776592,30064776593,RECEIVER
30064776594,30064776595,RECEIVER
30064776597,30064776598,RECEIVER
30064776600,30064776601,RECEIVER
30064776606,68719482039,RECEIVER
30064776614,68719482233,RECEIVER
30064776615,68719482236,RECEIVER
30064776616,68719482239,RECEIVER
30064776617,68719482242,RECEIVER
30064776618,68719482245,RECEIVER
30064776619,68719482248,RECEIVER
30064776622,30064776623,RECEIVER
30064776625,30064776626,RECEIVER
30064776628,30064776629,RECEIVER
30064776634,68719482063,RECEIVER
30064776636,30064776637,RECEIVER
30064776639,30064776640,RECEIVER
30064776671,30064776672,RECEIVER
30064776673,30064776674,RECEIVER
30064776675,30064776676,RECEIVER
30064776682,30064776683,RECEIVER
30064776757,30064776758,RECEIVER
30064776761,30064776762,RECEIVER
30064776766,30064776767,RECEIVER
30064776768,30064776769,RECEIVER
30064776772,30064776773,RECEIVER
30064776778,30064776779,RECEIVER
30064776783,30064776784,RECEIVER
30064776788,30064776789,RECEIVER
30064776794,68719482198,RECEIVER
30064776796,30064776797,RECEIVER
30064776800,68719482205,RECEIVER
30064776802,30064776803,RECEIVER
30064776805,30064776806,RECEIVER
30064776807,30064776808,RECEIVER
30064776811,30064776812,RECEIVER
30064776813,30064776814,RECEIVER
30064776815,30064776816,RECEIVER
30064776829,68719482252,RECEIVER
30064776832,68719482441,RECEIVER
30064776833,68719482444,RECEIVER
30064776834,68719482447,RECEIVER
30064776861,30064776862,RECEIVER
30064776864,30064776865,RECEIVER
30064776869,30064776870,RECEIVER
30064776872,30064776873,RECEIVER
30064776877,30064776878,RECEIVER
30064776880,30064776881,RECEIVER
30064776883,30064776884,RECEIVER
30064776932,30064776933,RECEIVER
30064776938,30064776939,RECEIVER
30064776941,30064776942,RECEIVER
30064776950,30064776951,RECEIVER
30064776963,30064776964,RECEIVER
30064776969,30064776970,RECEIVER
30064776972,30064776973,RECEIVER
30064776981,30064776982,RECEIVER
30064776989,30064776990,RECEIVER
30064776994,30064776995,RECEIVER
30064776996,30064776997,RECEIVER
30064777009,68719482400,RECEIVER
30064777010,30064777011,RECEIVER
30064777013,30064777014,RECEIVER
30064777015,30064777016,RECEIVER
30064777034,30064777035,RECEIVER
30064777037,30064777038,RECEIVER
30064777040,30064777041,RECEIVER
30064777057,68719482451,RECEIVER
30064777060,68719482661,RECEIVER
30064777061,68719482664,RECEIVER
30064777062,68719482667,RECEIVER
30064777063,68719482670,RECEIVER
30064777064,68719482673,RECEIVER
30064777069,30064777070,RECEIVER
30064777071,30064777072,RECEIVER
30064777074,30064777075,RECEIVER
30064777077,30064777078,RECEIVER
30064777080,30064777081,RECEIVER
30064777083,30064777084,RECEIVER
30064777086,30064777087,RECEIVER
30064777089,30064777090,RECEIVER
30064777092,30064777093,RECEIVER
30064777095,30064777096,RECEIVER
30064777098,30064777099,RECEIVER
30064777101,30064777102,RECEIVER
30064777104,30064777105,RECEIVER
30064777110,30064777111,RECEIVER
30064777113,68719482501,RECEIVER
30064777114,30064777115,RECEIVER
30064777119,30064777120,RECEIVER
30064777124,30064777125,RECEIVER
30064777130,68719482521,RECEIVER
30064777132,68719482525,RECEIVER
30064777146,30064777147,RECEIVER
30064777148,30064777149,RECEIVER
30064777151,30064777152,RECEIVER
30064777154,30064777155,RECEIVER
30064777157,30064777158,RECEIVER
30064777160,30064777161,RECEIVER
30064777163,30064777164,RECEIVER
30064777167,30064777168,RECEIVER
30064777170,68719482561,RECEIVER
30064777171,30064777172,RECEIVER
30064777176,30064777177,RECEIVER
30064777182,30064777183,RECEIVER
30064777185,68719482579,RECEIVER
30064777188,30064777189,RECEIVER
30064777193,30064777194,RECEIVER
30064777199,30064777200,RECEIVER
30064777202,68719482597,RECEIVER
30064777205,30064777206,RECEIVER
30064777208,30064777209,RECEIVER
30064777219,30064777220,RECEIVER
30064777222,68719482619,RECEIVER
30064777225,30064777226,RECEIVER
30064777228,30064777229,RECEIVER
30064777232,30064777233,RECEIVER
30064777235,68719482635,RECEIVER
30064777238,30064777239,RECEIVER
30064777241,30064777242,RECEIVER
30064777244,68719482644,RECEIVER
30064777247,30064777248,RECEIVER
30064777249,30064777250,RECEIVER
30064777252,30064777253,RECEIVER
30064777268,68719482677,RECEIVER
30064777271,68719482757,RECEIVER
30064777272,68719482760,RECEIVER
30064777273,68719482763,RECEIVER
30064777274,68719482766,RECEIVER
30064777275,30064777276,RECEIVER
30064777278,30064777279,RECEIVER
30064777282,30064777283,RECEIVER
30064777284,30064777285,RECEIVER
30064777286,30064777287,RECEIVER
30064777289,30064777290,RECEIVER
30064777293,30064777294,RECEIVER
30064777297,30064777298,RECEIVER
30064777299,30064777300,RECEIVER
30064777302,30064777303,RECEIVER
30064777304,30064777305,RECEIVER
30064777307,30064777308,RECEIVER
30064777314,68719482725,RECEIVER
30064777315,30064777316,RECEIVER
30064777318,30064777319,RECEIVER
30064777321,30064777322,RECEIVER
30064777323,30064777324,RECEIVER
30064777327,30064777328,RECEIVER
30064777331,30064777332,RECEIVER
30064777333,30064777334,RECEIVER
30064777349,68719482770,RECEIVER
30064777352,68719482968,RECEIVER
30064777353,68719482971,RECEIVER
30064777359,68719482779,RECEIVER
30064777376,30064777377,RECEIVER
30064777380,30064777381,RECEIVER
30064777394,30064777395,RECEIVER
30064777398,30064777399,RECEIVER
30064777409,30064777410,RECEIVER
30064777411,30064777412,RECEIVER
30064777415,30064777416,RECEIVER
30064777420,68719482834,RECEIVER
30064777421,30064777422,RECEIVER
30064777426,68719482841,RECEIVER
30064777436,30064777437,RECEIVER
30064777442,30064777443,RECEIVER
30064777449,30064777450,RECEIVER
30064777457,30064777458,RECEIVER
30064777461,30064777462,RECEIVER
30064777482,30064777483,RECEIVER
30064777486,30064777487,RECEIVER
30064777495,30064777496,RECEIVER
30064777499,30064777500,RECEIVER
30064777508,30064777509,RECEIVER
30064777512,30064777513,RECEIVER
30064777615,68719483275,RECEIVER
30064777616,68719483278,RECEIVER
30064777617,68719483281,RECEIVER
30064777618,68719483284,RECEIVER
30064777619,68719483287,RECEIVER
30064777620,68719483290,RECEIVER
30064777621,68719483293,RECEIVER
30064777622,68719483296,RECEIVER
30064777623,68719483299,RECEIVER
30064777625,68719482977,RECEIVER
30064777630,30064777631,RECEIVER
30064777633,30064777634,RECEIVER
30064777636,30064777637,RECEIVER
30064777640,30064777641,RECEIVER
30064777643,30064777644,RECEIVER
30064777648,30064777649,RECEIVER
30064777653,68719483005,RECEIVER
30064777657,68719483009,RECEIVER
30064777662,68719483015,RECEIVER
30064777667,30064777668,RECEIVER
30064777669,30064777670,RECEIVER
30064777677,30064777678,RECEIVER
30064777680,30064777681,RECEIVER
30064777683,30064777684,RECEIVER
30064777686,30064777687,RECEIVER
30064777689,30064777690,RECEIVER
30064777691,30064777692,RECEIVER
30064777695,30064777696,RECEIVER
30064777700,68719483051,RECEIVER
30064777705,30064777706,RECEIVER
30064777708,30064777709,RECEIVER
30064777711,30064777712,RECEIVER
30064777714,30064777715,RECEIVER
30064777717,30064777718,RECEIVER
30064777722,30064777723,RECEIVER
30064777727,68719483079,RECEIVER
30064777731,68719483083,RECEIVER
30064777736,68719483089,RECEIVER
30064777741,30064777742,RECEIVER
30064777743,30064777744,RECEIVER
30064777751,30064777752,RECEIVER
30064777754,30064777755,RECEIVER
30064777757,30064777758,RECEIVER
30064777760,30064777761,RECEIVER
30064777763,30064777764,RECEIVER
30064777765,30064777766,RECEIVER
30064777767,30064777768,RECEIVER
30064777773,30064777774,RECEIVER
30064777782,68719483131,RECEIVER
30064777787,30064777788,RECEIVER
30064777791,30064777792,RECEIVER
30064777799,68719483149,RECEIVER
30064777804,30064777805,RECEIVER
30064777808,30064777809,RECEIVER
30064777816,68719483167,RECEIVER
30064777821,30064777822,RECEIVER
30064777825,30064777826,RECEIVER
30064777833,68719483185,RECEIVER
30064777838,30064777839,RECEIVER
30064777842,30064777843,RECEIVER
30064777850,68719483203,RECEIVER
30064777854,30064777855,RECEIVER
30064777858,30064777859,RECEIVER
30064777860,30064777861,RECEIVER
30064777863,30064777864,RECEIVER
30064777867,68719483223,RECEIVER
30064777870,30064777871,RECEIVER
30064777874,30064777875,RECEIVER
30064777881,68719483236,RECEIVER
30064777884,30064777885,RECEIVER
30064777888,30064777889,RECEIVER
30064777895,68719483249,RECEIVER
30064777898,30064777899,RECEIVER
30064777902,30064777903,RECEIVER
30064777909,68719483262,RECEIVER
30064777912,30064777913,RECEIVER
30064777916,30064777917,RECEIVER
30064777979,68719483708,RECEIVER
30064777994,30064777995,RECEIVER
30064778006,30064778007,RECEIVER
30064778009,30064778010,RECEIVER
30064778012,30064778013,RECEIVER
30064778015,30064778016,RECEIVER
30064778018,30064778019,RECEIVER
30064778039,30064778040,RECEIVER
30064778053,30064778054,RECEIVER
30064778067,30064778068,RECEIVER
30064778081,30064778082,RECEIVER
30064778094,30064778095,RECEIVER
30064778123,68719483454,RECEIVER
30064778125,30064778126,RECEIVER
30064778128,30064778129,RECEIVER
30064778165,30064778166,RECEIVER
30064778167,30064778168,RECEIVER
30064778169,30064778170,RECEIVER
30064778171,30064778172,RECEIVER
30064778175,30064778176,RECEIVER
30064778179,30064778180,RECEIVER
30064778185,30064778186,RECEIVER
30064778189,30064778190,RECEIVER
30064778195,30064778196,RECEIVER
30064778199,30064778200,RECEIVER
30064778205,30064778206,RECEIVER
30064778209,30064778210,RECEIVER
30064778214,68719483565,RECEIVER
30064778218,68719483570,RECEIVER
30064778219,30064778220,RECEIVER
30064778223,30064778224,RECEIVER
30064778227,30064778228,RECEIVER
30064778231,30064778232,RECEIVER
30064778235,30064778236,RECEIVER
30064778237,30064778238,RECEIVER
30064778241,30064778242,RECEIVER
30064778245,30064778246,RECEIVER
30064778249,30064778250,RECEIVER
30064778254,30064778255,RECEIVER
30064778257,30064778258,RECEIVER
30064778259,30064778260,RECEIVER
30064778262,30064778263,RECEIVER
30064778265,30064778266,RECEIVER
30064778268,30064778269,RECEIVER
30064778271,30064778272,RECEIVER
30064778274,30064778275,RECEIVER
30064778277,30064778278,RECEIVER
30064778280,30064778281,RECEIVER
30064778305,30064778306,RECEIVER
30064778313,30064778314,RECEIVER
30064778321,30064778322,RECEIVER
30064778329,30064778330,RECEIVER
30064778346,68719483667,RECEIVER
30064778357,68719483678,RECEIVER
30064778368,68719483689,RECEIVER
30064778379,68719483700,RECEIVER
30064778392,68719483972,RECEIVER
30064778394,68719483719,RECEIVER
30064778404,30064778405,RECEIVER
30064778406,30064778407,RECEIVER
30064778410,30064778411,RECEIVER
30064778412,30064778413,RECEIVER
30064778414,30064778415,RECEIVER
30064778416,30064778417,RECEIVER
30064778418,30064778419,RECEIVER
30064778422,30064778423,RECEIVER
30064778424,30064778425,RECEIVER
30064778426,30064778427,RECEIVER
30064778428,30064778429,RECEIVER
30064778430,30064778431,RECEIVER
30064778434,30064778435,RECEIVER
30064778436,30064778437,RECEIVER
30064778438,30064778439,RECEIVER
30064778440,30064778441,RECEIVER
30064778442,30064778443,RECEIVER
30064778446,30064778447,RECEIVER
30064778448,30064778449,RECEIVER
30064778450,30064778451,RECEIVER
30064778475,30064778476,RECEIVER
30064778479,30064778480,RECEIVER
30064778481,30064778482,RECEIVER
30064778483,30064778484,RECEIVER
30064778485,30064778486,RECEIVER
30064778490,30064778491,RECEIVER
30064778495,30064778496,RECEIVER
30064778500,30064778501,RECEIVER
30064778505,30064778506,RECEIVER
30064778510,30064778511,RECEIVER
30064778516,30064778517,RECEIVER
30064778521,30064778522,RECEIVER
30064778531,30064778532,RECEIVER
30064778534,68719483857,RECEIVER
30064778538,30064778539,RECEIVER
30064778541,30064778542,RECEIVER
30064778545,30064778546,RECEIVER
30064778556,68719483877,RECEIVER
30064778557,30064778558,RECEIVER
30064778560,30064778561,RECEIVER
30064778563,30064778564,RECEIVER
30064778568,68719483894,RECEIVER
30064778570,30064778571,RECEIVER
30064778578,68719483905,RECEIVER
30064778579,30064778580,RECEIVER
30064778582,30064778583,RECEIVER
30064778584,30064778585,RECEIVER
30064778589,68719483918,RECEIVER
30064778590,30064778591,RECEIVER
30064778593,30064778594,RECEIVER
30064778595,30064778596,RECEIVER
30064778602,68719483934,RECEIVER
30064778607,30064778608,RECEIVER
30064778610,30064778611,RECEIVER
30064778612,30064778613,RECEIVER
30064778615,68719483947,RECEIVER
30064778621,68719483955,RECEIVER
30064778625,30064778626,RECEIVER
30064778629,30064778630,RECEIVER
30064778631,30064778632,RECEIVER
30064778651,68719484063,RECEIVER
30064778652,68719484066,RECEIVER
30064778658,30064778659,RECEIVER
30064778669,30064778670,RECEIVER
30064778675,30064778676,RECEIVER
30064778681,30064778682,RECEIVER
30064778685,30064778686,RECEIVER
30064778693,30064778694,RECEIVER
30064778698,30064778699,RECEIVER
30064778707,30064778708,RECEIVER
30064778717,30064778718,RECEIVER
30064778730,68719484070,RECEIVER
30064778733,68719484357,RECEIVER
30064778734,68719484360,RECEIVER
30064778735,68719484363,RECEIVER
30064778736,68719484366,RECEIVER
30064778738,30064778739,RECEIVER
30064778742,30064778743,RECEIVER
30064778756,30064778757,RECEIVER
30064778763,68719484096,RECEIVER
30064778767,30064778768,RECEIVER
30064778771,30064778772,RECEIVER
30064778785,30064778786,RECEIVER
30064778790,30064778791,RECEIVER
30064778797,30064778798,RECEIVER
30064778807,68719484137,RECEIVER
30064778812,30064778813,RECEIVER
30064778843,68719484170,RECEIVER
30064778846,30064778847,RECEIVER
30064778848,30064778849,RECEIVER
30064778855,30064778856,RECEIVER
30064778858,30064778859,RECEIVER
30064778860,30064778861,RECEIVER
30064778870,30064778871,RECEIVER
30064778880,30064778881,RECEIVER
30064778901,30064778902,RECEIVER
30064778907,30064778908,RECEIVER
30064778909,30064778910,RECEIVER
30064778919,30064778920,RECEIVER
30064778924,30064778925,RECEIVER
30064778934,30064778935,RECEIVER
30064778942,30064778943,RECEIVER
30064778952,30064778953,RECEIVER
30064778962,30064778963,RECEIVER
30064778983,30064778984,RECEIVER
30064778989,30064778990,RECEIVER
30064778991,30064778992,RECEIVER
30064778997,30064778998,RECEIVER
30064779001,30064779002,RECEIVER
30064779007,30064779008,RECEIVER
30064779013,30064779014,RECEIVER
30064779017,30064779018,RECEIVER
30064779025,30064779026,RECEIVER
30064779029,30064779030,RECEIVER
30064779055,68719484370,RECEIVER
30064779058,68719484580,RECEIVER
30064779059,68719484583,RECEIVER
30064779061,30064779062,RECEIVER
30064779065,30064779066,RECEIVER
30064779079,30064779080,RECEIVER
30064779086,68719484396,RECEIVER
30064779094,30064779095,RECEIVER
30064779098,30064779099,RECEIVER
30064779112,30064779113,RECEIVER
30064779121,30064779122,RECEIVER
30064779125,30064779126,RECEIVER
30064779139,30064779140,RECEIVER
30064779149,30064779150,RECEIVER
30064779164,30064779165,RECEIVER
30064779170,30064779171,RECEIVER
30064779180,30064779181,RECEIVER
30064779184,30064779185,RECEIVER
30064779198,30064779199,RECEIVER
30064779204,30064779205,RECEIVER
30064779208,30064779209,RECEIVER
30064779216,30064779217,RECEIVER
30064779222,30064779223,RECEIVER
30064779226,30064779227,RECEIVER
30064779237,30064779238,RECEIVER
30064779242,30064779243,RECEIVER
30064779245,30064779246,RECEIVER
30064779248,30064779249,RECEIVER
30064779252,30064779253,RECEIVER
30064779260,30064779261,RECEIVER
30064779263,30064779264,RECEIVER
30064779267,30064779268,RECEIVER
30064779269,30064779270,RECEIVER
30064779274,30064779275,RECEIVER
30064779278,30064779279,RECEIVER
30064779296,68719484587,RECEIVER
30064779299,68719484672,RECEIVER
30064779301,30064779302,RECEIVER
30064779305,30064779306,RECEIVER
30064779324,30064779325,RECEIVER
30064779329,30064779330,RECEIVER
30064779353,30064779354,RECEIVER
30064779361,30064779362,RECEIVER
30064779372,30064779373,RECEIVER
30064779378,30064779379,RECEIVER
30064779386,30064779387,RECEIVER
30064779388,30064779389,RECEIVER
30064779400,68719484676,RECEIVER
30064779403,68719484709,RECEIVER
30064779405,30064779406,RECEIVER
30064779408,30064779409,RECEIVER
30064779410,30064779411,RECEIVER
30064779414,30064779415,RECEIVER
30064779418,30064779419,RECEIVER
30064779421,30064779422,RECEIVER
30064779427,68719484702,RECEIVER
30064779436,68719484713,RECEIVER
30064779439,68719484749,RECEIVER
30064779440,68719484752,RECEIVER
30064779450,30064779451,RECEIVER
30064779456,30064779457,RECEIVER
30064779460,30064779461,RECEIVER
30064779477,30064779478,RECEIVER
30064779494,68719484756,RECEIVER
30064779497,68719484823,RECEIVER
30064779498,68719484826,RECEIVER
30064779500,30064779501,RECEIVER
30064779504,30064779505,RECEIVER
30064779511,30064779512,RECEIVER
30064779517,68719484777,RECEIVER
30064779521,30064779522,RECEIVER
30064779525,30064779526,RECEIVER
30064779529,30064779530,RECEIVER
30064779535,68719484794,RECEIVER
30064779543,30064779544,RECEIVER
30064779545,30064779546,RECEIVER
30064779550,30064779551,RECEIVER
30064779553,30064779554,RECEIVER
30064779555,30064779556,RECEIVER
30064779567,68719484830,RECEIVER
30064779570,68719484874,RECEIVER
30064779571,68719484877,RECEIVER
30064779577,68719484838,RECEIVER
30064779581,30064779582,RECEIVER
30064779585,30064779586,RECEIVER
30064779604,68719484862,RECEIVER
30064779605,30064779606,RECEIVER
30064779607,30064779608,RECEIVER
30064779617,68719484881,RECEIVER
30064779620,68719484960,RECEIVER
30064779621,68719484963,RECEIVER
30064779623,30064779624,RECEIVER
30064779629,30064779630,RECEIVER
30064779633,30064779634,RECEIVER
30064779649,30064779650,RECEIVER
30064779652,30064779653,RECEIVER
30064779668,30064779669,RECEIVER
30064779670,30064779671,RECEIVER
30064779674,30064779675,RECEIVER
30064779680,68719484936,RECEIVER
30064779684,30064779685,RECEIVER
30064779688,30064779689,RECEIVER
30064779692,30064779693,RECEIVER
30064779698,68719484953,RECEIVER
30064779709,68719484967,RECEIVER
30064779747,68719485335,RECEIVER
30064779748,68719485338,RECEIVER
30064779749,68719485341,RECEIVER
30064779750,30064779751,RECEIVER
30064779757,30064779758,RECEIVER
30064779761,30064779762,RECEIVER
30064779764,30064779765,RECEIVER
30064779769,30064779770,RECEIVER
30064779780,30064779781,RECEIVER
30064779783,30064779784,RECEIVER
30064779786,30064779787,RECEIVER
30064779791,30064779792,RECEIVER
30064779794,30064779795,RECEIVER
30064779797,30064779798,RECEIVER
30064779801,30064779802,RECEIVER
30064779805,30064779806,RECEIVER
30064779892,68719485124,RECEIVER
30064779897,68719485130,RECEIVER
30064779901,30064779902,RECEIVER
30064779903,30064779904,RECEIVER
30064779913,30064779914,RECEIVER
30064779917,30064779918,RECEIVER
30064779919,30064779920,RECEIVER
30064779924,30064779925,RECEIVER
30064779932,30064779933,RECEIVER
30064779936,30064779937,RECEIVER
30064779944,30064779945,RECEIVER
30064779947,30064779948,RECEIVER
30064779952,30064779953,RECEIVER
30064779959,30064779960,RECEIVER
30064779964,30064779965,RECEIVER
30064779978,30064779979,RECEIVER
30064779994,30064779995,RECEIVER
30064780000,68719485220,RECEIVER
30064780007,68719485229,RECEIVER
30064780008,30064780009,RECEIVER
30064780011,30064780012,RECEIVER
30064780014,30064780015,RECEIVER
30064780028,30064780029,RECEIVER
30064780041,30064780042,RECEIVER
30064780046,68719485257,RECEIVER
30064780048,30064780049,RECEIVER
30064780053,68719485264,RECEIVER
30064780062,30064780063,RECEIVER
30064780066,30064780067,RECEIVER
30064780069,30064780070,RECEIVER
30064780073,30064780074,RECEIVER
30064780086,30064780087,RECEIVER
30064780100,30064780101,RECEIVER
30064780114,30064780115,RECEIVER
30064780123,30064780124,RECEIVER
30064780127,30064780128,RECEIVER
30064780139,68719485345,RECEIVER
30064780142,68719485693,RECEIVER
30064780143,68719485696,RECEIVER
30064780144,68719485699,RECEIVER
30064780145,68719485702,RECEIVER
30064780146,68719485705,RECEIVER
30064780151,30064780152,RECEIVER
30064780153,30064780154,RECEIVER
30064780156,30064780157,RECEIVER
30064780159,30064780160,RECEIVER
30064780162,30064780163,RECEIVER
30064780165,30064780166,RECEIVER
30064780168,30064780169,RECEIVER
30064780171,30064780172,RECEIVER
30064780174,30064780175,RECEIVER
30064780177,30064780178,RECEIVER
30064780180,30064780181,RECEIVER
30064780183,30064780184,RECEIVER
30064780186,30064780187,RECEIVER
30064780189,30064780190,RECEIVER
30064780192,30064780193,RECEIVER
30064780195,30064780196,RECEIVER
30064780198,30064780199,RECEIVER
30064780201,30064780202,RECEIVER
30064780204,30064780205,RECEIVER
30064780207,30064780208,RECEIVER
30064780210,30064780211,RECEIVER
30064780213,30064780214,RECEIVER
30064780216,30064780217,RECEIVER
30064780219,30064780220,RECEIVER
30064780222,30064780223,RECEIVER
30064780225,30064780226,RECEIVER
30064780228,30064780229,RECEIVER
30064780231,30064780232,RECEIVER
30064780234,30064780235,RECEIVER
30064780237,30064780238,RECEIVER
30064780240,30064780241,RECEIVER
30064780245,30064780246,RECEIVER
30064780248,68719485449,RECEIVER
30064780249,30064780250,RECEIVER
30064780254,30064780255,RECEIVER
30064780259,30064780260,RECEIVER
30064780265,68719485469,RECEIVER
30064780268,68719485474,RECEIVER
30064780285,30064780286,RECEIVER
30064780287,30064780288,RECEIVER
30064780290,30064780291,RECEIVER
30064780293,30064780294,RECEIVER
30064780296,30064780297,RECEIVER
30064780299,30064780300,RECEIVER
30064780302,30064780303,RECEIVER
30064780305,30064780306,RECEIVER
30064780308,30064780309,RECEIVER
30064780311,30064780312,RECEIVER
30064780314,30064780315,RECEIVER
30064780317,30064780318,RECEIVER
30064780320,30064780321,RECEIVER
30064780324,30064780325,RECEIVER
30064780327,68719485530,RECEIVER
30064780328,30064780329,RECEIVER
30064780333,30064780334,RECEIVER
30064780339,30064780340,RECEIVER
30064780342,68719485548,RECEIVER
30064780345,30064780346,RECEIVER
30064780350,30064780351,RECEIVER
30064780361,30064780362,RECEIVER
30064780364,68719485570,RECEIVER
30064780367,30064780368,RECEIVER
30064780370,30064780371,RECEIVER
30064780375,30064780376,RECEIVER
30064780381,30064780382,RECEIVER
30064780384,68719485593,RECEIVER
30064780387,30064780388,RECEIVER
30064780411,30064780412,RECEIVER
30064780417,30064780418,RECEIVER
30064780423,30064780424,RECEIVER
30064780429,30064780430,RECEIVER
30064780435,30064780436,RECEIVER
30064780441,30064780442,RECEIVER
30064780445,30064780446,RECEIVER
30064780452,30064780453,RECEIVER
30064780461,30064780462,RECEIVER
30064780464,68719485660,RECEIVER
30064780467,30064780468,RECEIVER
30064780470,30064780471,RECEIVER
30064780474,30064780475,RECEIVER
30064780477,68719485676,RECEIVER
30064780480,30064780481,RECEIVER
30064780482,30064780483,RECEIVER
30064780485,30064780486,RECEIVER
30064780501,68719485709,RECEIVER
30064780504,68719486080,RECEIVER
30064780505,68719486083,RECEIVER
30064780506,68719486086,RECEIVER
30064780507,68719486089,RECEIVER
30064780508,30064780509,RECEIVER
30064780511,30064780512,RECEIVER
30064780515,30064780516,RECEIVER
30064780517,30064780518,RECEIVER
30064780519,30064780520,RECEIVER
30064780522,30064780523,RECEIVER
30064780537,30064780538,RECEIVER
30064780541,30064780542,RECEIVER
30064780543,30064780544,RECEIVER
30064780546,30064780547,RECEIVER
30064780548,30064780549,RECEIVER
30064780551,30064780552,RECEIVER
30064780558,68719485768,RECEIVER
30064780559,30064780560,RECEIVER
30064780562,30064780563,RECEIVER
30064780565,30064780566,RECEIVER
30064780570,68719485780,RECEIVER
30064780571,30064780572,RECEIVER
30064780574,30064780575,RECEIVER
30064780577,30064780578,RECEIVER
30064780579,30064780580,RECEIVER
30064780583,30064780584,RECEIVER
30064780587,30064780588,RECEIVER
30064780589,30064780590,RECEIVER
30064780594,30064780595,RECEIVER
30064780597,30064780598,RECEIVER
30064780604,30064780605,RECEIVER
30064780606,30064780607,RECEIVER
30064780608,30064780609,RECEIVER
30064780610,30064780611,RECEIVER
30064780612,30064780613,RECEIVER
30064780614,30064780615,RECEIVER
30064780616,30064780617,RECEIVER
30064780618,30064780619,RECEIVER
30064780620,30064780621,RECEIVER
30064780622,30064780623,RECEIVER
30064780624,30064780625,RECEIVER
30064780626,30064780627,RECEIVER
30064780628,30064780629,RECEIVER
30064780630,30064780631,RECEIVER
30064780634,30064780635,RECEIVER
30064780636,30064780637,RECEIVER
30064780638,30064780639,RECEIVER
30064780642,30064780643,RECEIVER
30064780644,30064780645,RECEIVER
30064780646,30064780647,RECEIVER
30064780650,30064780651,RECEIVER
30064780652,30064780653,RECEIVER
30064780654,30064780655,RECEIVER
30064780658,30064780659,RECEIVER
30064780680,30064780681,RECEIVER
30064780687,30064780688,RECEIVER
30064780691,30064780692,RECEIVER
30064780699,30064780700,RECEIVER
30064780707,30064780708,RECEIVER
30064780719,30064780720,RECEIVER
30064780723,30064780724,RECEIVER
30064780731,30064780732,RECEIVER
30064780743,30064780744,RECEIVER
30064780747,30064780748,RECEIVER
30064780749,30064780750,RECEIVER
30064780751,30064780752,RECEIVER
30064780755,30064780756,RECEIVER
30064780757,30064780758,RECEIVER
30064780788,30064780789,RECEIVER
30064780790,68719486002,RECEIVER
30064780802,30064780803,RECEIVER
30064780805,30064780806,RECEIVER
30064780811,68719486024,RECEIVER
30064780812,30064780813,RECEIVER
30064780821,30064780822,RECEIVER
30064780823,68719486040,RECEIVER
30064780835,30064780836,RECEIVER
30064780840,30064780841,RECEIVER
30064780852,68719486066,RECEIVER
30064780853,30064780854,RECEIVER
30064780869,68719486093,RECEIVER
30064780872,68719486152,RECEIVER
30064780873,68719486155,RECEIVER
30064780884,30064780885,RECEIVER
30064780903,30064780904,RECEIVER
30064780906,30064780907,RECEIVER
30064780909,30064780910,RECEIVER
30064780924,30064780925,RECEIVER
30064780936,30064780937,RECEIVER
30064780945,68719486159,RECEIVER
30064780948,68719486231,RECEIVER
30064780949,68719486234,RECEIVER
30064780951,68719486165,RECEIVER
30064780952,30064780953,RECEIVER
30064780959,30064780960,RECEIVER
30064780961,30064780962,RECEIVER
30064780964,30064780965,RECEIVER
30064780967,30064780968,RECEIVER
30064780970,30064780971,RECEIVER
30064780973,30064780974,RECEIVER
30064780976,30064780977,RECEIVER
30064780981,30064780982,RECEIVER
30064780983,30064780984,RECEIVER
30064780989,68719486205,RECEIVER
30064780990,30064780991,RECEIVER
30064780996,30064780997,RECEIVER
30064781000,30064781001,RECEIVER
30064781005,30064781006,RECEIVER
30064781010,30064781011,RECEIVER
30064781020,68719486238,RECEIVER
30064781023,68719486357,RECEIVER
30064781024,68719486360,RECEIVER
30064781025,68719486363,RECEIVER
30064781026,68719486366,RECEIVER
30064781027,68719486369,RECEIVER
30064781028,30064781029,RECEIVER
30064781031,30064781032,RECEIVER
30064781035,30064781036,RECEIVER
30064781037,30064781038,RECEIVER
30064781057,30064781058,RECEIVER
30064781059,30064781060,RECEIVER
30064781063,30064781064,RECEIVER
30064781065,30064781066,RECEIVER
30064781068,30064781069,RECEIVER
30064781070,30064781071,RECEIVER
30064781073,30064781074,RECEIVER
30064781075,30064781076,RECEIVER
30064781078,30064781079,RECEIVER
30064781088,30064781089,RECEIVER
30064781101,30064781102,RECEIVER
30064781107,30064781108,RECEIVER
30064781125,30064781126,RECEIVER
30064781141,30064781142,RECEIVER
30064781146,30064781147,RECEIVER
30064781157,68719486373,RECEIVER
30064781160,68719486613,RECEIVER
30064781161,68719486616,RECEIVER
30064781167,30064781168,RECEIVER
30064781170,30064781171,RECEIVER
30064781175,30064781176,RECEIVER
30064781186,30064781187,RECEIVER
30064781189,30064781190,RECEIVER
30064781194,30064781195,RECEIVER
30064781197,30064781198,RECEIVER
30064781200,30064781201,RECEIVER
30064781204,30064781205,RECEIVER
30064781208,30064781209,RECEIVER
30064781285,30064781286,RECEIVER
30064781290,68719486493,RECEIVER
30064781292,30064781293,RECEIVER
30064781297,68719486500,RECEIVER
30064781306,30064781307,RECEIVER
30064781317,30064781318,RECEIVER
30064781324,30064781325,RECEIVER
30064781329,30064781330,RECEIVER
30064781342,30064781343,RECEIVER
30064781356,30064781357,RECEIVER
30064781362,68719486557,RECEIVER
30064781369,68719486566,RECEIVER
30064781370,30064781371,RECEIVER
30064781373,30064781374,RECEIVER
30064781376,30064781377,RECEIVER
30064781390,30064781391,RECEIVER
30064781403,30064781404,RECEIVER
30064781415,30064781416,RECEIVER
30064781426,68719486620,RECEIVER
30064781429,68719486946,RECEIVER
30064781430,68719486949,RECEIVER
30064781431,68719486952,RECEIVER
30064781432,68719486955,RECEIVER
30064781433,68719486958,RECEIVER
30064781438,30064781439,RECEIVER
30064781440,30064781441,RECEIVER
30064781443,30064781444,RECEIVER
30064781446,30064781447,RECEIVER
30064781449,30064781450,RECEIVER
30064781452,30064781453,RECEIVER
30064781455,30064781456,RECEIVER
30064781458,30064781459,RECEIVER
30064781461,30064781462,RECEIVER
30064781464,30064781465,RECEIVER
30064781467,30064781468,RECEIVER
30064781470,30064781471,RECEIVER
30064781473,30064781474,RECEIVER
30064781476,30064781477,RECEIVER
30064781479,30064781480,RECEIVER
30064781482,30064781483,RECEIVER
30064781485,30064781486,RECEIVER
30064781488,30064781489,RECEIVER
30064781491,30064781492,RECEIVER
30064781494,30064781495,RECEIVER
30064781497,30064781498,RECEIVER
30064781500,30064781501,RECEIVER
30064781503,30064781504,RECEIVER
30064781506,30064781507,RECEIVER
30064781509,30064781510,RECEIVER
30064781512,30064781513,RECEIVER
30064781515,30064781516,RECEIVER
30064781518,30064781519,RECEIVER
30064781523,30064781524,RECEIVER
30064781526,68719486715,RECEIVER
30064781527,30064781528,RECEIVER
30064781532,30064781533,RECEIVER
30064781537,30064781538,RECEIVER
30064781543,68719486735,RECEIVER
30064781545,68719486739,RECEIVER
30064781562,30064781563,RECEIVER
30064781564,30064781565,RECEIVER
30064781567,30064781568,RECEIVER
30064781570,30064781571,RECEIVER
30064781573,30064781574,RECEIVER
30064781576,30064781577,RECEIVER
30064781579,30064781580,RECEIVER
30064781582,30064781583,RECEIVER
30064781585,30064781586,RECEIVER
30064781588,30064781589,RECEIVER
30064781591,30064781592,RECEIVER
30064781594,30064781595,RECEIVER
30064781597,30064781598,RECEIVER
30064781601,30064781602,RECEIVER
30064781604,68719486795,RECEIVER
30064781605,30064781606,RECEIVER
30064781610,30064781611,RECEIVER
30064781616,30064781617,RECEIVER
30064781619,68719486813,RECEIVER
30064781622,30064781623,RECEIVER
30064781627,30064781628,RECEIVER
30064781638,30064781639,RECEIVER
30064781641,68719486835,RECEIVER
30064781644,30064781645,RECEIVER
30064781647,30064781648,RECEIVER
30064781652,30064781653,RECEIVER
30064781658,30064781659,RECEIVER
30064781661,68719486858,RECEIVER
30064781664,30064781665,RECEIVER
30064781684,30064781685,RECEIVER
30064781690,30064781691,RECEIVER
30064781696,30064781697,RECEIVER
30064781702,30064781703,RECEIVER
30064781706,30064781707,RECEIVER
30064781713,30064781714,RECEIVER
30064781722,30064781723,RECEIVER
30064781725,68719486913,RECEIVER
30064781728,30064781729,RECEIVER
30064781731,30064781732,RECEIVER
30064781735,30064781736,RECEIVER
30064781738,68719486929,RECEIVER
30064781741,30064781742,RECEIVER
30064781743,30064781744,RECEIVER
30064781746,30064781747,RECEIVER
30064781762,68719486962,RECEIVER
30064781765,68719487260,RECEIVER
30064781766,68719487263,RECEIVER
30064781767,68719487266,RECEIVER
30064781768,68719487269,RECEIVER
30064781769,30064781770,RECEIVER
30064781772,30064781773,RECEIVER
30064781776,30064781777,RECEIVER
30064781778,30064781779,RECEIVER
30064781780,30064781781,RECEIVER
30064781783,30064781784,RECEIVER
30064781796,30064781797,RECEIVER
30064781800,30064781801,RECEIVER
30064781802,30064781803,RECEIVER
30064781805,30064781806,RECEIVER
30064781807,30064781808,RECEIVER
30064781810,30064781811,RECEIVER
30064781817,68719487019,RECEIVER
30064781818,30064781819,RECEIVER
30064781821,30064781822,RECEIVER
30064781824,30064781825,RECEIVER
30064781829,68719487031,RECEIVER
30064781830,30064781831,RECEIVER
30064781833,30064781834,RECEIVER
30064781836,30064781837,RECEIVER
30064781838,30064781839,RECEIVER
30064781842,30064781843,RECEIVER
30064781846,30064781847,RECEIVER
30064781848,30064781849,RECEIVER
30064781853,30064781854,RECEIVER
30064781860,30064781861,RECEIVER
30064781862,30064781863,RECEIVER
30064781864,30064781865,RECEIVER
30064781866,30064781867,RECEIVER
30064781868,30064781869,RECEIVER
30064781870,30064781871,RECEIVER
30064781872,30064781873,RECEIVER
30064781874,30064781875,RECEIVER
30064781876,30064781877,RECEIVER
30064781878,30064781879,RECEIVER
30064781880,30064781881,RECEIVER
30064781882,30064781883,RECEIVER
30064781896,30064781897,RECEIVER
30064781902,30064781903,RECEIVER
30064781906,30064781907,RECEIVER
30064781908,30064781909,RECEIVER
30064781910,30064781911,RECEIVER
30064781913,30064781914,RECEIVER
30064781915,30064781916,RECEIVER
30064781917,30064781918,RECEIVER
30064781920,30064781921,RECEIVER
30064781922,30064781923,RECEIVER
30064781947,30064781948,RECEIVER
30064781951,68719487166,RECEIVER
30064781963,30064781964,RECEIVER
30064781967,30064781968,RECEIVER
30064781974,68719487189,RECEIVER
30064781975,30064781976,RECEIVER
30064781984,30064781985,RECEIVER
30064781986,30064781987,RECEIVER
30064781989,30064781990,RECEIVER
30064782002,30064782003,RECEIVER
30064782004,30064782005,RECEIVER
30064782009,30064782010,RECEIVER
30064782011,30064782012,RECEIVER
30064782016,30064782017,RECEIVER
30064782027,30064782028,RECEIVER
30064782055,68719487273,RECEIVER
30064782078,68719487453,RECEIVER
30064782079,68719487456,RECEIVER
30064782080,68719487459,RECEIVER
30064782081,68719487462,RECEIVER
30064782082,68719487465,RECEIVER
30064782083,68719487468,RECEIVER
30064782084,68719487471,RECEIVER
30064782092,30064782093,RECEIVER
30064782098,30064782099,RECEIVER
30064782101,30064782102,RECEIVER
30064782107,30064782108,RECEIVER
30064782110,30064782111,RECEIVER
30064782116,30064782117,RECEIVER
30064782119,30064782120,RECEIVER
30064782128,30064782129,RECEIVER
30064782130,30064782131,RECEIVER
30064782132,30064782133,RECEIVER
30064782134,30064782135,RECEIVER
30064782137,30064782138,RECEIVER
30064782139,30064782140,RECEIVER
30064782142,30064782143,RECEIVER
30064782144,30064782145,RECEIVER
30064782157,68719487358,RECEIVER
30064782175,68719487372,RECEIVER
30064782178,30064782179,RECEIVER
30064782180,30064782181,RECEIVER
30064782184,30064782185,RECEIVER
30064782189,30064782190,RECEIVER
30064782259,30064782260,RECEIVER
30064782263,30064782264,RECEIVER
30064782284,68719487475,RECEIVER
30064782287,68719487510,RECEIVER
30064782288,68719487513,RECEIVER
30064782289,68719487516,RECEIVER
30064782290,68719487519,RECEIVER
30064782293,68719487481,RECEIVER
30064782294,30064782295,RECEIVER
30064782298,68719487487,RECEIVER
30064782299,30064782300,RECEIVER
30064782303,68719487493,RECEIVER
30064782306,30064782307,RECEIVER
30064782310,30064782311,RECEIVER
30064782327,68719487523,RECEIVER
30064782330,68719487691,RECEIVER
30064782331,68719487694,RECEIVER
30064782332,68719487697,RECEIVER
30064782333,68719487700,RECEIVER
30064782334,68719487703,RECEIVER
30064782335,68719487706,RECEIVER
30064782336,68719487709,RECEIVER
30064782337,68719487712,RECEIVER
30064782338,68719487715,RECEIVER
30064782340,30064782341,RECEIVER
30064782342,30064782343,RECEIVER
30064782347,30064782348,RECEIVER
30064782349,30064782350,RECEIVER
30064782357,30064782358,RECEIVER
30064782360,30064782361,RECEIVER
30064782363,30064782364,RECEIVER
30064782372,30064782373,RECEIVER
30064782374,30064782375,RECEIVER
30064782377,30064782378,RECEIVER
30064782379,30064782380,RECEIVER
30064782382,30064782383,RECEIVER
30064782384,30064782385,RECEIVER
30064782395,68719487584,RECEIVER
30064782413,68719487598,RECEIVER
30064782416,30064782417,RECEIVER
30064782418,30064782419,RECEIVER
30064782462,30064782463,RECEIVER
30064782466,30064782467,RECEIVER
30064782469,68719487647,RECEIVER
30064782470,30064782471,RECEIVER
30064782475,30064782476,RECEIVER
30064782478,30064782479,RECEIVER
30064782484,68719487661,RECEIVER
30064782485,30064782486,RECEIVER
30064782496,30064782497,RECEIVER
30064782498,30064782499,RECEIVER
30064782502,30064782503,RECEIVER
30064782530,68719487719,RECEIVER
30064782533,68719487862,RECEIVER
30064782534,68719487865,RECEIVER
30064782535,68719487868,RECEIVER
30064782536,68719487871,RECEIVER
30064782537,68719487874,RECEIVER
30064782538,68719487877,RECEIVER
30064782539,68719487880,RECEIVER
30064782540,68719487724,RECEIVER
30064782543,30064782544,RECEIVER
30064782545,30064782546,RECEIVER
30064782561,30064782562,RECEIVER
30064782566,30064782567,RECEIVER
30064782599,30064782600,RECEIVER
30064782610,68719487777,RECEIVER
30064782611,30064782612,RECEIVER
30064782616,68719487783,RECEIVER
30064782618,68719487786,RECEIVER
30064782619,30064782620,RECEIVER
30064782621,30064782622,RECEIVER
30064782627,68719487795,RECEIVER
30064782628,30064782629,RECEIVER
30064782635,30064782636,RECEIVER
30064782639,30064782640,RECEIVER
30064782642,30064782643,RECEIVER
30064782675,68719487832,RECEIVER
30064782678,30064782679,RECEIVER
30064782681,68719487839,RECEIVER
30064782682,30064782683,RECEIVER
30064782688,68719487846,RECEIVER
30064782690,30064782691,RECEIVER
30064782696,68719487853,RECEIVER
30064782697,30064782698,RECEIVER
30064782714,68719487884,RECEIVER
30064782801,30064782802,RECEIVER
30064782803,30064782804,RECEIVER
30064782810,68719487947,RECEIVER
30064782813,68719488140,RECEIVER
30064782814,68719488143,RECEIVER
30064782816,30064782817,RECEIVER
30064782824,30064782825,RECEIVER
30064782836,30064782837,RECEIVER
30064782843,30064782844,RECEIVER
30064782846,30064782847,RECEIVER
30064782855,30064782856,RECEIVER
30064782862,30064782863,RECEIVER
30064782872,30064782873,RECEIVER
30064782881,30064782882,RECEIVER
30064782888,68719487999,RECEIVER
30064782894,68719488004,RECEIVER
30064782897,30064782898,RECEIVER
30064782904,30064782905,RECEIVER
30064782910,30064782911,RECEIVER
30064782913,30064782914,RECEIVER
30064782918,30064782919,RECEIVER
30064782920,30064782921,RECEIVER
30064782922,30064782923,RECEIVER
30064782924,30064782925,RECEIVER
30064782926,30064782927,RECEIVER
30064782928,30064782929,RECEIVER
30064782930,30064782931,RECEIVER
30064782932,30064782933,RECEIVER
30064782934,30064782935,RECEIVER
30064782940,30064782941,RECEIVER
30064782943,30064782944,RECEIVER
30064782948,30064782949,RECEIVER
30064782952,30064782953,RECEIVER
30064782954,30064782955,RECEIVER
30064782962,30064782963,RECEIVER
30064782969,30064782970,RECEIVER
30064782973,30064782974,RECEIVER
30064782977,30064782978,RECEIVER
30064782981,30064782982,RECEIVER
30064782985,30064782986,RECEIVER
30064782993,30064782994,RECEIVER
30064782997,30064782998,RECEIVER
30064783002,30064783003,RECEIVER
30064783006,30064783007,RECEIVER
30064783010,30064783011,RECEIVER
30064783015,30064783016,RECEIVER
30064783021,30064783022,RECEIVER
30064783026,30064783027,RECEIVER
30064783030,30064783031,RECEIVER
30064783032,30064783033,RECEIVER
30064783037,30064783038,RECEIVER
30064783041,30064783042,RECEIVER
30064783051,68719488208,RECEIVER
30064783052,68719488211,RECEIVER
30064783056,30064783057,RECEIVER
30064783077,68719488164,RECEIVER
30064783079,30064783080,RECEIVER
30064783088,68719488176,RECEIVER
30064783093,68719488181,RECEIVER
30064783096,68719488184,RECEIVER
30064783099,68719488187,RECEIVER
30064783102,68719488190,RECEIVER
30064783105,68719488193,RECEIVER
30064783108,68719488196,RECEIVER
30064783109,30064783110,RECEIVER
30064783122,68719488434,RECEIVER
30064783123,68719488437,RECEIVER
30064783124,68719488440,RECEIVER
30064783125,68719488443,RECEIVER
30064783126,68719488446,RECEIVER
30064783128,68719488217,RECEIVER
30064783130,30064783131,RECEIVER
30064783137,30064783138,RECEIVER
30064783139,30064783140,RECEIVER
30064783142,30064783143,RECEIVER
30064783145,30064783146,RECEIVER
30064783148,30064783149,RECEIVER
30064783151,30064783152,RECEIVER
30064783153,30064783154,RECEIVER
30064783156,30064783157,RECEIVER
30064783159,30064783160,RECEIVER
30064783162,30064783163,RECEIVER
30064783165,30064783166,RECEIVER
30064783168,30064783169,RECEIVER
30064783172,30064783173,RECEIVER
30064783174,30064783175,RECEIVER
30064783177,30064783178,RECEIVER
30064783183,68719488277,RECEIVER
30064783185,68719488280,RECEIVER
30064783202,30064783203,RECEIVER
30064783204,30064783205,RECEIVER
30064783207,30064783208,RECEIVER
30064783210,30064783211,RECEIVER
30064783213,30064783214,RECEIVER
30064783216,30064783217,RECEIVER
30064783219,30064783220,RECEIVER
30064783222,30064783223,RECEIVER
30064783225,30064783226,RECEIVER
30064783227,30064783228,RECEIVER
30064783230,30064783231,RECEIVER
30064783236,68719488334,RECEIVER
30064783240,30064783241,RECEIVER
30064783244,30064783245,RECEIVER
30064783252,30064783253,RECEIVER
30064783262,68719488358,RECEIVER
30064783267,30064783268,RECEIVER
30064783271,30064783272,RECEIVER
30064783274,30064783275,RECEIVER
30064783280,68719488379,RECEIVER
30064783284,30064783285,RECEIVER
30064783288,30064783289,RECEIVER
30064783291,30064783292,RECEIVER
30064783297,68719488399,RECEIVER
30064783299,30064783300,RECEIVER
30064783303,30064783304,RECEIVER
30064783306,30064783307,RECEIVER
30064783310,30064783311,RECEIVER
30064783312,30064783313,RECEIVER
30064783315,30064783316,RECEIVER
30064783346,68719488564,RECEIVER
30064783347,68719488567,RECEIVER
30064783348,68719488570,RECEIVER
30064783349,68719488573,RECEIVER
30064783354,68719488453,RECEIVER
30064783359,68719488458,RECEIVER
30064783364,68719488463,RECEIVER
30064783365,30064783366,RECEIVER
30064783370,68719488470,RECEIVER
30064783375,68719488475,RECEIVER
30064783377,30064783378,RECEIVER
30064783382,30064783383,RECEIVER
30064783388,30064783389,RECEIVER
30064783391,30064783392,RECEIVER
30064783398,30064783399,RECEIVER
30064783419,30064783420,RECEIVER
30064783424,30064783425,RECEIVER
30064783428,30064783429,RECEIVER
30064783431,30064783432,RECEIVER
30064783438,30064783439,RECEIVER
30064783444,30064783445,RECEIVER
30064783450,30064783451,RECEIVER
30064783454,30064783455,RECEIVER
30064783491,68719488686,RECEIVER
30064783492,68719488689,RECEIVER
30064783496,30064783497,RECEIVER
30064783499,30064783500,RECEIVER
30064783508,30064783509,RECEIVER
30064783520,30064783521,RECEIVER
30064783527,68719488597,RECEIVER
30064783533,68719488602,RECEIVER
30064783536,30064783537,RECEIVER
30064783543,30064783544,RECEIVER
30064783549,30064783550,RECEIVER
30064783552,30064783553,RECEIVER
30064783557,30064783558,RECEIVER
30064783559,30064783560,RECEIVER
30064783561,30064783562,RECEIVER
30064783563,30064783564,RECEIVER
30064783569,30064783570,RECEIVER
30064783574,30064783575,RECEIVER
30064783578,30064783579,RECEIVER
30064783580,30064783581,RECEIVER
30064783589,30064783590,RECEIVER
30064783593,30064783594,RECEIVER
30064783597,30064783598,RECEIVER
30064783602,30064783603,RECEIVER
30064783610,30064783611,RECEIVER
30064783614,30064783615,RECEIVER
30064783619,30064783620,RECEIVER
30064783623,30064783624,RECEIVER
30064783634,68719488742,RECEIVER
30064783638,30064783639,RECEIVER
30064783659,68719488710,RECEIVER
30064783661,30064783662,RECEIVER
30064783666,68719488718,RECEIVER
30064783673,68719488725,RECEIVER
30064783678,68719488730,RECEIVER
30064783679,30064783680,RECEIVER
30064783690,68719488917,RECEIVER
30064783691,68719488920,RECEIVER
30064783692,68719488923,RECEIVER
30064783693,68719488926,RECEIVER
30064783694,68719488929,RECEIVER
30064783696,68719488748,RECEIVER
30064783698,30064783699,RECEIVER
30064783705,30064783706,RECEIVER
30064783707,30064783708,RECEIVER
30064783710,30064783711,RECEIVER
30064783713,30064783714,RECEIVER
30064783716,30064783717,RECEIVER
30064783719,30064783720,RECEIVER
30064783722,30064783723,RECEIVER
30064783724,30064783725,RECEIVER
30064783728,30064783729,RECEIVER
30064783730,30064783731,RECEIVER
30064783733,30064783734,RECEIVER
30064783739,68719488796,RECEIVER
30064783741,68719488799,RECEIVER
30064783752,30064783753,RECEIVER
30064783754,30064783755,RECEIVER
30064783757,30064783758,RECEIVER
30064783760,30064783761,RECEIVER
30064783763,30064783764,RECEIVER
30064783765,30064783766,RECEIVER
30064783768,30064783769,RECEIVER
30064783774,68719488837,RECEIVER
30064783778,30064783779,RECEIVER
30064783782,30064783783,RECEIVER
30064783790,30064783791,RECEIVER
30064783800,68719488861,RECEIVER
30064783805,30064783806,RECEIVER
30064783809,30064783810,RECEIVER
30064783812,30064783813,RECEIVER
30064783818,68719488882,RECEIVER
30064783820,30064783821,RECEIVER
30064783824,30064783825,RECEIVER
30064783827,30064783828,RECEIVER
30064783831,30064783832,RECEIVER
30064783833,30064783834,RECEIVER
30064783836,30064783837,RECEIVER
30064783867,68719489018,RECEIVER
30064783868,68719489021,RECEIVER
30064783869,68719489024,RECEIVER
30064783870,68719489027,RECEIVER
30064783875,68719488936,RECEIVER
30064783880,68719488941,RECEIVER
30064783885,68719488946,RECEIVER
30064783886,30064783887,RECEIVER
30064783891,68719488953,RECEIVER
30064783896,68719488958,RECEIVER
30064783898,30064783899,RECEIVER
30064783903,30064783904,RECEIVER
30064783906,30064783907,RECEIVER
30064783914,30064783915,RECEIVER
30064783919,30064783920,RECEIVER
30064783923,30064783924,RECEIVER
30064783926,30064783927,RECEIVER
30064783933,30064783934,RECEIVER
30064783939,30064783940,RECEIVER
30064783945,30064783946,RECEIVER
30064783967,68719489121,RECEIVER
30064783968,68719489124,RECEIVER
30064783972,30064783973,RECEIVER
30064783975,30064783976,RECEIVER
30064783984,30064783985,RECEIVER
30064783996,30064783997,RECEIVER
30064784003,68719489051,RECEIVER
30064784009,68719489056,RECEIVER
30064784012,30064784013,RECEIVER
30064784019,30064784020,RECEIVER
30064784025,30064784026,RECEIVER
30064784028,30064784029,RECEIVER
30064784033,30064784034,RECEIVER
30064784035,30064784036,RECEIVER
30064784037,30064784038,RECEIVER
30064784039,30064784040,RECEIVER
30064784041,30064784042,RECEIVER
30064784043,30064784044,RECEIVER
30064784045,30064784046,RECEIVER
30064784051,30064784052,RECEIVER
30064784056,30064784057,RECEIVER
30064784060,30064784061,RECEIVER
30064784062,30064784063,RECEIVER
30064784071,30064784072,RECEIVER
30064784075,30064784076,RECEIVER
30064784079,30064784080,RECEIVER
30064784090,68719489188,RECEIVER
30064784094,30064784095,RECEIVER
30064784115,68719489145,RECEIVER
30064784117,30064784118,RECEIVER
30064784120,68719489152,RECEIVER
30064784122,30064784123,RECEIVER
30064784127,68719489160,RECEIVER
30064784130,68719489163,RECEIVER
30064784135,68719489168,RECEIVER
30064784138,68719489171,RECEIVER
30064784143,68719489176,RECEIVER
30064784144,30064784145,RECEIVER
30064784155,68719489370,RECEIVER
30064784156,68719489373,RECEIVER
30064784157,68719489376,RECEIVER
30064784158,68719489379,RECEIVER
30064784159,68719489382,RECEIVER
30064784161,68719489194,RECEIVER
30064784163,30064784164,RECEIVER
30064784167,30064784168,RECEIVER
30064784174,30064784175,RECEIVER
30064784176,30064784177,RECEIVER
30064784179,30064784180,RECEIVER
30064784182,30064784183,RECEIVER
30064784185,30064784186,RECEIVER
30064784187,30064784188,RECEIVER
30064784190,30064784191,RECEIVER
30064784193,30064784194,RECEIVER
30064784196,30064784197,RECEIVER
30064784198,30064784199,RECEIVER
30064784202,30064784203,RECEIVER
30064784204,30064784205,RECEIVER
30064784207,30064784208,RECEIVER
30064784213,68719489252,RECEIVER
30064784215,68719489255,RECEIVER
30064784229,30064784230,RECEIVER
30064784231,30064784232,RECEIVER
30064784234,30064784235,RECEIVER
30064784237,30064784238,RECEIVER
30064784240,30064784241,RECEIVER
30064784243,30064784244,RECEIVER
30064784245,30064784246,RECEIVER
30064784248,30064784249,RECEIVER
30064784254,68719489298,RECEIVER
30064784258,30064784259,RECEIVER
30064784262,30064784263,RECEIVER
30064784270,30064784271,RECEIVER
30064784280,68719489322,RECEIVER
30064784285,30064784286,RECEIVER
30064784289,30064784290,RECEIVER
30064784292,30064784293,RECEIVER
30064784298,68719489343,RECEIVER
30064784300,30064784301,RECEIVER
30064784304,30064784305,RECEIVER
30064784307,30064784308,RECEIVER
30064784311,30064784312,RECEIVER
30064784313,30064784314,RECEIVER
30064784316,30064784317,RECEIVER
30064784334,68719489455,RECEIVER
30064784335,68719489458,RECEIVER
30064784336,68719489461,RECEIVER
30064784337,68719489464,RECEIVER
30064784342,68719489389,RECEIVER
30064784347,68719489394,RECEIVER
30064784352,68719489399,RECEIVER
30064784353,30064784354,RECEIVER
30064784358,68719489406,RECEIVER
30064784363,68719489411,RECEIVER
30064784365,30064784366,RECEIVER
30064784370,30064784371,RECEIVER
30064784373,30064784374,RECEIVER
30064784379,30064784380,RECEIVER
30064784384,30064784385,RECEIVER
30064784388,30064784389,RECEIVER
30064784391,30064784392,RECEIVER
30064784398,30064784399,RECEIVER
30064784416,68719489678,RECEIVER
30064784417,68719489681,RECEIVER
30064784418,30064784419,RECEIVER
30064784421,30064784422,RECEIVER
30064784424,30064784425,RECEIVER
30064784427,30064784428,RECEIVER
30064784430,30064784431,RECEIVER
30064784434,68719489481,RECEIVER
30064784437,68719489485,RECEIVER
30064784440,68719489490,RECEIVER
30064784443,30064784444,RECEIVER
30064784445,30064784446,RECEIVER
30064784449,68719489501,RECEIVER
30064784451,30064784452,RECEIVER
30064784454,30064784455,RECEIVER
30064784461,30064784462,RECEIVER
30064784468,30064784469,RECEIVER
30064784474,30064784475,RECEIVER
30064784476,30064784477,RECEIVER
30064784479,30064784480,RECEIVER
30064784484,30064784485,RECEIVER
30064784486,30064784487,RECEIVER
30064784490,30064784491,RECEIVER
30064784497,30064784498,RECEIVER
30064784500,30064784501,RECEIVER
30064784504,30064784505,RECEIVER
30064784523,30064784524,RECEIVER
30064784530,30064784531,RECEIVER
30064784539,30064784540,RECEIVER
30064784544,68719489578,RECEIVER
30064784545,30064784546,RECEIVER
30064784549,30064784550,RECEIVER
30064784559,30064784560,RECEIVER
30064784576,30064784577,RECEIVER
30064784580,30064784581,RECEIVER
30064784584,30064784585,RECEIVER
30064784591,30064784592,RECEIVER
30064784593,30064784594,RECEIVER
30064784599,30064784600,RECEIVER
30064784609,68719489635,RECEIVER
30064784612,30064784613,RECEIVER
30064784616,30064784617,RECEIVER
30064784619,30064784620,RECEIVER
30064784623,30064784624,RECEIVER
30064784626,30064784627,RECEIVER
30064784629,30064784630,RECEIVER
30064784634,30064784635,RECEIVER
30064784639,68719489664,RECEIVER
30064784642,30064784643,RECEIVER
30064784646,30064784647,RECEIVER
30064784667,68719489801,RECEIVER
30064784670,30064784671,RECEIVER
30064784673,30064784674,RECEIVER
30064784682,30064784683,RECEIVER
30064784691,30064784692,RECEIVER
30064784699,30064784700,RECEIVER
30064784706,68719489710,RECEIVER
30064784712,68719489715,RECEIVER
30064784713,30064784714,RECEIVER
30064784725,30064784726,RECEIVER
30064784737,30064784738,RECEIVER
30064784741,30064784742,RECEIVER
30064784747,30064784748,RECEIVER
30064784750,30064784751,RECEIVER
30064784754,30064784755,RECEIVER
30064784758,30064784759,RECEIVER
30064784765,30064784766,RECEIVER
30064784772,30064784773,RECEIVER
30064784776,30064784777,RECEIVER
30064784784,68719489778,RECEIVER
30064784788,68719489781,RECEIVER
30064784792,68719489784,RECEIVER
30064784796,68719489787,RECEIVER
30064784800,68719489790,RECEIVER
30064784804,68719489793,RECEIVER
30064784805,30064784806,RECEIVER
30064784814,68719489809,RECEIVER
30064784897,68719489889,RECEIVER
30064785019,30064785020,RECEIVER
30064785099,30064785100,RECEIVER
30064785160,30064785161,RECEIVER
30064785202,30064785203,RECEIVER
30064785282,30064785283,RECEIVER
30064785343,30064785344,RECEIVER
