30064771072,146028888064,TAGGED_BY
30064771072,146028888065,TAGGED_BY
30064771073,146028888066,TAGGED_BY
30064771073,146028888067,TAGGED_BY
30064771074,146028888068,TAGGED_BY
30064771074,146028888069,TAGGED_BY
30064771075,146028888070,TAGGED_BY
30064771075,146028888071,TAGGED_BY
30064771076,146028888072,TAGGED_BY
30064771076,146028888073,TAGGED_BY
30064771077,146028888074,TAGGED_BY
30064771077,146028888075,TAGGED_BY
30064771078,146028888076,TAGGED_BY
30064771078,146028888077,TAGGED_BY
30064771079,146028888078,TAGGED_BY
30064771079,146028888079,TAGGED_BY
30064771080,146028888080,TAGGED_BY
30064771080,146028888081,TAGGED_BY
30064771490,146028888082,TAGGED_BY
30064771490,146028888083,TAGGED_BY
30064771491,146028888084,TAGGED_BY
30064771491,146028888085,TAGGED_BY
30064771492,146028888086,TAGGED_BY
30064771492,146028888087,TAGGED_BY
30064771493,146028888088,TAGGED_BY
30064771493,146028888089,TAGGED_BY
30064771633,146028888090,TAGGED_BY
30064771633,146028888091,TAGGED_BY
30064771634,146028888092,TAGGED_BY
30064771634,146028888093,TAGGED_BY
30064771635,146028888094,TAGGED_BY
30064771635,146028888095,TAGGED_BY
30064771636,146028888096,TAGGED_BY
30064771636,146028888097,TAGGED_BY
30064771637,146028888098,TAGGED_BY
30064771637,146028888099,TAGGED_BY
30064771638,146028888100,TAGGED_BY
30064771638,146028888101,TAGGED_BY
30064771639,146028888102,TAGGED_BY
30064771639,146028888103,TAGGED_BY
30064771640,146028888104,TAGGED_BY
30064771640,146028888105,TAGGED_BY
30064771641,146028888106,TAGGED_BY
30064771641,146028888107,TAGGED_BY
30064771642,146028888108,TAGGED_BY
30064771642,146028888109,TAGGED_BY
30064771643,146028888110,TAGGED_BY
30064771643,146028888111,TAGGED_BY
30064771644,146028888112,TAGGED_BY
30064771644,146028888113,TAGGED_BY
30064771645,146028888114,TAGGED_BY
30064771645,146028888115,TAGGED_BY
30064771646,146028888116,TAGGED_BY
30064771646,146028888117,TAGGED_BY
30064771647,146028888118,TAGGED_BY
30064771647,146028888119,TAGGED_BY
30064771648,146028888120,TAGGED_BY
30064771648,146028888121,TAGGED_BY
30064771649,146028888122,TAGGED_BY
30064771649,146028888123,TAGGED_BY
30064771650,146028888124,TAGGED_BY
30064771650,146028888125,TAGGED_BY
30064771651,146028888126,TAGGED_BY
30064771651,146028888127,TAGGED_BY
30064772531,146028888128,TAGGED_BY
30064772531,146028888129,TAGGED_BY
30064772532,146028888130,TAGGED_BY
30064772532,146028888131,TAGGED_BY
30064772533,146028888132,TAGGED_BY
30064772533,146028888133,TAGGED_BY
30064772916,146028888134,TAGGED_BY
30064772916,146028888135,TAGGED_BY
30064772917,146028888136,TAGGED_BY
30064772917,146028888137,TAGGED_BY
30064772918,146028888138,TAGGED_BY
30064772918,146028888139,TAGGED_BY
30064772919,146028888140,TAGGED_BY
30064772919,146028888141,TAGGED_BY
30064773145,146028888142,TAGGED_BY
30064773145,146028888143,TAGGED_BY
30064773146,146028888144,TAGGED_BY
30064773146,146028888145,TAGGED_BY
30064773147,146028888146,TAGGED_BY
30064773147,146028888147,TAGGED_BY
30064773148,146028888148,TAGGED_BY
30064773148,146028888149,TAGGED_BY
30064773255,146028888150,TAGGED_BY
30064773255,146028888151,TAGGED_BY
30064773256,146028888152,TAGGED_BY
30064773256,146028888153,TAGGED_BY
30064773257,146028888154,TAGGED_BY
30064773257,146028888155,TAGGED_BY
30064773258,146028888156,TAGGED_BY
30064773258,146028888157,TAGGED_BY
30064773465,146028888158,TAGGED_BY
30064773465,146028888159,TAGGED_BY
30064773466,146028888160,TAGGED_BY
30064773466,146028888161,TAGGED_BY
30064773467,146028888162,TAGGED_BY
30064773467,146028888163,TAGGED_BY
30064773468,146028888164,TAGGED_BY
30064773468,146028888165,TAGGED_BY
30064773469,146028888166,TAGGED_BY
30064773469,146028888167,TAGGED_BY
30064773470,146028888168,TAGGED_BY
30064773470,146028888169,TAGGED_BY
30064773471,146028888170,TAGGED_BY
30064773471,146028888171,TAGGED_BY
30064773472,146028888172,TAGGED_BY
30064773472,146028888173,TAGGED_BY
30064773473,146028888174,TAGGED_BY
30064773473,146028888175,TAGGED_BY
30064773474,146028888176,TAGGED_BY
30064773474,146028888177,TAGGED_BY
30064773475,146028888178,TAGGED_BY
30064773475,146028888179,TAGGED_BY
30064773476,146028888180,TAGGED_BY
30064773476,146028888181,TAGGED_BY
30064773477,146028888182,TAGGED_BY
30064773477,146028888183,TAGGED_BY
30064773904,146028888184,TAGGED_BY
30064773904,146028888185,TAGGED_BY
30064773905,146028888186,TAGGED_BY
30064773905,146028888187,TAGGED_BY
30064773906,146028888188,TAGGED_BY
30064773907,146028888189,TAGGED_BY
30064774080,146028888190,TAGGED_BY
30064774080,146028888191,TAGGED_BY
30064774081,146028888192,TAGGED_BY
30064774081,146028888193,TAGGED_BY
30064774082,146028888194,TAGGED_BY
30064774083,146028888195,TAGGED_BY
30064774253,146028888196,TAGGED_BY
30064774253,146028888197,TAGGED_BY
30064774254,146028888198,TAGGED_BY
30064774254,146028888199,TAGGED_BY
30064774255,146028888200,TAGGED_BY
30064774256,146028888201,TAGGED_BY
30064774426,146028888202,TAGGED_BY
30064774426,146028888203,TAGGED_BY
30064774427,146028888204,TAGGED_BY
30064774427,146028888205,TAGGED_BY
30064774501,146028888206,TAGGED_BY
30064774501,146028888207,TAGGED_BY
30064774502,146028888208,TAGGED_BY
30064774502,146028888209,TAGGED_BY
30064774503,146028888210,TAGGED_BY
30064774503,146028888211,TAGGED_BY
30064774504,146028888212,TAGGED_BY
30064774504,146028888213,TAGGED_BY
30064774545,146028888214,TAGGED_BY
30064774545,146028888215,TAGGED_BY
30064774628,146028888216,TAGGED_BY
30064774628,146028888217,TAGGED_BY
30064774629,146028888218,TAGGED_BY
30064774629,146028888219,TAGGED_BY
30064774630,146028888220,TAGGED_BY
30064774630,146028888221,TAGGED_BY
30064774631,146028888222,TAGGED_BY
30064774631,146028888223,TAGGED_BY
30064774670,146028888224,TAGGED_BY
30064774670,146028888225,TAGGED_BY
30064774671,146028888226,TAGGED_BY
30064774671,146028888227,TAGGED_BY
30064774672,146028888228,TAGGED_BY
30064774672,146028888229,TAGGED_BY
30064775289,146028888230,TAGGED_BY
30064775289,146028888231,TAGGED_BY
30064775290,146028888232,TAGGED_BY
30064775290,146028888233,TAGGED_BY
30064775291,146028888234,TAGGED_BY
30064775291,146028888235,TAGGED_BY
30064775292,146028888236,TAGGED_BY
30064775292,146028888237,TAGGED_BY
30064775293,146028888238,TAGGED_BY
30064775293,146028888239,TAGGED_BY
30064775294,146028888240,TAGGED_BY
30064775294,146028888241,TAGGED_BY
30064775295,146028888242,TAGGED_BY
30064775295,146028888243,TAGGED_BY
30064775296,146028888244,TAGGED_BY
30064775296,146028888245,TAGGED_BY
30064775297,146028888246,TAGGED_BY
30064775297,146028888247,TAGGED_BY
30064775298,146028888248,TAGGED_BY
30064775298,146028888249,TAGGED_BY
30064775299,146028888250,TAGGED_BY
30064775299,146028888251,TAGGED_BY
30064775300,146028888252,TAGGED_BY
30064775300,146028888253,TAGGED_BY
30064775301,146028888254,TAGGED_BY
30064775301,146028888255,TAGGED_BY
30064775436,146028888256,TAGGED_BY
30064775436,146028888257,TAGGED_BY
30064775437,146028888258,TAGGED_BY
30064775437,146028888259,TAGGED_BY
30064775438,146028888260,TAGGED_BY
30064775438,146028888261,TAGGED_BY
30064775463,146028888262,TAGGED_BY
30064775463,146028888263,TAGGED_BY
30064775464,146028888264,TAGGED_BY
30064775464,146028888265,TAGGED_BY
30064775465,146028888266,TAGGED_BY
30064775465,146028888267,TAGGED_BY
30064775466,146028888268,TAGGED_BY
30064775466,146028888269,TAGGED_BY
30064775467,146028888270,TAGGED_BY
30064775467,146028888271,TAGGED_BY
30064775468,146028888272,TAGGED_BY
30064775468,146028888273,TAGGED_BY
30064775469,146028888274,TAGGED_BY
30064775469,146028888275,TAGGED_BY
30064775470,146028888276,TAGGED_BY
30064775470,146028888277,TAGGED_BY
30064775471,146028888278,TAGGED_BY
30064775471,146028888279,TAGGED_BY
30064775472,146028888280,TAGGED_BY
30064775472,146028888281,TAGGED_BY
30064775473,146028888282,TAGGED_BY
30064775473,146028888283,TAGGED_BY
30064775474,146028888284,TAGGED_BY
30064775474,146028888285,TAGGED_BY
30064775475,146028888286,TAGGED_BY
30064775475,146028888287,TAGGED_BY
30064775476,146028888288,TAGGED_BY
30064775476,146028888289,TAGGED_BY
30064775477,146028888290,TAGGED_BY
30064775477,146028888291,TAGGED_BY
30064775478,146028888292,TAGGED_BY
30064775478,146028888293,TAGGED_BY
30064775479,146028888294,TAGGED_BY
30064775479,146028888295,TAGGED_BY
30064775480,146028888296,TAGGED_BY
30064775480,146028888297,TAGGED_BY
30064775555,146028888298,TAGGED_BY
30064775555,146028888299,TAGGED_BY
30064775556,146028888300,TAGGED_BY
30064775556,146028888301,TAGGED_BY
30064775557,146028888302,TAGGED_BY
30064775557,146028888303,TAGGED_BY
30064775558,146028888304,TAGGED_BY
30064775558,146028888305,TAGGED_BY
30064775559,146028888306,TAGGED_BY
30064775559,146028888307,TAGGED_BY
30064775560,146028888308,TAGGED_BY
30064775560,146028888309,TAGGED_BY
30064775561,146028888310,TAGGED_BY
30064775561,146028888311,TAGGED_BY
30064775562,146028888312,TAGGED_BY
30064775562,146028888313,TAGGED_BY
30064775563,146028888314,TAGGED_BY
30064775563,146028888315,TAGGED_BY
30064775564,146028888316,TAGGED_BY
30064775564,146028888317,TAGGED_BY
30064775565,146028888318,TAGGED_BY
30064775565,146028888319,TAGGED_BY
30064775566,146028888320,TAGGED_BY
30064775566,146028888321,TAGGED_BY
30064775567,146028888322,TAGGED_BY
30064775567,146028888323,TAGGED_BY
30064775568,146028888324,TAGGED_BY
30064775568,146028888325,TAGGED_BY
30064775742,146028888326,TAGGED_BY
30064775742,146028888327,TAGGED_BY
30064775743,146028888328,TAGGED_BY
30064775743,146028888329,TAGGED_BY
30064775760,146028888330,TAGGED_BY
30064775760,146028888331,TAGGED_BY
30064775761,146028888332,TAGGED_BY
30064775761,146028888333,TAGGED_BY
30064775782,146028888334,TAGGED_BY
30064775782,146028888335,TAGGED_BY
30064775783,146028888336,TAGGED_BY
30064775783,146028888337,TAGGED_BY
30064775784,146028888338,TAGGED_BY
30064775784,146028888339,TAGGED_BY
30064776138,146028888340,TAGGED_BY
30064776138,146028888341,TAGGED_BY
30064776614,146028888342,TAGGED_BY
30064776614,146028888343,TAGGED_BY
30064776615,146028888344,TAGGED_BY
30064776615,146028888345,TAGGED_BY
30064776616,146028888346,TAGGED_BY
30064776616,146028888347,TAGGED_BY
30064776617,146028888348,TAGGED_BY
30064776617,146028888349,TAGGED_BY
30064776618,146028888350,TAGGED_BY
30064776618,146028888351,TAGGED_BY
30064776619,146028888352,TAGGED_BY
30064776619,146028888353,TAGGED_BY
30064776832,146028888354,TAGGED_BY
30064776833,146028888355,TAGGED_BY
30064776834,146028888356,TAGGED_BY
30064777060,146028888357,TAGGED_BY
30064777060,146028888358,TAGGED_BY
30064777061,146028888359,TAGGED_BY
30064777062,146028888360,TAGGED_BY
30064777063,146028888361,TAGGED_BY
30064777064,146028888362,TAGGED_BY
30064777064,146028888363,TAGGED_BY
30064777271,146028888364,TAGGED_BY
30064777271,146028888365,TAGGED_BY
30064777272,146028888366,TAGGED_BY
30064777272,146028888367,TAGGED_BY
30064777273,146028888368,TAGGED_BY
30064777273,146028888369,TAGGED_BY
30064777274,146028888370,TAGGED_BY
30064777352,146028888371,TAGGED_BY
30064777352,146028888372,TAGGED_BY
30064777353,146028888373,TAGGED_BY
30064777615,146028888374,TAGGED_BY
30064777615,146028888375,TAGGED_BY
30064777616,146028888376,TAGGED_BY
30064777617,146028888377,TAGGED_BY
30064777618,146028888378,TAGGED_BY
30064777619,146028888379,TAGGED_BY
30064777620,146028888380,TAGGED_BY
30064777621,146028888381,TAGGED_BY
30064777622,146028888382,TAGGED_BY
30064777623,146028888383,TAGGED_BY
30064777979,146028888384,TAGGED_BY
30064777979,146028888385,TAGGED_BY
30064778392,146028888386,TAGGED_BY
30064778392,146028888387,TAGGED_BY
30064778651,146028888388,TAGGED_BY
30064778651,146028888389,TAGGED_BY
30064778652,146028888390,TAGGED_BY
30064778733,146028888391,TAGGED_BY
30064778733,146028888392,TAGGED_BY
30064778734,146028888393,TAGGED_BY
30064778735,146028888394,TAGGED_BY
30064778736,146028888395,TAGGED_BY
30064779058,146028888396,TAGGED_BY
30064779058,146028888397,TAGGED_BY
30064779059,146028888398,TAGGED_BY
30064779299,146028888399,TAGGED_BY
30064779299,146028888400,TAGGED_BY
30064779403,146028888401,TAGGED_BY
30064779403,146028888402,TAGGED_BY
30064779439,146028888403,TAGGED_BY
30064779439,146028888404,TAGGED_BY
30064779440,146028888405,TAGGED_BY
30064779440,146028888406,TAGGED_BY
30064779497,146028888407,TAGGED_BY
30064779497,146028888408,TAGGED_BY
30064779498,146028888409,TAGGED_BY
30064779570,146028888410,TAGGED_BY
30064779570,146028888411,TAGGED_BY
30064779571,146028888412,TAGGED_BY
30064779620,146028888413,TAGGED_BY
30064779620,146028888414,TAGGED_BY
30064779621,146028888415,TAGGED_BY
30064779747,146028888416,TAGGED_BY
30064779748,146028888417,TAGGED_BY
30064779749,146028888418,TAGGED_BY
30064780142,146028888419,TAGGED_BY
30064780142,146028888420,TAGGED_BY
30064780143,146028888421,TAGGED_BY
30064780144,146028888422,TAGGED_BY
30064780145,146028888423,TAGGED_BY
30064780146,146028888424,TAGGED_BY
30064780146,146028888425,TAGGED_BY
30064780504,146028888426,TAGGED_BY
30064780504,146028888427,TAGGED_BY
30064780505,146028888428,TAGGED_BY
30064780505,146028888429,TAGGED_BY
30064780506,146028888430,TAGGED_BY
30064780506,146028888431,TAGGED_BY
30064780507,146028888432,TAGGED_BY
30064780872,146028888433,TAGGED_BY
30064780873,146028888434,TAGGED_BY
30064780948,146028888435,TAGGED_BY
30064780948,146028888436,TAGGED_BY
30064780949,146028888437,TAGGED_BY
30064781023,146028888438,TAGGED_BY
30064781023,146028888439,TAGGED_BY
30064781024,146028888440,TAGGED_BY
30064781024,146028888441,TAGGED_BY
30064781025,146028888442,TAGGED_BY
30064781025,146028888443,TAGGED_BY
30064781026,146028888444,TAGGED_BY
30064781026,146028888445,TAGGED_BY
30064781027,146028888446,TAGGED_BY
30064781160,146028888447,TAGGED_BY
30064781161,146028888448,TAGGED_BY
30064781429,146028888449,TAGGED_BY
30064781429,146028888450,TAGGED_BY
30064781430,146028888451,TAGGED_BY
30064781431,146028888452,TAGGED_BY
30064781432,146028888453,TAGGED_BY
30064781433,146028888454,TAGGED_BY
30064781433,146028888455,TAGGED_BY
30064781765,146028888456,TAGGED_BY
30064781765,146028888457,TAGGED_BY
30064781766,146028888458,TAGGED_BY
30064781766,146028888459,TAGGED_BY
30064781767,146028888460,TAGGED_BY
30064781767,146028888461,TAGGED_BY
30064781768,146028888462,TAGGED_BY
30064782078,146028888463,TAGGED_BY
30064782079,146028888464,TAGGED_BY
30064782079,146028888465,TAGGED_BY
30064782080,146028888466,TAGGED_BY
30064782080,146028888467,TAGGED_BY
30064782081,146028888468,TAGGED_BY
30064782081,146028888469,TAGGED_BY
30064782082,146028888470,TAGGED_BY
30064782082,146028888471,TAGGED_BY
30064782083,146028888472,TAGGED_BY
30064782084,146028888473,TAGGED_BY
30064782084,146028888474,TAGGED_BY
30064782287,146028888475,TAGGED_BY
30064782287,146028888476,TAGGED_BY
30064782288,146028888477,TAGGED_BY
30064782288,146028888478,TAGGED_BY
30064782289,146028888479,TAGGED_BY
30064782289,146028888480,TAGGED_BY
30064782290,146028888481,TAGGED_BY
30064782290,146028888482,TAGGED_BY
30064782330,146028888483,TAGGED_BY
30064782331,146028888484,TAGGED_BY
30064782331,146028888485,TAGGED_BY
30064782332,146028888486,TAGGED_BY
30064782332,146028888487,TAGGED_BY
30064782333,146028888488,TAGGED_BY
30064782333,146028888489,TAGGED_BY
30064782334,146028888490,TAGGED_BY
30064782334,146028888491,TAGGED_BY
30064782335,146028888492,TAGGED_BY
30064782336,146028888493,TAGGED_BY
30064782336,146028888494,TAGGED_BY
30064782337,146028888495,TAGGED_BY
30064782337,146028888496,TAGGED_BY
30064782338,146028888497,TAGGED_BY
30064782338,146028888498,TAGGED_BY
30064782533,146028888499,TAGGED_BY
30064782533,146028888500,TAGGED_BY
30064782534,146028888501,TAGGED_BY
30064782534,146028888502,TAGGED_BY
30064782535,146028888503,TAGGED_BY
30064782535,146028888504,TAGGED_BY
30064782536,146028888505,TAGGED_BY
30064782536,146028888506,TAGGED_BY
30064782537,146028888507,TAGGED_BY
30064782537,146028888508,TAGGED_BY
30064782538,146028888509,TAGGED_BY
30064782538,146028888510,TAGGED_BY
30064782539,146028888511,TAGGED_BY
30064782539,146028888512,TAGGED_BY
30064782813,146028888513,TAGGED_BY
30064782813,146028888514,TAGGED_BY
30064782814,146028888515,TAGGED_BY
30064783051,146028888516,TAGGED_BY
30064783052,146028888517,TAGGED_BY
30064783122,146028888518,TAGGED_BY
30064783122,146028888519,TAGGED_BY
30064783123,146028888520,TAGGED_BY
30064783124,146028888521,TAGGED_BY
30064783125,146028888522,TAGGED_BY
30064783126,146028888523,TAGGED_BY
30064783126,146028888524,TAGGED_BY
30064783346,146028888525,TAGGED_BY
30064783347,146028888526,TAGGED_BY
30064783348,146028888527,TAGGED_BY
30064783349,146028888528,TAGGED_BY
30064783349,146028888529,TAGGED_BY
30064783491,146028888530,TAGGED_BY
30064783491,146028888531,TAGGED_BY
30064783492,146028888532,TAGGED_BY
30064783634,146028888533,TAGGED_BY
30064783690,146028888534,TAGGED_BY
30064783690,146028888535,TAGGED_BY
30064783691,146028888536,TAGGED_BY
30064783692,146028888537,TAGGED_BY
30064783693,146028888538,TAGGED_BY
30064783694,146028888539,TAGGED_BY
30064783694,146028888540,TAGGED_BY
30064783867,146028888541,TAGGED_BY
30064783868,146028888542,TAGGED_BY
30064783869,146028888543,TAGGED_BY
30064783870,146028888544,TAGGED_BY
30064783870,146028888545,TAGGED_BY
30064783967,146028888546,TAGGED_BY
30064783967,146028888547,TAGGED_BY
30064783968,146028888548,TAGGED_BY
30064784090,146028888549,TAGGED_BY
30064784155,146028888550,TAGGED_BY
30064784155,146028888551,TAGGED_BY
30064784156,146028888552,TAGGED_BY
30064784157,146028888553,TAGGED_BY
30064784158,146028888554,TAGGED_BY
30064784159,146028888555,TAGGED_BY
30064784159,146028888556,TAGGED_BY
30064784334,146028888557,TAGGED_BY
30064784335,146028888558,TAGGED_BY
30064784336,146028888559,TAGGED_BY
30064784337,146028888560,TAGGED_BY
30064784337,146028888561,TAGGED_BY
30064784416,146028888562,TAGGED_BY
30064784416,146028888563,TAGGED_BY
30064784417,146028888564,TAGGED_BY
30064784417,146028888565,TAGGED_BY
30064784667,146028888566,TAGGED_BY
30064784667,146028888567,TAGGED_BY
30064784814,146028888568,TAGGED_BY
30064784897,146028888569,TAGGED_BY
