47244640265,25769803802,FALSE_BODY
47244640320,25769803963,FALSE_BODY
47244640323,25769803972,FALSE_BODY
47244640326,25769803981,FALSE_BODY
47244640329,25769803990,FALSE_BODY
47244640443,25769804364,FALSE_BODY
47244640514,25769804568,FALSE_BODY
47244640519,47244640520,FALSE_BODY
47244640529,25769804602,FALSE_BODY
47244640534,25769804623,FALSE_BODY
47244640544,47244640545,FALSE_BODY
47244640545,47244640546,FALSE_BODY
47244640546,47244640547,FALSE_BODY
47244640547,47244640548,FALSE_BODY
47244640548,47244640549,FALSE_BODY
47244640549,47244640550,FALSE_BODY
47244640557,25769804664,FALSE_BODY
47244640563,25769804669,FALSE_BODY
47244640569,25769804673,FALSE_BODY
47244640589,25769804745,FALSE_BODY
47244640606,25769804808,FALSE_BODY
47244640637,25769804997,FALSE_BODY
47244640640,25769804996,FALSE_BODY
47244640724,25769805197,FALSE_BODY
47244640762,25769805295,FALSE_BODY
47244640827,25769805502,FALSE_BODY
47244640861,25769805609,FALSE_BODY
47244640958,25769805858,FALSE_BODY
47244640965,25769805881,FALSE_BODY
47244640966,47244640967,FALSE_BODY
47244640967,47244640968,FALSE_BODY
47244640968,47244640969,FALSE_BODY
47244640969,47244640970,FALSE_BODY
47244640970,30064784958,FALSE_BODY
47244640971,47244640972,FALSE_BODY
47244640972,47244640973,FALSE_BODY
47244640973,47244640974,FALSE_BODY
47244640974,47244640975,FALSE_BODY
47244640975,30064784975,FALSE_BODY
47244640976,47244640977,FALSE_BODY
47244640977,47244640978,FALSE_BODY
47244640978,47244640979,FALSE_BODY
47244640979,47244640980,FALSE_BODY
47244640980,30064784992,FALSE_BODY
47244640981,47244640982,FALSE_BODY
47244640982,47244640983,FALSE_BODY
47244640983,47244640984,FALSE_BODY
47244640984,47244640985,FALSE_BODY
47244640985,30064785009,FALSE_BODY
47244640986,47244640987,FALSE_BODY
47244640987,47244640988,FALSE_BODY
47244640988,47244640989,FALSE_BODY
47244640989,47244640990,FALSE_BODY
47244640990,30064785038,FALSE_BODY
47244640991,47244640992,FALSE_BODY
47244640992,47244640993,FALSE_BODY
47244640993,47244640994,FALSE_BODY
47244640994,47244640995,FALSE_BODY
47244640995,30064785055,FALSE_BODY
47244640996,47244640997,FALSE_BODY
47244640997,47244640998,FALSE_BODY
47244640998,47244640999,FALSE_BODY
47244640999,47244641000,FALSE_BODY
47244641000,30064785072,FALSE_BODY
47244641001,47244641002,FALSE_BODY
47244641002,47244641003,FALSE_BODY
47244641003,47244641004,FALSE_BODY
47244641004,47244641005,FALSE_BODY
47244641005,30064785089,FALSE_BODY
47244641006,47244641007,FALSE_BODY
47244641007,47244641008,FALSE_BODY
47244641008,47244641009,FALSE_BODY
47244641009,47244641010,FALSE_BODY
47244641010,30064785118,FALSE_BODY
47244641011,47244641012,FALSE_BODY
47244641012,47244641013,FALSE_BODY
47244641013,47244641014,FALSE_BODY
47244641014,47244641015,FALSE_BODY
47244641015,30064785135,FALSE_BODY
47244641016,47244641017,FALSE_BODY
47244641017,47244641018,FALSE_BODY
47244641018,47244641019,FALSE_BODY
47244641019,47244641020,FALSE_BODY
47244641020,30064785152,FALSE_BODY
47244641021,47244641022,FALSE_BODY
47244641022,47244641023,FALSE_BODY
47244641023,47244641024,FALSE_BODY
47244641024,47244641025,FALSE_BODY
47244641025,30064785179,FALSE_BODY
47244641026,47244641027,FALSE_BODY
47244641027,47244641028,FALSE_BODY
47244641028,47244641029,FALSE_BODY
47244641029,47244641030,FALSE_BODY
47244641030,30064785196,FALSE_BODY
47244641031,47244641032,FALSE_BODY
47244641032,47244641033,FALSE_BODY
47244641033,47244641034,FALSE_BODY
47244641034,47244641035,FALSE_BODY
47244641035,30064785221,FALSE_BODY
47244641036,47244641037,FALSE_BODY
47244641037,47244641038,FALSE_BODY
47244641038,47244641039,FALSE_BODY
47244641039,47244641040,FALSE_BODY
47244641040,30064785238,FALSE_BODY
47244641041,47244641042,FALSE_BODY
47244641042,47244641043,FALSE_BODY
47244641043,47244641044,FALSE_BODY
47244641044,47244641045,FALSE_BODY
47244641045,30064785255,FALSE_BODY
47244641046,47244641047,FALSE_BODY
47244641047,47244641048,FALSE_BODY
47244641048,47244641049,FALSE_BODY
47244641049,47244641050,FALSE_BODY
47244641050,30064785272,FALSE_BODY
47244641051,47244641052,FALSE_BODY
47244641052,47244641053,FALSE_BODY
47244641053,47244641054,FALSE_BODY
47244641054,47244641055,FALSE_BODY
47244641055,30064785301,FALSE_BODY
47244641056,47244641057,FALSE_BODY
47244641057,47244641058,FALSE_BODY
47244641058,47244641059,FALSE_BODY
47244641059,47244641060,FALSE_BODY
47244641060,30064785318,FALSE_BODY
47244641061,47244641062,FALSE_BODY
47244641062,47244641063,FALSE_BODY
47244641063,47244641064,FALSE_BODY
47244641064,47244641065,FALSE_BODY
47244641065,30064785335,FALSE_BODY
