47244640256,47244640258,CATCH_BODY
47244640259,47244640261,CATCH_BODY
47244640262,47244640266,CATCH_BODY
47244640267,47244640269,CATCH_BODY
47244640270,47244640273,CATCH_BODY
47244640274,47244640277,CATCH_BODY
47244640279,47244640281,CATCH_BODY
47244640282,47244640284,CATCH_BODY
47244640285,47244640288,CATCH_BODY
47244640289,47244640291,CATCH_BODY
47244640292,47244640294,CATCH_BODY
47244640295,47244640298,CATCH_BODY
47244640299,47244640301,CATCH_BODY
47244640302,47244640305,CATCH_BODY
47244640306,47244640307,CATCH_BODY
47244640308,47244640309,CATCH_BODY
47244640310,47244640311,CATCH_BODY
47244640312,47244640313,CATCH_BODY
47244640314,47244640315,CATCH_BODY
47244640316,47244640318,CATCH_BODY
47244640319,47244640321,CATCH_BODY
47244640322,47244640324,CATCH_BODY
47244640325,47244640327,CATCH_BODY
47244640328,47244640330,CATCH_BODY
47244640331,47244640332,CATCH_BODY
47244640333,47244640334,CATCH_BODY
47244640335,47244640337,CATCH_BODY
47244640338,47244640340,CATCH_BODY
47244640341,47244640343,CATCH_BODY
47244640344,47244640346,CATCH_BODY
47244640347,47244640350,CATCH_BODY
47244640351,47244640354,CATCH_BODY
47244640355,47244640357,CATCH_BODY
47244640358,47244640360,CATCH_BODY
47244640361,47244640364,CATCH_BODY
47244640365,47244640367,CATCH_BODY
47244640368,47244640371,CATCH_BODY
47244640372,47244640375,CATCH_BODY
47244640376,47244640378,CATCH_BODY
47244640379,47244640380,CATCH_BODY
47244640381,47244640384,CATCH_BODY
47244640385,47244640386,CATCH_BODY
47244640387,47244640388,CATCH_BODY
47244640389,47244640391,CATCH_BODY
47244640392,47244640394,CATCH_BODY
47244640395,47244640396,CATCH_BODY
47244640397,47244640400,CATCH_BODY
47244640401,47244640403,CATCH_BODY
47244640404,47244640405,CATCH_BODY
47244640406,47244640408,CATCH_BODY
47244640409,47244640410,CATCH_BODY
47244640412,47244640414,CATCH_BODY
47244640415,47244640418,CATCH_BODY
47244640419,47244640421,CATCH_BODY
47244640422,47244640424,CATCH_BODY
47244640425,47244640428,CATCH_BODY
47244640429,47244640431,CATCH_BODY
47244640432,47244640434,CATCH_BODY
47244640435,47244640438,CATCH_BODY
47244640439,47244640441,CATCH_BODY
47244640442,47244640444,CATCH_BODY
47244640445,47244640446,CATCH_BODY
47244640449,47244640450,CATCH_BODY
47244640452,47244640453,CATCH_BODY
47244640454,47244640455,CATCH_BODY
47244640456,47244640457,CATCH_BODY
47244640458,47244640460,CATCH_BODY
47244640461,47244640462,CATCH_BODY
47244640463,47244640464,CATCH_BODY
47244640465,47244640466,CATCH_BODY
47244640467,47244640468,CATCH_BODY
47244640469,47244640470,CATCH_BODY
47244640471,47244640472,CATCH_BODY
47244640473,47244640474,CATCH_BODY
47244640476,47244640477,CATCH_BODY
47244640478,47244640479,CATCH_BODY
47244640480,47244640481,CATCH_BODY
47244640482,47244640483,CATCH_BODY
47244640484,47244640486,CATCH_BODY
47244640487,47244640488,CATCH_BODY
47244640489,47244640490,CATCH_BODY
47244640491,47244640492,CATCH_BODY
47244640493,47244640494,CATCH_BODY
47244640495,47244640496,CATCH_BODY
47244640497,47244640498,CATCH_BODY
47244640499,47244640500,CATCH_BODY
47244640501,47244640502,CATCH_BODY
47244640503,47244640504,CATCH_BODY
47244640505,47244640508,CATCH_BODY
47244640506,47244640507,CATCH_BODY
47244640509,47244640510,CATCH_BODY
47244640511,47244640512,CATCH_BODY
47244640517,47244640518,CATCH_BODY
47244640523,47244640524,CATCH_BODY
47244640528,47244640530,CATCH_BODY
47244640533,47244640535,CATCH_BODY
47244640537,47244640538,CATCH_BODY
47244640551,47244640574,CATCH_BODY
47244640552,47244640553,CATCH_BODY
47244640576,47244640577,CATCH_BODY
47244640583,47244640586,CATCH_BODY
47244640591,47244640592,CATCH_BODY
47244640593,47244640595,CATCH_BODY
47244640596,47244640597,CATCH_BODY
47244640598,47244640599,CATCH_BODY
47244640600,47244640601,CATCH_BODY
47244640602,47244640603,CATCH_BODY
47244640604,47244640605,CATCH_BODY
47244640619,47244640620,CATCH_BODY
47244640621,47244640623,CATCH_BODY
47244640624,47244640625,CATCH_BODY
47244640626,47244640628,CATCH_BODY
47244640629,47244640630,CATCH_BODY
47244640631,47244640632,CATCH_BODY
47244640633,47244640645,CATCH_BODY
47244640646,47244640652,CATCH_BODY
47244640653,47244640655,CATCH_BODY
47244640656,47244640662,CATCH_BODY
47244640663,47244640664,CATCH_BODY
47244640665,47244640666,CATCH_BODY
47244640667,47244640668,CATCH_BODY
47244640669,47244640670,CATCH_BODY
47244640671,47244640672,CATCH_BODY
47244640673,47244640674,CATCH_BODY
47244640675,47244640677,CATCH_BODY
47244640678,47244640679,CATCH_BODY
47244640680,47244640681,CATCH_BODY
47244640682,47244640683,CATCH_BODY
47244640684,47244640687,CATCH_BODY
47244640688,47244640692,CATCH_BODY
47244640693,47244640699,CATCH_BODY
47244640700,47244640701,CATCH_BODY
47244640702,47244640703,CATCH_BODY
47244640707,47244640708,CATCH_BODY
47244640709,47244640710,CATCH_BODY
47244640711,47244640713,CATCH_BODY
47244640715,47244640716,CATCH_BODY
47244640717,47244640721,CATCH_BODY
47244640722,47244640723,CATCH_BODY
47244640742,47244640743,CATCH_BODY
47244640744,47244640746,CATCH_BODY
47244640747,47244640748,CATCH_BODY
47244640749,47244640750,CATCH_BODY
47244640751,47244640754,CATCH_BODY
47244640756,47244640757,CATCH_BODY
47244640758,47244640759,CATCH_BODY
47244640760,47244640761,CATCH_BODY
47244640765,47244640767,CATCH_BODY
47244640769,47244640771,CATCH_BODY
47244640773,47244640775,CATCH_BODY
47244640776,47244640778,CATCH_BODY
47244640779,47244640781,CATCH_BODY
47244640794,47244640795,CATCH_BODY
47244640796,47244640798,CATCH_BODY
47244640799,47244640800,CATCH_BODY
47244640801,47244640802,CATCH_BODY
47244640803,47244640806,CATCH_BODY
47244640808,47244640809,CATCH_BODY
47244640810,47244640811,CATCH_BODY
47244640812,47244640813,CATCH_BODY
47244640815,47244640816,CATCH_BODY
47244640821,47244640822,CATCH_BODY
47244640823,47244640824,CATCH_BODY
47244640825,47244640826,CATCH_BODY
47244640828,47244640829,CATCH_BODY
47244640831,47244640832,CATCH_BODY
47244640833,47244640834,CATCH_BODY
47244640835,47244640836,CATCH_BODY
47244640838,47244640839,CATCH_BODY
47244640843,47244640844,CATCH_BODY
47244640847,47244640848,CATCH_BODY
47244640851,47244640852,CATCH_BODY
47244640853,47244640854,CATCH_BODY
47244640859,47244640860,CATCH_BODY
47244640862,47244640863,CATCH_BODY
47244640865,47244640866,CATCH_BODY
47244640875,47244640876,CATCH_BODY
47244640877,47244640878,CATCH_BODY
47244640879,47244640880,CATCH_BODY
47244640881,47244640882,CATCH_BODY
47244640883,47244640884,CATCH_BODY
47244640885,47244640886,CATCH_BODY
47244640887,47244640889,CATCH_BODY
47244640893,47244640894,CATCH_BODY
47244640896,47244640897,CATCH_BODY
47244640906,47244640907,CATCH_BODY
47244640908,47244640909,CATCH_BODY
47244640910,47244640911,CATCH_BODY
47244640912,47244640913,CATCH_BODY
47244640914,47244640915,CATCH_BODY
47244640916,47244640918,CATCH_BODY
47244640922,47244640923,CATCH_BODY
47244640932,47244640933,CATCH_BODY
47244640934,47244640935,CATCH_BODY
47244640936,47244640937,CATCH_BODY
47244640938,47244640939,CATCH_BODY
47244640940,47244640941,CATCH_BODY
47244640943,47244640945,CATCH_BODY
47244640948,47244640954,CATCH_BODY
47244640963,47244640964,CATCH_BODY
