167503724545,21474836480,BINDS
167503724546,21474836481,BINDS
167503724547,21474836482,BINDS
167503724548,21474836483,BINDS
167503724549,21474836484,BINDS
167503724550,21474836485,BINDS
167503724551,21474836486,BINDS
167503724552,21474836487,BINDS
167503724553,21474836488,BINDS
167503724554,21474836489,BINDS
167503724555,21474836490,BINDS
167503724556,21474836491,BINDS
167503724557,21474836492,BINDS
167503724558,21474836493,BINDS
167503724559,21474836494,BINDS
167503724560,21474836495,BINDS
167503724561,21474836496,BINDS
167503724562,21474836497,BINDS
167503724563,21474836498,BINDS
167503724564,21474836499,BINDS
167503724565,21474836500,BINDS
167503724566,21474836501,BINDS
167503724567,21474836502,BINDS
167503724568,21474836503,BINDS
167503724569,21474836504,BINDS
167503724570,21474836505,BINDS
167503724571,21474836506,BINDS
167503724572,21474836507,BINDS
167503724573,21474836508,BINDS
167503724574,21474836509,BINDS
167503724575,21474836510,BINDS
167503724576,21474836511,BINDS
167503724577,21474836512,BINDS
167503724580,21474836513,BINDS
167503724581,21474836514,BINDS
167503724584,21474836515,BINDS
167503724585,21474836516,BINDS
167503724586,21474836517,BINDS
167503724587,21474836518,BINDS
167503724588,21474836519,BINDS
167503724589,21474836520,BINDS
167503724590,21474836521,BINDS
167503724591,21474836522,BINDS
167503724592,21474836523,BINDS
167503724593,21474836524,BINDS
167503724594,21474836525,BINDS
167503724595,21474836526,BINDS
167503724596,21474836527,BINDS
167503724597,21474836528,BINDS
167503724598,21474836529,BINDS
167503724599,21474836530,BINDS
167503724600,21474836531,BINDS
167503724601,21474836532,BINDS
167503724602,21474836533,BINDS
167503724604,21474836534,BINDS
167503724605,21474836535,BINDS
167503724606,21474836536,BINDS
167503724607,21474836537,BINDS
167503724608,21474836538,BINDS
167503724609,21474836539,BINDS
167503724610,21474836540,BINDS
167503724611,21474836541,BINDS
167503724612,21474836542,BINDS
167503724613,21474836543,BINDS
167503724614,21474836544,BINDS
167503724615,21474836545,BINDS
167503724616,21474836546,BINDS
167503724617,21474836547,BINDS
167503724618,21474836548,BINDS
167503724619,21474836549,BINDS
167503724620,21474836550,BINDS
167503724621,21474836551,BINDS
167503724622,21474836552,BINDS
167503724623,21474836553,BINDS
167503724624,21474836554,BINDS
167503724625,21474836555,BINDS
167503724626,21474836556,BINDS
167503724627,21474836557,BINDS
167503724628,21474836558,BINDS
167503724629,21474836559,BINDS
167503724630,21474836560,BINDS
167503724631,21474836561,BINDS
167503724632,21474836562,BINDS
167503724633,21474836563,BINDS
167503724634,21474836564,BINDS
167503724635,21474836565,BINDS
167503724636,21474836566,BINDS
167503724637,21474836567,BINDS
167503724638,21474836568,BINDS
167503724639,21474836569,BINDS
167503724640,21474836570,BINDS
167503724641,21474836571,BINDS
167503724642,21474836572,BINDS
167503724643,21474836573,BINDS
167503724644,21474836574,BINDS
167503724645,21474836575,BINDS
167503724646,21474836576,BINDS
167503724647,21474836577,BINDS
167503724648,21474836578,BINDS
167503724649,21474836579,BINDS
167503724650,21474836580,BINDS
167503724651,21474836581,BINDS
167503724652,21474836582,BINDS
167503724655,21474836583,BINDS
167503724656,21474836584,BINDS
167503724657,21474836585,BINDS
167503724658,21474836586,BINDS
167503724659,21474836587,BINDS
167503724660,21474836588,BINDS
167503724661,21474836589,BINDS
167503724662,21474836590,BINDS
167503724663,21474836591,BINDS
167503724664,21474836592,BINDS
167503724665,21474836593,BINDS
167503724668,21474836594,BINDS
167503724669,21474836595,BINDS
167503724670,21474836596,BINDS
167503724671,21474836597,BINDS
167503724672,21474836598,BINDS
167503724673,21474836599,BINDS
167503724674,21474836600,BINDS
167503724675,21474836601,BINDS
167503724676,21474836602,BINDS
167503724677,21474836603,BINDS
167503724678,21474836604,BINDS
167503724679,21474836605,BINDS
167503724680,21474836606,BINDS
167503724681,21474836607,BINDS
167503724682,21474836608,BINDS
167503724683,21474836609,BINDS
167503724684,21474836610,BINDS
167503724685,21474836611,BINDS
167503724686,21474836612,BINDS
167503724687,21474836613,BINDS
167503724688,21474836614,BINDS
167503724689,21474836615,BINDS
167503724690,21474836616,BINDS
167503724691,21474836617,BINDS
167503724692,21474836618,BINDS
167503724693,21474836619,BINDS
167503724694,21474836620,BINDS
167503724695,21474836621,BINDS
167503724696,21474836622,BINDS
167503724697,21474836623,BINDS
167503724699,21474836624,BINDS
167503724700,21474836625,BINDS
167503724701,21474836626,BINDS
167503724702,21474836627,BINDS
167503724703,21474836628,BINDS
167503724706,21474836629,BINDS
167503724707,21474836630,BINDS
167503724710,21474836631,BINDS
167503724711,21474836632,BINDS
167503724712,21474836633,BINDS
167503724713,21474836634,BINDS
167503724714,21474836635,BINDS
167503724715,21474836636,BINDS
167503724717,21474836637,BINDS
167503724718,21474836638,BINDS
167503724719,21474836639,BINDS
167503724720,21474836640,BINDS
167503724721,21474836641,BINDS
167503724722,21474836642,BINDS
167503724723,21474836643,BINDS
167503724724,21474836644,BINDS
167503724725,21474836645,BINDS
167503724727,21474836646,BINDS
167503724728,21474836647,BINDS
167503724731,21474836648,BINDS
167503724732,21474836649,BINDS
167503724733,21474836650,BINDS
167503724734,21474836651,BINDS
167503724735,21474836652,BINDS
167503724737,21474836653,BINDS
167503724738,21474836654,BINDS
167503724739,21474836655,BINDS
167503724740,21474836656,BINDS
167503724741,21474836657,BINDS
167503724742,21474836658,BINDS
167503724743,21474836659,BINDS
167503724744,21474836660,BINDS
167503724745,21474836661,BINDS
167503724746,21474836662,BINDS
167503724747,21474836663,BINDS
167503724749,21474836664,BINDS
167503724750,21474836665,BINDS
167503724751,21474836666,BINDS
167503724752,21474836667,BINDS
167503724753,21474836668,BINDS
167503724754,21474836669,BINDS
167503724755,21474836670,BINDS
167503724756,21474836671,BINDS
167503724758,21474836672,BINDS
167503724759,21474836673,BINDS
167503724760,21474836674,BINDS
167503724761,21474836675,BINDS
167503724762,21474836676,BINDS
167503724763,21474836677,BINDS
167503724764,21474836678,BINDS
167503724765,21474836679,BINDS
167503724766,21474836680,BINDS
167503724767,21474836681,BINDS
167503724768,21474836682,BINDS
167503724769,21474836683,BINDS
167503724770,21474836684,BINDS
167503724771,21474836685,BINDS
167503724772,21474836686,BINDS
167503724773,21474836687,BINDS
167503724774,21474836688,BINDS
167503724775,21474836689,BINDS
167503724776,21474836690,BINDS
167503724777,21474836691,BINDS
167503724778,21474836692,BINDS
167503724779,21474836693,BINDS
167503724781,21474836694,BINDS
167503724783,21474836695,BINDS
167503724784,21474836696,BINDS
167503724785,21474836697,BINDS
167503724786,21474836698,BINDS
167503724787,21474836699,BINDS
167503724788,21474836700,BINDS
167503724789,21474836701,BINDS
167503724790,21474836702,BINDS
167503724791,21474836703,BINDS
167503724792,21474836704,BINDS
167503724793,21474836705,BINDS
167503724794,21474836706,BINDS
167503724795,21474836707,BINDS
167503724796,21474836708,BINDS
167503724797,21474836709,BINDS
167503724798,21474836710,BINDS
167503724799,21474836711,BINDS
167503724800,21474836712,BINDS
167503724801,21474836713,BINDS
167503724802,21474836714,BINDS
167503724803,21474836715,BINDS
167503724804,21474836716,BINDS
167503724805,21474836717,BINDS
167503724806,21474836718,BINDS
167503724808,21474836719,BINDS
167503724809,21474836720,BINDS
167503724810,21474836721,BINDS
167503724811,21474836722,BINDS
167503724812,21474836723,BINDS
167503724813,21474836724,BINDS
167503724814,21474836725,BINDS
167503724816,21474836726,BINDS
167503724817,21474836727,BINDS
167503724818,21474836728,BINDS
167503724819,21474836729,BINDS
167503724820,21474836730,BINDS
167503724822,21474836731,BINDS
167503724823,21474836732,BINDS
167503724824,21474836733,BINDS
167503724825,21474836734,BINDS
167503724826,21474836735,BINDS
167503724827,21474836736,BINDS
167503724828,21474836737,BINDS
167503724829,21474836738,BINDS
167503724830,21474836739,BINDS
167503724831,21474836740,BINDS
167503724832,21474836741,BINDS
167503724834,21474836742,BINDS
167503724835,21474836743,BINDS
167503724836,21474836744,BINDS
167503724837,21474836745,BINDS
167503724838,21474836746,BINDS
167503724839,21474836747,BINDS
167503724840,21474836748,BINDS
167503724841,21474836749,BINDS
167503724842,21474836750,BINDS
167503724843,21474836751,BINDS
167503724844,21474836752,BINDS
167503724846,21474836753,BINDS
167503724847,21474836754,BINDS
167503724848,21474836755,BINDS
167503724849,21474836756,BINDS
167503724850,21474836757,BINDS
167503724852,21474836758,BINDS
167503724853,21474836759,BINDS
167503724854,21474836760,BINDS
167503724855,21474836761,BINDS
167503724857,21474836762,BINDS
167503724858,21474836763,BINDS
167503724859,21474836764,BINDS
167503724860,21474836765,BINDS
167503724862,21474836766,BINDS
167503724863,21474836767,BINDS
167503724864,21474836768,BINDS
167503724865,21474836769,BINDS
167503724866,21474836770,BINDS
167503724868,21474836771,BINDS
167503724869,21474836772,BINDS
167503724870,21474836773,BINDS
167503724871,21474836774,BINDS
167503724873,21474836775,BINDS
167503724874,21474836776,BINDS
167503724875,21474836777,BINDS
167503724876,21474836778,BINDS
167503724877,21474836779,BINDS
167503724879,21474836780,BINDS
167503724884,21474836781,BINDS
167503724885,21474836782,BINDS
167503724886,21474836783,BINDS
167503724887,21474836784,BINDS
167503724888,21474836785,BINDS
167503724889,21474836786,BINDS
167503724890,21474836787,BINDS
167503724891,21474836788,BINDS
167503724892,21474836789,BINDS
167503724893,21474836790,BINDS
167503724894,21474836791,BINDS
167503724895,21474836792,BINDS
167503724896,21474836793,BINDS
167503724897,21474836794,BINDS
167503724898,21474836795,BINDS
167503724899,21474836796,BINDS
167503724900,21474836797,BINDS
167503724901,21474836798,BINDS
167503724902,21474836799,BINDS
167503724903,21474836800,BINDS
167503724904,21474836801,BINDS
167503724905,21474836802,BINDS
167503724907,21474836803,BINDS
167503724908,21474836804,BINDS
167503724909,21474836805,BINDS
167503724910,21474836806,BINDS
167503724911,21474836807,BINDS
167503724912,21474836808,BINDS
167503724913,21474836809,BINDS
167503724914,21474836810,BINDS
167503724915,21474836811,BINDS
167503724916,21474836812,BINDS
167503724918,21474836813,BINDS
167503724919,21474836814,BINDS
167503724920,21474836815,BINDS
167503724921,21474836816,BINDS
167503724922,21474836817,BINDS
167503724923,21474836818,BINDS
167503724924,21474836819,BINDS
167503724925,21474836820,BINDS
167503724927,21474836821,BINDS
167503724928,21474836822,BINDS
167503724929,21474836823,BINDS
167503724930,21474836824,BINDS
167503724931,21474836825,BINDS
167503724932,21474836826,BINDS
167503724934,21474836827,BINDS
167503724935,21474836828,BINDS
167503724936,21474836829,BINDS
167503724937,21474836830,BINDS
167503724938,21474836831,BINDS
167503724941,21474836832,BINDS
167503724942,21474836833,BINDS
167503724943,21474836834,BINDS
167503724944,21474836835,BINDS
167503724945,21474836836,BINDS
167503724947,21474836837,BINDS
167503724954,21474836838,BINDS
167503724955,21474836839,BINDS
167503724956,21474836840,BINDS
167503724957,21474836841,BINDS
167503724958,21474836842,BINDS
167503724959,21474836843,BINDS
167503724960,21474836844,BINDS
167503724961,21474836845,BINDS
167503724962,21474836846,BINDS
167503724963,21474836847,BINDS
167503724964,21474836848,BINDS
167503724965,21474836849,BINDS
167503724966,21474836850,BINDS
167503724967,21474836851,BINDS
167503724969,21474836852,BINDS
167503724970,21474836853,BINDS
167503724971,21474836854,BINDS
167503724972,21474836855,BINDS
167503724973,21474836856,BINDS
167503724974,21474836857,BINDS
167503724975,21474836858,BINDS
167503724976,21474836859,BINDS
167503724977,21474836860,BINDS
167503724978,21474836861,BINDS
167503724980,21474836862,BINDS
167503724981,21474836863,BINDS
167503724982,21474836864,BINDS
167503724983,21474836865,BINDS
167503724984,21474836866,BINDS
167503724985,21474836867,BINDS
167503724986,21474836868,BINDS
167503724987,21474836869,BINDS
167503724988,21474836870,BINDS
167503724989,21474836871,BINDS
167503724990,21474836872,BINDS
167503724991,21474836873,BINDS
167503724994,21474836874,BINDS
167503724995,21474836875,BINDS
167503724996,21474836876,BINDS
167503724997,21474836877,BINDS
167503724998,21474836878,BINDS
167503724999,21474836879,BINDS
167503725000,21474836880,BINDS
167503725001,21474836881,BINDS
167503725002,21474836882,BINDS
167503725004,21474836883,BINDS
167503725005,21474836884,BINDS
167503725006,21474836885,BINDS
167503725007,21474836886,BINDS
167503725008,21474836887,BINDS
167503725009,21474836888,BINDS
167503725012,21474836889,BINDS
167503725013,21474836890,BINDS
167503725014,21474836891,BINDS
167503725015,21474836892,BINDS
167503725016,21474836893,BINDS
167503725017,21474836894,BINDS
167503725018,21474836895,BINDS
167503725019,21474836896,BINDS
167503725020,21474836897,BINDS
167503725022,21474836898,BINDS
167503725023,21474836899,BINDS
167503725024,21474836900,BINDS
167503725025,21474836901,BINDS
167503725026,21474836902,BINDS
167503725027,21474836903,BINDS
167503725028,21474836904,BINDS
167503725029,21474836905,BINDS
167503725032,21474836906,BINDS
167503725033,21474836907,BINDS
167503725034,21474836908,BINDS
167503725035,21474836909,BINDS
167503725036,21474836910,BINDS
167503725038,21474836911,BINDS
167503725039,21474836912,BINDS
167503725040,21474836913,BINDS
167503725041,21474836914,BINDS
167503725042,21474836915,BINDS
167503725043,21474836916,BINDS
167503725044,21474836917,BINDS
167503725046,21474836918,BINDS
167503725049,21474836919,BINDS
167503725050,21474836920,BINDS
167503725051,21474836921,BINDS
167503725052,21474836922,BINDS
167503725053,21474836923,BINDS
167503725055,21474836924,BINDS
167503725056,21474836925,BINDS
167503725057,21474836926,BINDS
167503725058,21474836927,BINDS
167503725059,21474836928,BINDS
167503725060,21474836929,BINDS
167503725061,21474836930,BINDS
167503725062,21474836931,BINDS
167503725063,21474836932,BINDS
167503725065,21474836933,BINDS
167503725066,21474836934,BINDS
167503725067,21474836935,BINDS
167503725068,21474836936,BINDS
167503725070,21474836937,BINDS
167503725071,21474836938,BINDS
167503725072,21474836939,BINDS
167503725073,21474836940,BINDS
167503725074,21474836941,BINDS
167503725075,21474836942,BINDS
167503725077,21474836943,BINDS
167503725080,21474836944,BINDS
167503725081,21474836945,BINDS
167503725082,21474836946,BINDS
167503725083,21474836947,BINDS
167503725084,21474836948,BINDS
167503725086,21474836949,BINDS
167503725087,21474836950,BINDS
167503725088,21474836951,BINDS
167503725089,21474836952,BINDS
167503725090,21474836953,BINDS
167503725091,21474836954,BINDS
167503725092,21474836955,BINDS
167503725093,21474836956,BINDS
167503725095,21474836957,BINDS
167503725096,21474836958,BINDS
167503725097,21474836959,BINDS
167503725098,21474836960,BINDS
167503725100,21474836961,BINDS
167503725101,21474836962,BINDS
167503725102,21474836963,BINDS
167503725103,21474836964,BINDS
167503725104,21474836965,BINDS
167503725106,21474836966,BINDS
167503725109,21474836967,BINDS
167503725110,21474836968,BINDS
167503725111,21474836969,BINDS
167503725112,21474836970,BINDS
167503725113,21474836971,BINDS
167503725115,21474836972,BINDS
167503725116,21474836973,BINDS
167503725117,21474836974,BINDS
167503725118,21474836975,BINDS
167503725119,21474836976,BINDS
167503725120,21474836977,BINDS
167503725121,21474836978,BINDS
167503725122,21474836979,BINDS
167503725124,21474836980,BINDS
167503725125,21474836981,BINDS
167503725126,21474836982,BINDS
167503725127,21474836983,BINDS
167503725128,21474836984,BINDS
167503725129,21474836985,BINDS
167503725130,21474836986,BINDS
167503725131,21474836987,BINDS
167503725132,21474836988,BINDS
167503725133,21474836989,BINDS
167503725134,21474836990,BINDS
167503725137,21474836991,BINDS
167503725138,21474836992,BINDS
167503725139,21474836993,BINDS
167503725140,21474836994,BINDS
167503725141,21474836995,BINDS
167503725142,21474836996,BINDS
167503725144,21474836997,BINDS
167503725146,21474836998,BINDS
167503725148,21474836999,BINDS
167503725150,21474837000,BINDS
167503725152,21474837001,BINDS
167503725153,21474837002,BINDS
167503725155,21474837003,BINDS
167503725157,21474837004,BINDS
167503725159,21474837005,BINDS
167503725161,21474837006,BINDS
167503725163,21474837007,BINDS
167503725165,21474837008,BINDS
167503725167,21474837009,BINDS
167503725169,21474837010,BINDS
167503725171,21474837011,BINDS
167503725172,21474837012,BINDS
167503725174,21474837013,BINDS
167503725176,21474837014,BINDS
167503725178,21474837015,BINDS
167503725180,21474837016,BINDS
167503725182,21474837017,BINDS
167503725184,21474837018,BINDS
167503725186,21474837019,BINDS
167503725188,21474837020,BINDS
167503725190,21474837021,BINDS
167503725191,21474837022,BINDS
167503725192,21474837023,BINDS
167503725194,21474837024,BINDS
167503725196,21474837025,BINDS
167503725198,21474837026,BINDS
167503725200,21474837027,BINDS
167503725202,21474837028,BINDS
167503725204,21474837029,BINDS
167503725206,21474837030,BINDS
167503725208,21474837031,BINDS
167503725210,21474837032,BINDS
167503725211,21474837033,BINDS
167503725213,21474837034,BINDS
167503725215,21474837035,BINDS
167503725216,21474837036,BINDS
167503725218,21474837037,BINDS
167503725220,21474837038,BINDS
167503725222,21474837039,BINDS
167503725224,21474837040,BINDS
167503725226,21474837041,BINDS
167503725228,21474837042,BINDS
167503725229,21474837043,BINDS
167503725231,21474837044,BINDS
167503725233,21474837045,BINDS
167503725235,21474837046,BINDS
167503725237,21474837047,BINDS
167503725238,21474837048,BINDS
167503725240,21474837049,BINDS
167503725242,21474837050,BINDS
167503725244,21474837051,BINDS
167503725246,21474837052,BINDS
167503725248,21474837053,BINDS
167503725250,21474837054,BINDS
167503725252,21474837055,BINDS
167503725254,21474837056,BINDS
167503725256,21474837057,BINDS
167503725258,21474837058,BINDS
167503725260,21474837059,BINDS
167503725263,21474837060,BINDS
167503725266,21474837061,BINDS
167503725269,21474837062,BINDS
167503725272,21474837063,BINDS
167503725275,21474837064,BINDS
167503725278,21474837065,BINDS
167503725279,21474837066,BINDS
