111669149696,115964116992,PARAMETER_LINK
111669149697,115964116993,PARAMETER_LINK
111669149698,115964116994,PARAMETER_LINK
111669149699,115964116995,PARAMETER_LINK
111669149700,115964116996,PARAMETER_LINK
111669149701,115964116997,PARAMETER_LINK
111669149702,115964116998,PARAMETER_LINK
111669149703,115964116999,PARAMETER_LINK
111669149704,115964117000,PARAMETER_LINK
111669149705,115964117001,PARAMETER_LINK
111669149706,115964117002,PARAMETER_LINK
111669149707,115964117003,PARAMETER_LINK
111669149708,115964117004,PARAMETER_LINK
111669149709,115964117005,PARAMETER_LINK
111669149710,115964117006,PARAMETER_LINK
111669149711,115964117007,PARAMETER_LINK
111669149712,115964117008,PARAMETER_LINK
111669149713,115964117009,PARAMETER_LINK
111669149714,115964117010,PARAMETER_LINK
111669149715,115964117011,PARAMETER_LINK
111669149716,115964117012,PARAMETER_LINK
111669149717,115964117013,PARAMETER_LINK
111669149718,115964117014,PARAMETER_LINK
111669149719,115964117015,PARAMETER_LINK
111669149720,115964117016,PARAMETER_LINK
111669149721,115964117017,PARAMETER_LINK
111669149722,115964117018,PARAMETER_LINK
111669149723,115964117019,PARAMETER_LINK
111669149724,115964117020,PARAMETER_LINK
111669149725,115964117021,PARAMETER_LINK
111669149726,115964117022,PARAMETER_LINK
111669149727,115964117023,PARAMETER_LINK
111669149728,115964117024,PARAMETER_LINK
111669149729,115964117025,PARAMETER_LINK
111669149730,115964117026,PARAMETER_LINK
111669149731,115964117027,PARAMETER_LINK
111669149732,115964117028,PARAMETER_LINK
111669149733,115964117029,PARAMETER_LINK
111669149734,115964117030,PARAMETER_LINK
111669149735,115964117031,PARAMETER_LINK
111669149736,115964117032,PARAMETER_LINK
111669149737,115964117033,PARAMETER_LINK
111669149738,115964117034,PARAMETER_LINK
111669149739,115964117035,PARAMETER_LINK
111669149740,115964117036,PARAMETER_LINK
111669149741,115964117037,PARAMETER_LINK
111669149742,115964117038,PARAMETER_LINK
111669149743,115964117039,PARAMETER_LINK
111669149744,115964117040,PARAMETER_LINK
111669149745,115964117041,PARAMETER_LINK
111669149746,115964117042,PARAMETER_LINK
111669149747,115964117043,PARAMETER_LINK
111669149748,115964117044,PARAMETER_LINK
111669149749,115964117045,PARAMETER_LINK
111669149750,115964117046,PARAMETER_LINK
111669149751,115964117047,PARAMETER_LINK
111669149752,115964117048,PARAMETER_LINK
111669149753,115964117049,PARAMETER_LINK
111669149754,115964117050,PARAMETER_LINK
111669149755,115964117051,PARAMETER_LINK
111669149756,115964117052,PARAMETER_LINK
111669149757,115964117053,PARAMETER_LINK
111669149758,115964117054,PARAMETER_LINK
111669149759,115964117055,PARAMETER_LINK
111669149760,115964117056,PARAMETER_LINK
111669149761,115964117057,PARAMETER_LINK
111669149762,115964117058,PARAMETER_LINK
111669149763,115964117059,PARAMETER_LINK
111669149764,115964117060,PARAMETER_LINK
111669149765,115964117061,PARAMETER_LINK
111669149766,115964117062,PARAMETER_LINK
111669149767,115964117063,PARAMETER_LINK
111669149768,115964117064,PARAMETER_LINK
111669149769,115964117065,PARAMETER_LINK
111669149770,115964117066,PARAMETER_LINK
111669149771,115964117067,PARAMETER_LINK
111669149772,115964117068,PARAMETER_LINK
111669149773,115964117069,PARAMETER_LINK
111669149774,115964117070,PARAMETER_LINK
111669149775,115964117071,PARAMETER_LINK
111669149776,115964117072,PARAMETER_LINK
111669149777,115964117073,PARAMETER_LINK
111669149778,115964117074,PARAMETER_LINK
111669149779,115964117075,PARAMETER_LINK
111669149780,115964117076,PARAMETER_LINK
111669149781,115964117077,PARAMETER_LINK
111669149782,115964117078,PARAMETER_LINK
111669149783,115964117079,PARAMETER_LINK
111669149784,115964117080,PARAMETER_LINK
111669149785,115964117081,PARAMETER_LINK
111669149786,115964117082,PARAMETER_LINK
111669149787,115964117083,PARAMETER_LINK
111669149788,115964117084,PARAMETER_LINK
111669149789,115964117085,PARAMETER_LINK
111669149790,115964117086,PARAMETER_LINK
111669149791,115964117087,PARAMETER_LINK
111669149792,115964117088,PARAMETER_LINK
111669149793,115964117089,PARAMETER_LINK
111669149794,115964117090,PARAMETER_LINK
111669149795,115964117091,PARAMETER_LINK
111669149796,115964117092,PARAMETER_LINK
111669149797,115964117093,PARAMETER_LINK
111669149798,115964117094,PARAMETER_LINK
111669149799,115964117095,PARAMETER_LINK
111669149800,115964117096,PARAMETER_LINK
111669149801,115964117097,PARAMETER_LINK
111669149802,115964117098,PARAMETER_LINK
111669149803,115964117099,PARAMETER_LINK
111669149804,115964117100,PARAMETER_LINK
111669149805,115964117101,PARAMETER_LINK
111669149806,115964117102,PARAMETER_LINK
111669149807,115964117103,PARAMETER_LINK
111669149808,115964117104,PARAMETER_LINK
111669149809,115964117105,PARAMETER_LINK
111669149810,115964117106,PARAMETER_LINK
111669149811,115964117107,PARAMETER_LINK
111669149812,115964117108,PARAMETER_LINK
111669149813,115964117109,PARAMETER_LINK
111669149814,115964117110,PARAMETER_LINK
111669149815,115964117111,PARAMETER_LINK
111669149816,115964117112,PARAMETER_LINK
111669149817,115964117113,PARAMETER_LINK
111669149818,115964117114,PARAMETER_LINK
111669149819,115964117115,PARAMETER_LINK
111669149820,115964117116,PARAMETER_LINK
111669149821,115964117117,PARAMETER_LINK
111669149822,115964117118,PARAMETER_LINK
111669149823,115964117119,PARAMETER_LINK
111669149824,115964117120,PARAMETER_LINK
111669149825,115964117121,PARAMETER_LINK
111669149826,115964117122,PARAMETER_LINK
111669149827,115964117123,PARAMETER_LINK
111669149828,115964117124,PARAMETER_LINK
111669149829,115964117125,PARAMETER_LINK
111669149830,115964117126,PARAMETER_LINK
111669149831,115964117127,PARAMETER_LINK
111669149832,115964117128,PARAMETER_LINK
111669149833,115964117129,PARAMETER_LINK
111669149834,115964117130,PARAMETER_LINK
111669149835,115964117131,PARAMETER_LINK
111669149836,115964117132,PARAMETER_LINK
111669149837,115964117133,PARAMETER_LINK
111669149838,115964117134,PARAMETER_LINK
111669149839,115964117135,PARAMETER_LINK
111669149840,115964117136,PARAMETER_LINK
111669149841,115964117137,PARAMETER_LINK
111669149842,115964117138,PARAMETER_LINK
111669149843,115964117139,PARAMETER_LINK
111669149844,115964117140,PARAMETER_LINK
111669149845,115964117141,PARAMETER_LINK
111669149846,115964117142,PARAMETER_LINK
111669149847,115964117143,PARAMETER_LINK
111669149848,115964117144,PARAMETER_LINK
111669149849,115964117145,PARAMETER_LINK
111669149850,115964117146,PARAMETER_LINK
111669149851,115964117147,PARAMETER_LINK
111669149852,115964117148,PARAMETER_LINK
111669149853,115964117149,PARAMETER_LINK
111669149854,115964117150,PARAMETER_LINK
111669149855,115964117151,PARAMETER_LINK
111669149856,115964117152,PARAMETER_LINK
111669149857,115964117153,PARAMETER_LINK
111669149858,115964117154,PARAMETER_LINK
111669149859,115964117155,PARAMETER_LINK
111669149860,115964117156,PARAMETER_LINK
111669149861,115964117157,PARAMETER_LINK
111669149862,115964117158,PARAMETER_LINK
111669149863,115964117159,PARAMETER_LINK
111669149864,115964117160,PARAMETER_LINK
111669149865,115964117161,PARAMETER_LINK
111669149866,115964117162,PARAMETER_LINK
111669149867,115964117163,PARAMETER_LINK
111669149868,115964117164,PARAMETER_LINK
111669149869,115964117165,PARAMETER_LINK
111669149870,115964117166,PARAMETER_LINK
111669149871,115964117167,PARAMETER_LINK
111669149872,115964117168,PARAMETER_LINK
111669149873,115964117169,PARAMETER_LINK
111669149874,115964117170,PARAMETER_LINK
111669149875,115964117171,PARAMETER_LINK
111669149876,115964117172,PARAMETER_LINK
111669149877,115964117173,PARAMETER_LINK
111669149878,115964117174,PARAMETER_LINK
111669149879,115964117175,PARAMETER_LINK
111669149880,115964117176,PARAMETER_LINK
111669149881,115964117177,PARAMETER_LINK
111669149882,115964117178,PARAMETER_LINK
111669149883,115964117179,PARAMETER_LINK
111669149884,115964117180,PARAMETER_LINK
111669149885,115964117181,PARAMETER_LINK
111669149886,115964117182,PARAMETER_LINK
111669149887,115964117183,PARAMETER_LINK
111669149888,115964117184,PARAMETER_LINK
111669149889,115964117185,PARAMETER_LINK
111669149890,115964117186,PARAMETER_LINK
111669149891,115964117187,PARAMETER_LINK
111669149892,115964117188,PARAMETER_LINK
111669149893,115964117189,PARAMETER_LINK
111669149894,115964117190,PARAMETER_LINK
111669149895,115964117191,PARAMETER_LINK
111669149896,115964117192,PARAMETER_LINK
111669149897,115964117193,PARAMETER_LINK
111669149898,115964117194,PARAMETER_LINK
111669149899,115964117195,PARAMETER_LINK
111669149900,115964117196,PARAMETER_LINK
111669149901,115964117197,PARAMETER_LINK
111669149902,115964117198,PARAMETER_LINK
111669149903,115964117199,PARAMETER_LINK
111669149904,115964117200,PARAMETER_LINK
111669149905,115964117201,PARAMETER_LINK
111669149906,115964117202,PARAMETER_LINK
111669149907,115964117203,PARAMETER_LINK
111669149908,115964117204,PARAMETER_LINK
111669149909,115964117205,PARAMETER_LINK
111669149910,115964117206,PARAMETER_LINK
111669149911,115964117207,PARAMETER_LINK
111669149912,115964117208,PARAMETER_LINK
111669149913,115964117209,PARAMETER_LINK
111669149914,115964117210,PARAMETER_LINK
111669149915,115964117211,PARAMETER_LINK
111669149916,115964117212,PARAMETER_LINK
111669149917,115964117213,PARAMETER_LINK
111669149918,115964117214,PARAMETER_LINK
111669149919,115964117215,PARAMETER_LINK
111669149920,115964117216,PARAMETER_LINK
111669149921,115964117217,PARAMETER_LINK
111669149922,115964117218,PARAMETER_LINK
111669149923,115964117219,PARAMETER_LINK
111669149924,115964117220,PARAMETER_LINK
111669149925,115964117221,PARAMETER_LINK
111669149926,115964117222,PARAMETER_LINK
111669149927,115964117223,PARAMETER_LINK
111669149928,115964117224,PARAMETER_LINK
111669149929,115964117225,PARAMETER_LINK
111669149930,115964117226,PARAMETER_LINK
111669149931,115964117227,PARAMETER_LINK
111669149932,115964117228,PARAMETER_LINK
111669149933,115964117229,PARAMETER_LINK
111669149934,115964117230,PARAMETER_LINK
111669149935,115964117231,PARAMETER_LINK
111669149936,115964117232,PARAMETER_LINK
111669149937,115964117233,PARAMETER_LINK
111669149938,115964117234,PARAMETER_LINK
111669149939,115964117235,PARAMETER_LINK
111669149940,115964117236,PARAMETER_LINK
111669149941,115964117237,PARAMETER_LINK
111669149942,115964117238,PARAMETER_LINK
111669149943,115964117239,PARAMETER_LINK
111669149944,115964117240,PARAMETER_LINK
111669149945,115964117241,PARAMETER_LINK
111669149946,115964117242,PARAMETER_LINK
111669149947,115964117243,PARAMETER_LINK
111669149948,115964117244,PARAMETER_LINK
111669149949,115964117245,PARAMETER_LINK
111669149950,115964117246,PARAMETER_LINK
111669149951,115964117247,PARAMETER_LINK
111669149952,115964117248,PARAMETER_LINK
111669149953,115964117249,PARAMETER_LINK
111669149954,115964117250,PARAMETER_LINK
111669149955,115964117251,PARAMETER_LINK
111669149956,115964117252,PARAMETER_LINK
111669149957,115964117253,PARAMETER_LINK
111669149958,115964117254,PARAMETER_LINK
111669149959,115964117255,PARAMETER_LINK
111669149960,115964117256,PARAMETER_LINK
111669149961,115964117257,PARAMETER_LINK
111669149962,115964117258,PARAMETER_LINK
111669149963,115964117259,PARAMETER_LINK
111669149964,115964117260,PARAMETER_LINK
111669149965,115964117261,PARAMETER_LINK
111669149966,115964117262,PARAMETER_LINK
111669149967,115964117263,PARAMETER_LINK
111669149968,115964117264,PARAMETER_LINK
111669149969,115964117265,PARAMETER_LINK
111669149970,115964117266,PARAMETER_LINK
111669149971,115964117267,PARAMETER_LINK
111669149972,115964117268,PARAMETER_LINK
111669149973,115964117269,PARAMETER_LINK
111669149974,115964117270,PARAMETER_LINK
111669149975,115964117271,PARAMETER_LINK
111669149976,115964117272,PARAMETER_LINK
111669149977,115964117273,PARAMETER_LINK
111669149978,115964117274,PARAMETER_LINK
111669149979,115964117275,PARAMETER_LINK
111669149980,115964117276,PARAMETER_LINK
111669149981,115964117277,PARAMETER_LINK
111669149982,115964117278,PARAMETER_LINK
111669149983,115964117279,PARAMETER_LINK
111669149984,115964117280,PARAMETER_LINK
111669149985,115964117281,PARAMETER_LINK
111669149986,115964117282,PARAMETER_LINK
111669149987,115964117283,PARAMETER_LINK
111669149988,115964117284,PARAMETER_LINK
111669149989,115964117285,PARAMETER_LINK
111669149990,115964117286,PARAMETER_LINK
111669149991,115964117287,PARAMETER_LINK
111669149992,115964117288,PARAMETER_LINK
111669149993,115964117289,PARAMETER_LINK
111669149994,115964117290,PARAMETER_LINK
111669149995,115964117291,PARAMETER_LINK
111669149996,115964117292,PARAMETER_LINK
111669149997,115964117293,PARAMETER_LINK
111669149998,115964117294,PARAMETER_LINK
111669149999,115964117295,PARAMETER_LINK
111669150000,115964117296,PARAMETER_LINK
111669150001,115964117297,PARAMETER_LINK
111669150002,115964117298,PARAMETER_LINK
111669150003,115964117299,PARAMETER_LINK
111669150004,115964117300,PARAMETER_LINK
111669150005,115964117301,PARAMETER_LINK
111669150006,115964117302,PARAMETER_LINK
111669150007,115964117303,PARAMETER_LINK
111669150008,115964117304,PARAMETER_LINK
111669150009,115964117305,PARAMETER_LINK
111669150010,115964117306,PARAMETER_LINK
111669150011,115964117307,PARAMETER_LINK
111669150012,115964117308,PARAMETER_LINK
111669150013,115964117309,PARAMETER_LINK
111669150014,115964117310,PARAMETER_LINK
111669150015,115964117311,PARAMETER_LINK
111669150016,115964117312,PARAMETER_LINK
111669150017,115964117313,PARAMETER_LINK
111669150018,115964117314,PARAMETER_LINK
111669150019,115964117315,PARAMETER_LINK
111669150020,115964117316,PARAMETER_LINK
111669150021,115964117317,PARAMETER_LINK
111669150022,115964117318,PARAMETER_LINK
111669150023,115964117319,PARAMETER_LINK
111669150024,115964117320,PARAMETER_LINK
111669150025,115964117321,PARAMETER_LINK
111669150026,115964117322,PARAMETER_LINK
111669150027,115964117323,PARAMETER_LINK
111669150028,115964117324,PARAMETER_LINK
111669150029,115964117325,PARAMETER_LINK
111669150030,115964117326,PARAMETER_LINK
111669150031,115964117327,PARAMETER_LINK
111669150032,115964117328,PARAMETER_LINK
111669150033,115964117329,PARAMETER_LINK
111669150034,115964117330,PARAMETER_LINK
111669150035,115964117331,PARAMETER_LINK
111669150036,115964117332,PARAMETER_LINK
111669150037,115964117333,PARAMETER_LINK
111669150038,115964117334,PARAMETER_LINK
111669150039,115964117335,PARAMETER_LINK
111669150040,115964117336,PARAMETER_LINK
111669150041,115964117337,PARAMETER_LINK
111669150042,115964117338,PARAMETER_LINK
111669150043,115964117339,PARAMETER_LINK
111669150044,115964117340,PARAMETER_LINK
111669150045,115964117341,PARAMETER_LINK
111669150046,115964117342,PARAMETER_LINK
111669150047,115964117343,PARAMETER_LINK
111669150048,115964117344,PARAMETER_LINK
111669150049,115964117345,PARAMETER_LINK
111669150050,115964117346,PARAMETER_LINK
111669150051,115964117347,PARAMETER_LINK
111669150052,115964117348,PARAMETER_LINK
111669150053,115964117349,PARAMETER_LINK
111669150054,115964117350,PARAMETER_LINK
111669150055,115964117351,PARAMETER_LINK
111669150056,115964117352,PARAMETER_LINK
111669150057,115964117353,PARAMETER_LINK
111669150058,115964117354,PARAMETER_LINK
111669150059,115964117355,PARAMETER_LINK
111669150060,115964117356,PARAMETER_LINK
111669150061,115964117357,PARAMETER_LINK
111669150062,115964117358,PARAMETER_LINK
111669150063,115964117359,PARAMETER_LINK
111669150064,115964117360,PARAMETER_LINK
111669150065,115964117361,PARAMETER_LINK
111669150066,115964117362,PARAMETER_LINK
111669150067,115964117363,PARAMETER_LINK
111669150068,115964117364,PARAMETER_LINK
111669150069,115964117365,PARAMETER_LINK
111669150070,115964117366,PARAMETER_LINK
111669150071,115964117367,PARAMETER_LINK
111669150072,115964117368,PARAMETER_LINK
111669150073,115964117369,PARAMETER_LINK
111669150074,115964117370,PARAMETER_LINK
111669150075,115964117371,PARAMETER_LINK
111669150076,115964117372,PARAMETER_LINK
111669150077,115964117373,PARAMETER_LINK
111669150078,115964117374,PARAMETER_LINK
111669150079,115964117375,PARAMETER_LINK
111669150080,115964117376,PARAMETER_LINK
111669150081,115964117377,PARAMETER_LINK
111669150082,115964117378,PARAMETER_LINK
111669150083,115964117379,PARAMETER_LINK
111669150084,115964117380,PARAMETER_LINK
111669150085,115964117381,PARAMETER_LINK
111669150086,115964117382,PARAMETER_LINK
111669150087,115964117383,PARAMETER_LINK
111669150088,115964117384,PARAMETER_LINK
111669150089,115964117385,PARAMETER_LINK
111669150090,115964117386,PARAMETER_LINK
111669150091,115964117387,PARAMETER_LINK
111669150092,115964117388,PARAMETER_LINK
111669150093,115964117389,PARAMETER_LINK
111669150094,115964117390,PARAMETER_LINK
111669150095,115964117391,PARAMETER_LINK
111669150096,115964117392,PARAMETER_LINK
111669150097,115964117393,PARAMETER_LINK
111669150098,115964117394,PARAMETER_LINK
111669150099,115964117395,PARAMETER_LINK
111669150100,115964117396,PARAMETER_LINK
111669150101,115964117397,PARAMETER_LINK
111669150102,115964117398,PARAMETER_LINK
111669150103,115964117399,PARAMETER_LINK
111669150104,115964117400,PARAMETER_LINK
111669150105,115964117401,PARAMETER_LINK
111669150106,115964117402,PARAMETER_LINK
111669150107,115964117403,PARAMETER_LINK
111669150108,115964117404,PARAMETER_LINK
111669150109,115964117405,PARAMETER_LINK
111669150110,115964117406,PARAMETER_LINK
111669150111,115964117407,PARAMETER_LINK
111669150112,115964117408,PARAMETER_LINK
111669150113,115964117409,PARAMETER_LINK
111669150114,115964117410,PARAMETER_LINK
111669150115,115964117411,PARAMETER_LINK
111669150116,115964117412,PARAMETER_LINK
111669150117,115964117413,PARAMETER_LINK
111669150118,115964117414,PARAMETER_LINK
111669150119,115964117415,PARAMETER_LINK
111669150120,115964117416,PARAMETER_LINK
111669150121,115964117417,PARAMETER_LINK
111669150122,115964117418,PARAMETER_LINK
111669150123,115964117419,PARAMETER_LINK
111669150124,115964117420,PARAMETER_LINK
111669150125,115964117421,PARAMETER_LINK
111669150126,115964117422,PARAMETER_LINK
111669150127,115964117423,PARAMETER_LINK
111669150128,115964117424,PARAMETER_LINK
111669150129,115964117425,PARAMETER_LINK
111669150130,115964117426,PARAMETER_LINK
111669150131,115964117427,PARAMETER_LINK
111669150132,115964117428,PARAMETER_LINK
111669150133,115964117429,PARAMETER_LINK
111669150134,115964117430,PARAMETER_LINK
111669150135,115964117431,PARAMETER_LINK
111669150136,115964117432,PARAMETER_LINK
111669150137,115964117433,PARAMETER_LINK
111669150138,115964117434,PARAMETER_LINK
111669150139,115964117435,PARAMETER_LINK
111669150140,115964117436,PARAMETER_LINK
111669150141,115964117437,PARAMETER_LINK
111669150142,115964117438,PARAMETER_LINK
111669150143,115964117439,PARAMETER_LINK
111669150144,115964117440,PARAMETER_LINK
111669150145,115964117441,PARAMETER_LINK
111669150146,115964117442,PARAMETER_LINK
111669150147,115964117443,PARAMETER_LINK
111669150148,115964117444,PARAMETER_LINK
111669150149,115964117445,PARAMETER_LINK
111669150150,115964117446,PARAMETER_LINK
111669150151,115964117447,PARAMETER_LINK
111669150152,115964117448,PARAMETER_LINK
111669150153,115964117449,PARAMETER_LINK
111669150154,115964117450,PARAMETER_LINK
111669150155,115964117451,PARAMETER_LINK
111669150156,115964117452,PARAMETER_LINK
111669150157,115964117453,PARAMETER_LINK
111669150158,115964117454,PARAMETER_LINK
111669150159,115964117455,PARAMETER_LINK
111669150160,115964117456,PARAMETER_LINK
111669150161,115964117457,PARAMETER_LINK
111669150162,115964117458,PARAMETER_LINK
111669150163,115964117459,PARAMETER_LINK
111669150164,115964117460,PARAMETER_LINK
111669150165,115964117461,PARAMETER_LINK
111669150166,115964117462,PARAMETER_LINK
111669150167,115964117463,PARAMETER_LINK
111669150168,115964117464,PARAMETER_LINK
111669150169,115964117465,PARAMETER_LINK
111669150170,115964117466,PARAMETER_LINK
111669150171,115964117467,PARAMETER_LINK
111669150172,115964117468,PARAMETER_LINK
111669150173,115964117469,PARAMETER_LINK
111669150174,115964117470,PARAMETER_LINK
111669150175,115964117471,PARAMETER_LINK
111669150176,115964117472,PARAMETER_LINK
111669150177,115964117473,PARAMETER_LINK
111669150178,115964117474,PARAMETER_LINK
111669150179,115964117475,PARAMETER_LINK
111669150180,115964117476,PARAMETER_LINK
111669150181,115964117477,PARAMETER_LINK
111669150182,115964117478,PARAMETER_LINK
111669150183,115964117479,PARAMETER_LINK
111669150184,115964117480,PARAMETER_LINK
111669150185,115964117481,PARAMETER_LINK
111669150186,115964117482,PARAMETER_LINK
111669150187,115964117483,PARAMETER_LINK
111669150188,115964117484,PARAMETER_LINK
111669150189,115964117485,PARAMETER_LINK
111669150190,115964117486,PARAMETER_LINK
111669150191,115964117487,PARAMETER_LINK
111669150192,115964117488,PARAMETER_LINK
111669150193,115964117489,PARAMETER_LINK
111669150194,115964117490,PARAMETER_LINK
111669150195,115964117491,PARAMETER_LINK
111669150196,115964117492,PARAMETER_LINK
111669150197,115964117493,PARAMETER_LINK
111669150198,115964117494,PARAMETER_LINK
111669150199,115964117495,PARAMETER_LINK
111669150200,115964117496,PARAMETER_LINK
111669150201,115964117497,PARAMETER_LINK
111669150202,115964117498,PARAMETER_LINK
111669150203,115964117499,PARAMETER_LINK
111669150204,115964117500,PARAMETER_LINK
111669150205,115964117501,PARAMETER_LINK
111669150206,115964117502,PARAMETER_LINK
111669150207,115964117503,PARAMETER_LINK
111669150208,115964117504,PARAMETER_LINK
111669150209,115964117505,PARAMETER_LINK
111669150210,115964117506,PARAMETER_LINK
111669150211,115964117507,PARAMETER_LINK
111669150212,115964117508,PARAMETER_LINK
111669150213,115964117509,PARAMETER_LINK
111669150214,115964117510,PARAMETER_LINK
111669150215,115964117511,PARAMETER_LINK
111669150216,115964117512,PARAMETER_LINK
111669150217,115964117513,PARAMETER_LINK
111669150218,115964117514,PARAMETER_LINK
111669150219,115964117515,PARAMETER_LINK
111669150220,115964117516,PARAMETER_LINK
111669150221,115964117517,PARAMETER_LINK
111669150222,115964117518,PARAMETER_LINK
111669150223,115964117519,PARAMETER_LINK
111669150224,115964117520,PARAMETER_LINK
111669150225,115964117521,PARAMETER_LINK
111669150226,115964117522,PARAMETER_LINK
111669150227,115964117523,PARAMETER_LINK
111669150228,115964117524,PARAMETER_LINK
111669150229,115964117525,PARAMETER_LINK
111669150230,115964117526,PARAMETER_LINK
111669150231,115964117527,PARAMETER_LINK
111669150232,115964117528,PARAMETER_LINK
111669150233,115964117529,PARAMETER_LINK
111669150234,115964117530,PARAMETER_LINK
111669150235,115964117531,PARAMETER_LINK
111669150236,115964117532,PARAMETER_LINK
111669150237,115964117533,PARAMETER_LINK
111669150238,115964117534,PARAMETER_LINK
111669150239,115964117535,PARAMETER_LINK
111669150240,115964117536,PARAMETER_LINK
111669150241,115964117537,PARAMETER_LINK
111669150242,115964117538,PARAMETER_LINK
111669150243,115964117539,PARAMETER_LINK
111669150244,115964117540,PARAMETER_LINK
111669150245,115964117541,PARAMETER_LINK
111669150246,115964117542,PARAMETER_LINK
111669150247,115964117543,PARAMETER_LINK
111669150248,115964117544,PARAMETER_LINK
111669150249,115964117545,PARAMETER_LINK
111669150250,115964117546,PARAMETER_LINK
111669150251,115964117547,PARAMETER_LINK
111669150252,115964117548,PARAMETER_LINK
111669150253,115964117549,PARAMETER_LINK
111669150254,115964117550,PARAMETER_LINK
111669150255,115964117551,PARAMETER_LINK
111669150256,115964117552,PARAMETER_LINK
111669150257,115964117553,PARAMETER_LINK
111669150258,115964117554,PARAMETER_LINK
111669150259,115964117555,PARAMETER_LINK
111669150260,115964117556,PARAMETER_LINK
111669150261,115964117557,PARAMETER_LINK
111669150262,115964117558,PARAMETER_LINK
111669150263,115964117559,PARAMETER_LINK
111669150264,115964117560,PARAMETER_LINK
111669150265,115964117561,PARAMETER_LINK
111669150266,115964117562,PARAMETER_LINK
111669150267,115964117563,PARAMETER_LINK
111669150268,115964117564,PARAMETER_LINK
111669150269,115964117565,PARAMETER_LINK
111669150270,115964117566,PARAMETER_LINK
111669150271,115964117567,PARAMETER_LINK
111669150272,115964117568,PARAMETER_LINK
111669150273,115964117569,PARAMETER_LINK
111669150274,115964117570,PARAMETER_LINK
111669150275,115964117571,PARAMETER_LINK
111669150276,115964117572,PARAMETER_LINK
111669150277,115964117573,PARAMETER_LINK
111669150278,115964117574,PARAMETER_LINK
111669150279,115964117575,PARAMETER_LINK
111669150280,115964117576,PARAMETER_LINK
111669150281,115964117577,PARAMETER_LINK
111669150282,115964117578,PARAMETER_LINK
111669150283,115964117579,PARAMETER_LINK
111669150284,115964117580,PARAMETER_LINK
111669150285,115964117581,PARAMETER_LINK
111669150286,115964117582,PARAMETER_LINK
111669150287,115964117583,PARAMETER_LINK
111669150288,115964117584,PARAMETER_LINK
111669150289,115964117585,PARAMETER_LINK
111669150290,115964117586,PARAMETER_LINK
111669150291,115964117587,PARAMETER_LINK
111669150292,115964117588,PARAMETER_LINK
111669150293,115964117589,PARAMETER_LINK
111669150294,115964117590,PARAMETER_LINK
111669150295,115964117591,PARAMETER_LINK
111669150296,115964117592,PARAMETER_LINK
111669150297,115964117593,PARAMETER_LINK
111669150298,115964117594,PARAMETER_LINK
111669150299,115964117595,PARAMETER_LINK
111669150300,115964117596,PARAMETER_LINK
111669150301,115964117597,PARAMETER_LINK
111669150302,115964117598,PARAMETER_LINK
111669150303,115964117599,PARAMETER_LINK
111669150304,115964117600,PARAMETER_LINK
111669150305,115964117601,PARAMETER_LINK
111669150306,115964117602,PARAMETER_LINK
111669150307,115964117603,PARAMETER_LINK
111669150308,115964117604,PARAMETER_LINK
111669150309,115964117605,PARAMETER_LINK
111669150310,115964117606,PARAMETER_LINK
111669150311,115964117607,PARAMETER_LINK
111669150312,115964117608,PARAMETER_LINK
111669150313,115964117609,PARAMETER_LINK
111669150314,115964117610,PARAMETER_LINK
111669150315,115964117611,PARAMETER_LINK
111669150316,115964117612,PARAMETER_LINK
111669150317,115964117613,PARAMETER_LINK
111669150318,115964117614,PARAMETER_LINK
111669150319,115964117615,PARAMETER_LINK
111669150320,115964117616,PARAMETER_LINK
111669150321,115964117617,PARAMETER_LINK
111669150322,115964117618,PARAMETER_LINK
111669150323,115964117619,PARAMETER_LINK
111669150324,115964117620,PARAMETER_LINK
111669150325,115964117621,PARAMETER_LINK
111669150326,115964117622,PARAMETER_LINK
111669150327,115964117623,PARAMETER_LINK
111669150328,115964117624,PARAMETER_LINK
111669150329,115964117625,PARAMETER_LINK
111669150330,115964117626,PARAMETER_LINK
111669150331,115964117627,PARAMETER_LINK
111669150332,115964117628,PARAMETER_LINK
111669150333,115964117629,PARAMETER_LINK
111669150334,115964117630,PARAMETER_LINK
111669150335,115964117631,PARAMETER_LINK
111669150336,115964117632,PARAMETER_LINK
111669150337,115964117633,PARAMETER_LINK
111669150338,115964117634,PARAMETER_LINK
111669150339,115964117635,PARAMETER_LINK
111669150340,115964117636,PARAMETER_LINK
111669150341,115964117637,PARAMETER_LINK
111669150342,115964117638,PARAMETER_LINK
111669150343,115964117639,PARAMETER_LINK
111669150344,115964117640,PARAMETER_LINK
111669150345,115964117641,PARAMETER_LINK
111669150346,115964117642,PARAMETER_LINK
111669150347,115964117643,PARAMETER_LINK
111669150348,115964117644,PARAMETER_LINK
111669150349,115964117645,PARAMETER_LINK
111669150350,115964117646,PARAMETER_LINK
111669150351,115964117647,PARAMETER_LINK
111669150352,115964117648,PARAMETER_LINK
111669150353,115964117649,PARAMETER_LINK
111669150354,115964117650,PARAMETER_LINK
111669150355,115964117651,PARAMETER_LINK
111669150356,115964117652,PARAMETER_LINK
111669150357,115964117653,PARAMETER_LINK
111669150358,115964117654,PARAMETER_LINK
111669150359,115964117655,PARAMETER_LINK
111669150360,115964117656,PARAMETER_LINK
111669150361,115964117657,PARAMETER_LINK
111669150362,115964117658,PARAMETER_LINK
111669150363,115964117659,PARAMETER_LINK
111669150364,115964117660,PARAMETER_LINK
111669150365,115964117661,PARAMETER_LINK
111669150366,115964117662,PARAMETER_LINK
111669150367,115964117663,PARAMETER_LINK
111669150368,115964117664,PARAMETER_LINK
111669150369,115964117665,PARAMETER_LINK
111669150370,115964117666,PARAMETER_LINK
111669150371,115964117667,PARAMETER_LINK
111669150372,115964117668,PARAMETER_LINK
111669150373,115964117669,PARAMETER_LINK
111669150374,115964117670,PARAMETER_LINK
111669150375,115964117671,PARAMETER_LINK
111669150376,115964117672,PARAMETER_LINK
111669150377,115964117673,PARAMETER_LINK
111669150378,115964117674,PARAMETER_LINK
111669150379,115964117675,PARAMETER_LINK
111669150380,115964117676,PARAMETER_LINK
111669150381,115964117677,PARAMETER_LINK
111669150382,115964117678,PARAMETER_LINK
111669150383,115964117679,PARAMETER_LINK
111669150384,115964117680,PARAMETER_LINK
111669150385,115964117681,PARAMETER_LINK
111669150386,115964117682,PARAMETER_LINK
111669150387,115964117683,PARAMETER_LINK
111669150388,115964117684,PARAMETER_LINK
111669150389,115964117685,PARAMETER_LINK
111669150390,115964117686,PARAMETER_LINK
111669150391,115964117687,PARAMETER_LINK
111669150392,115964117688,PARAMETER_LINK
111669150393,115964117689,PARAMETER_LINK
111669150394,115964117690,PARAMETER_LINK
111669150395,115964117691,PARAMETER_LINK
111669150396,115964117692,PARAMETER_LINK
111669150397,115964117693,PARAMETER_LINK
111669150398,115964117694,PARAMETER_LINK
111669150399,115964117695,PARAMETER_LINK
111669150400,115964117696,PARAMETER_LINK
111669150401,115964117697,PARAMETER_LINK
111669150402,115964117698,PARAMETER_LINK
111669150403,115964117699,PARAMETER_LINK
111669150404,115964117700,PARAMETER_LINK
111669150405,115964117701,PARAMETER_LINK
111669150406,115964117702,PARAMETER_LINK
111669150407,115964117703,PARAMETER_LINK
111669150408,115964117704,PARAMETER_LINK
111669150409,115964117705,PARAMETER_LINK
111669150410,115964117706,PARAMETER_LINK
111669150411,115964117707,PARAMETER_LINK
111669150412,115964117708,PARAMETER_LINK
111669150413,115964117709,PARAMETER_LINK
111669150414,115964117710,PARAMETER_LINK
111669150415,115964117711,PARAMETER_LINK
111669150416,115964117712,PARAMETER_LINK
111669150417,115964117713,PARAMETER_LINK
111669150418,115964117714,PARAMETER_LINK
111669150419,115964117715,PARAMETER_LINK
111669150420,115964117716,PARAMETER_LINK
111669150421,115964117717,PARAMETER_LINK
111669150422,115964117718,PARAMETER_LINK
111669150423,115964117719,PARAMETER_LINK
111669150424,115964117720,PARAMETER_LINK
111669150425,115964117721,PARAMETER_LINK
111669150426,115964117722,PARAMETER_LINK
111669150427,115964117723,PARAMETER_LINK
111669150428,115964117724,PARAMETER_LINK
111669150429,115964117725,PARAMETER_LINK
111669150430,115964117726,PARAMETER_LINK
111669150431,115964117727,PARAMETER_LINK
111669150432,115964117728,PARAMETER_LINK
111669150433,115964117729,PARAMETER_LINK
111669150434,115964117730,PARAMETER_LINK
111669150435,115964117731,PARAMETER_LINK
111669150436,115964117732,PARAMETER_LINK
111669150437,115964117733,PARAMETER_LINK
111669150438,115964117734,PARAMETER_LINK
111669150439,115964117735,PARAMETER_LINK
111669150440,115964117736,PARAMETER_LINK
111669150441,115964117737,PARAMETER_LINK
111669150442,115964117738,PARAMETER_LINK
111669150443,115964117739,PARAMETER_LINK
111669150444,115964117740,PARAMETER_LINK
111669150445,115964117741,PARAMETER_LINK
111669150446,115964117742,PARAMETER_LINK
111669150447,115964117743,PARAMETER_LINK
111669150448,115964117744,PARAMETER_LINK
111669150449,115964117745,PARAMETER_LINK
111669150450,115964117746,PARAMETER_LINK
111669150451,115964117747,PARAMETER_LINK
111669150452,115964117748,PARAMETER_LINK
111669150453,115964117749,PARAMETER_LINK
111669150454,115964117750,PARAMETER_LINK
111669150455,115964117751,PARAMETER_LINK
111669150456,115964117752,PARAMETER_LINK
111669150457,115964117753,PARAMETER_LINK
111669150458,115964117754,PARAMETER_LINK
111669150459,115964117755,PARAMETER_LINK
111669150460,115964117756,PARAMETER_LINK
111669150461,115964117757,PARAMETER_LINK
111669150462,115964117758,PARAMETER_LINK
111669150463,115964117759,PARAMETER_LINK
111669150464,115964117760,PARAMETER_LINK
111669150465,115964117761,PARAMETER_LINK
111669150466,115964117762,PARAMETER_LINK
111669150467,115964117763,PARAMETER_LINK
111669150468,115964117764,PARAMETER_LINK
111669150469,115964117765,PARAMETER_LINK
111669150470,115964117766,PARAMETER_LINK
111669150471,115964117767,PARAMETER_LINK
111669150472,115964117768,PARAMETER_LINK
111669150473,115964117769,PARAMETER_LINK
111669150474,115964117770,PARAMETER_LINK
111669150475,115964117771,PARAMETER_LINK
111669150476,115964117772,PARAMETER_LINK
111669150477,115964117773,PARAMETER_LINK
111669150478,115964117774,PARAMETER_LINK
111669150479,115964117775,PARAMETER_LINK
111669150480,115964117776,PARAMETER_LINK
111669150481,115964117777,PARAMETER_LINK
111669150482,115964117778,PARAMETER_LINK
111669150483,115964117779,PARAMETER_LINK
111669150484,115964117780,PARAMETER_LINK
111669150485,115964117781,PARAMETER_LINK
111669150486,115964117782,PARAMETER_LINK
111669150487,115964117783,PARAMETER_LINK
111669150488,115964117784,PARAMETER_LINK
111669150489,115964117785,PARAMETER_LINK
111669150490,115964117786,PARAMETER_LINK
111669150491,115964117787,PARAMETER_LINK
111669150492,115964117788,PARAMETER_LINK
111669150493,115964117789,PARAMETER_LINK
111669150494,115964117790,PARAMETER_LINK
111669150495,115964117791,PARAMETER_LINK
111669150496,115964117792,PARAMETER_LINK
111669150497,115964117793,PARAMETER_LINK
111669150498,115964117794,PARAMETER_LINK
111669150499,115964117795,PARAMETER_LINK
111669150500,115964117796,PARAMETER_LINK
111669150501,115964117797,PARAMETER_LINK
111669150502,115964117798,PARAMETER_LINK
111669150503,115964117799,PARAMETER_LINK
111669150504,115964117800,PARAMETER_LINK
111669150505,115964117801,PARAMETER_LINK
111669150506,115964117802,PARAMETER_LINK
111669150507,115964117803,PARAMETER_LINK
111669150508,115964117804,PARAMETER_LINK
111669150509,115964117805,PARAMETER_LINK
111669150510,115964117806,PARAMETER_LINK
111669150511,115964117807,PARAMETER_LINK
111669150512,115964117808,PARAMETER_LINK
111669150513,115964117809,PARAMETER_LINK
111669150514,115964117810,PARAMETER_LINK
111669150515,115964117811,PARAMETER_LINK
111669150516,115964117812,PARAMETER_LINK
111669150517,115964117813,PARAMETER_LINK
111669150518,115964117814,PARAMETER_LINK
111669150519,115964117815,PARAMETER_LINK
111669150520,115964117816,PARAMETER_LINK
111669150521,115964117817,PARAMETER_LINK
111669150522,115964117818,PARAMETER_LINK
111669150523,115964117819,PARAMETER_LINK
111669150524,115964117820,PARAMETER_LINK
111669150525,115964117821,PARAMETER_LINK
111669150526,115964117822,PARAMETER_LINK
111669150527,115964117823,PARAMETER_LINK
111669150528,115964117824,PARAMETER_LINK
111669150529,115964117825,PARAMETER_LINK
111669150530,115964117826,PARAMETER_LINK
111669150531,115964117827,PARAMETER_LINK
111669150532,115964117828,PARAMETER_LINK
111669150533,115964117829,PARAMETER_LINK
111669150534,115964117830,PARAMETER_LINK
111669150535,115964117831,PARAMETER_LINK
111669150536,115964117832,PARAMETER_LINK
111669150537,115964117833,PARAMETER_LINK
111669150538,115964117834,PARAMETER_LINK
111669150539,115964117835,PARAMETER_LINK
111669150540,115964117836,PARAMETER_LINK
111669150541,115964117837,PARAMETER_LINK
111669150542,115964117838,PARAMETER_LINK
111669150543,115964117839,PARAMETER_LINK
111669150544,115964117840,PARAMETER_LINK
111669150545,115964117841,PARAMETER_LINK
111669150546,115964117842,PARAMETER_LINK
111669150547,115964117843,PARAMETER_LINK
111669150548,115964117844,PARAMETER_LINK
111669150549,115964117845,PARAMETER_LINK
111669150550,115964117846,PARAMETER_LINK
111669150551,115964117847,PARAMETER_LINK
111669150552,115964117848,PARAMETER_LINK
111669150553,115964117849,PARAMETER_LINK
111669150554,115964117850,PARAMETER_LINK
111669150555,115964117851,PARAMETER_LINK
111669150556,115964117852,PARAMETER_LINK
111669150557,115964117853,PARAMETER_LINK
111669150558,115964117854,PARAMETER_LINK
111669150559,115964117855,PARAMETER_LINK
111669150560,115964117856,PARAMETER_LINK
111669150561,115964117857,PARAMETER_LINK
111669150562,115964117858,PARAMETER_LINK
111669150563,115964117859,PARAMETER_LINK
111669150564,115964117860,PARAMETER_LINK
111669150565,115964117861,PARAMETER_LINK
111669150566,115964117862,PARAMETER_LINK
111669150567,115964117863,PARAMETER_LINK
111669150568,115964117864,PARAMETER_LINK
111669150569,115964117865,PARAMETER_LINK
111669150570,115964117866,PARAMETER_LINK
111669150571,115964117867,PARAMETER_LINK
111669150572,115964117868,PARAMETER_LINK
111669150573,115964117869,PARAMETER_LINK
111669150574,115964117870,PARAMETER_LINK
111669150575,115964117871,PARAMETER_LINK
111669150576,115964117872,PARAMETER_LINK
111669150577,115964117873,PARAMETER_LINK
111669150578,115964117874,PARAMETER_LINK
111669150579,115964117875,PARAMETER_LINK
111669150580,115964117876,PARAMETER_LINK
111669150581,115964117877,PARAMETER_LINK
111669150582,115964117878,PARAMETER_LINK
111669150583,115964117879,PARAMETER_LINK
111669150584,115964117880,PARAMETER_LINK
111669150585,115964117881,PARAMETER_LINK
111669150586,115964117882,PARAMETER_LINK
111669150587,115964117883,PARAMETER_LINK
111669150588,115964117884,PARAMETER_LINK
111669150589,115964117885,PARAMETER_LINK
111669150590,115964117886,PARAMETER_LINK
111669150591,115964117887,PARAMETER_LINK
111669150592,115964117888,PARAMETER_LINK
111669150593,115964117889,PARAMETER_LINK
111669150594,115964117890,PARAMETER_LINK
111669150595,115964117891,PARAMETER_LINK
111669150596,115964117892,PARAMETER_LINK
111669150597,115964117893,PARAMETER_LINK
111669150598,115964117894,PARAMETER_LINK
111669150599,115964117895,PARAMETER_LINK
111669150600,115964117896,PARAMETER_LINK
111669150601,115964117897,PARAMETER_LINK
111669150602,115964117898,PARAMETER_LINK
111669150603,115964117899,PARAMETER_LINK
111669150604,115964117900,PARAMETER_LINK
111669150605,115964117901,PARAMETER_LINK
111669150606,115964117902,PARAMETER_LINK
111669150607,115964117903,PARAMETER_LINK
111669150608,115964117904,PARAMETER_LINK
111669150609,115964117905,PARAMETER_LINK
111669150610,115964117906,PARAMETER_LINK
111669150611,115964117907,PARAMETER_LINK
111669150612,115964117908,PARAMETER_LINK
111669150613,115964117909,PARAMETER_LINK
111669150614,115964117910,PARAMETER_LINK
111669150615,115964117911,PARAMETER_LINK
111669150616,115964117912,PARAMETER_LINK
111669150617,115964117913,PARAMETER_LINK
111669150618,115964117914,PARAMETER_LINK
111669150619,115964117915,PARAMETER_LINK
111669150620,115964117916,PARAMETER_LINK
111669150621,115964117917,PARAMETER_LINK
111669150622,115964117918,PARAMETER_LINK
111669150623,115964117919,PARAMETER_LINK
111669150624,115964117920,PARAMETER_LINK
111669150625,115964117921,PARAMETER_LINK
111669150626,115964117922,PARAMETER_LINK
111669150627,115964117923,PARAMETER_LINK
111669150628,115964117924,PARAMETER_LINK
111669150629,115964117925,PARAMETER_LINK
111669150630,115964117926,PARAMETER_LINK
111669150631,115964117927,PARAMETER_LINK
111669150632,115964117928,PARAMETER_LINK
111669150633,115964117929,PARAMETER_LINK
111669150634,115964117930,PARAMETER_LINK
111669150635,115964117931,PARAMETER_LINK
111669150636,115964117932,PARAMETER_LINK
111669150637,115964117933,PARAMETER_LINK
111669150638,115964117934,PARAMETER_LINK
111669150639,115964117935,PARAMETER_LINK
111669150640,115964117936,PARAMETER_LINK
111669150641,115964117937,PARAMETER_LINK
111669150642,115964117938,PARAMETER_LINK
111669150643,115964117939,PARAMETER_LINK
111669150644,115964117940,PARAMETER_LINK
111669150645,115964117941,PARAMETER_LINK
111669150646,115964117942,PARAMETER_LINK
111669150647,115964117943,PARAMETER_LINK
111669150648,115964117944,PARAMETER_LINK
111669150649,115964117945,PARAMETER_LINK
111669150650,115964117946,PARAMETER_LINK
111669150651,115964117947,PARAMETER_LINK
111669150652,115964117948,PARAMETER_LINK
111669150653,115964117949,PARAMETER_LINK
111669150654,115964117950,PARAMETER_LINK
111669150655,115964117951,PARAMETER_LINK
111669150656,115964117952,PARAMETER_LINK
111669150657,115964117953,PARAMETER_LINK
111669150658,115964117954,PARAMETER_LINK
111669150659,115964117955,PARAMETER_LINK
111669150660,115964117956,PARAMETER_LINK
111669150661,115964117957,PARAMETER_LINK
111669150662,115964117958,PARAMETER_LINK
111669150663,115964117959,PARAMETER_LINK
111669150664,115964117960,PARAMETER_LINK
111669150665,115964117961,PARAMETER_LINK
111669150666,115964117962,PARAMETER_LINK
111669150667,115964117963,PARAMETER_LINK
111669150668,115964117964,PARAMETER_LINK
111669150669,115964117965,PARAMETER_LINK
111669150670,115964117966,PARAMETER_LINK
111669150671,115964117967,PARAMETER_LINK
111669150672,115964117968,PARAMETER_LINK
111669150673,115964117969,PARAMETER_LINK
111669150674,115964117970,PARAMETER_LINK
111669150675,115964117971,PARAMETER_LINK
111669150676,115964117972,PARAMETER_LINK
111669150677,115964117973,PARAMETER_LINK
111669150678,115964117974,PARAMETER_LINK
111669150679,115964117975,PARAMETER_LINK
111669150680,115964117976,PARAMETER_LINK
111669150681,115964117977,PARAMETER_LINK
111669150682,115964117978,PARAMETER_LINK
111669150683,115964117979,PARAMETER_LINK
111669150684,115964117980,PARAMETER_LINK
111669150685,115964117981,PARAMETER_LINK
111669150686,115964117982,PARAMETER_LINK
111669150687,115964117983,PARAMETER_LINK
111669150688,115964117984,PARAMETER_LINK
111669150689,115964117985,PARAMETER_LINK
111669150690,115964117986,PARAMETER_LINK
111669150691,115964117987,PARAMETER_LINK
111669150692,115964117988,PARAMETER_LINK
111669150693,115964117989,PARAMETER_LINK
111669150694,115964117990,PARAMETER_LINK
111669150695,115964117991,PARAMETER_LINK
111669150696,115964117992,PARAMETER_LINK
111669150697,115964117993,PARAMETER_LINK
111669150698,115964117994,PARAMETER_LINK
111669150699,115964117995,PARAMETER_LINK
111669150700,115964117996,PARAMETER_LINK
111669150701,115964117997,PARAMETER_LINK
111669150702,115964117998,PARAMETER_LINK
111669150703,115964117999,PARAMETER_LINK
111669150704,115964118000,PARAMETER_LINK
111669150705,115964118001,PARAMETER_LINK
111669150706,115964118002,PARAMETER_LINK
111669150707,115964118003,PARAMETER_LINK
111669150708,115964118004,PARAMETER_LINK
111669150709,115964118005,PARAMETER_LINK
111669150710,115964118006,PARAMETER_LINK
111669150711,115964118007,PARAMETER_LINK
111669150712,115964118008,PARAMETER_LINK
111669150713,115964118009,PARAMETER_LINK
111669150714,115964118010,PARAMETER_LINK
111669150715,115964118011,PARAMETER_LINK
111669150716,115964118012,PARAMETER_LINK
111669150717,115964118013,PARAMETER_LINK
111669150718,115964118014,PARAMETER_LINK
111669150719,115964118015,PARAMETER_LINK
111669150720,115964118016,PARAMETER_LINK
111669150721,115964118017,PARAMETER_LINK
111669150722,115964118018,PARAMETER_LINK
111669150723,115964118019,PARAMETER_LINK
111669150724,115964118020,PARAMETER_LINK
111669150725,115964118021,PARAMETER_LINK
111669150726,115964118022,PARAMETER_LINK
111669150727,115964118023,PARAMETER_LINK
111669150728,115964118024,PARAMETER_LINK
111669150729,115964118025,PARAMETER_LINK
111669150730,115964118026,PARAMETER_LINK
111669150731,115964118027,PARAMETER_LINK
111669150732,115964118028,PARAMETER_LINK
111669150733,115964118029,PARAMETER_LINK
111669150734,115964118030,PARAMETER_LINK
111669150735,115964118031,PARAMETER_LINK
111669150736,115964118032,PARAMETER_LINK
111669150737,115964118033,PARAMETER_LINK
111669150738,115964118034,PARAMETER_LINK
111669150739,115964118035,PARAMETER_LINK
111669150740,115964118036,PARAMETER_LINK
111669150741,115964118037,PARAMETER_LINK
111669150742,115964118038,PARAMETER_LINK
111669150743,115964118039,PARAMETER_LINK
111669150744,115964118040,PARAMETER_LINK
111669150745,115964118041,PARAMETER_LINK
111669150746,115964118042,PARAMETER_LINK
111669150747,115964118043,PARAMETER_LINK
111669150748,115964118044,PARAMETER_LINK
111669150749,115964118045,PARAMETER_LINK
111669150750,115964118046,PARAMETER_LINK
111669150751,115964118047,PARAMETER_LINK
111669150752,115964118048,PARAMETER_LINK
111669150753,115964118049,PARAMETER_LINK
111669150754,115964118050,PARAMETER_LINK
111669150755,115964118051,PARAMETER_LINK
111669150756,115964118052,PARAMETER_LINK
111669150757,115964118053,PARAMETER_LINK
111669150758,115964118054,PARAMETER_LINK
111669150759,115964118055,PARAMETER_LINK
111669150760,115964118056,PARAMETER_LINK
111669150761,115964118057,PARAMETER_LINK
111669150762,115964118058,PARAMETER_LINK
111669150763,115964118059,PARAMETER_LINK
111669150764,115964118060,PARAMETER_LINK
111669150765,115964118061,PARAMETER_LINK
111669150766,115964118062,PARAMETER_LINK
111669150767,115964118063,PARAMETER_LINK
111669150768,115964118064,PARAMETER_LINK
111669150769,115964118065,PARAMETER_LINK
111669150770,115964118066,PARAMETER_LINK
111669150771,115964118067,PARAMETER_LINK
111669150772,115964118068,PARAMETER_LINK
111669150773,115964118069,PARAMETER_LINK
111669150774,115964118070,PARAMETER_LINK
111669150775,115964118071,PARAMETER_LINK
111669150776,115964118072,PARAMETER_LINK
111669150777,115964118073,PARAMETER_LINK
111669150778,115964118074,PARAMETER_LINK
111669150779,115964118075,PARAMETER_LINK
111669150780,115964118076,PARAMETER_LINK
111669150781,115964118077,PARAMETER_LINK
111669150782,115964118078,PARAMETER_LINK
111669150783,115964118079,PARAMETER_LINK
111669150784,115964118080,PARAMETER_LINK
111669150785,115964118081,PARAMETER_LINK
111669150786,115964118082,PARAMETER_LINK
111669150787,115964118083,PARAMETER_LINK
111669150788,115964118084,PARAMETER_LINK
111669150789,115964118085,PARAMETER_LINK
111669150790,115964118086,PARAMETER_LINK
111669150791,115964118087,PARAMETER_LINK
111669150792,115964118088,PARAMETER_LINK
111669150793,115964118089,PARAMETER_LINK
111669150794,115964118090,PARAMETER_LINK
111669150795,115964118091,PARAMETER_LINK
111669150796,115964118092,PARAMETER_LINK
111669150797,115964118093,PARAMETER_LINK
111669150798,115964118094,PARAMETER_LINK
111669150799,115964118095,PARAMETER_LINK
111669150800,115964118096,PARAMETER_LINK
111669150801,115964118097,PARAMETER_LINK
111669150802,115964118098,PARAMETER_LINK
111669150803,115964118099,PARAMETER_LINK
111669150804,115964118100,PARAMETER_LINK
111669150805,115964118101,PARAMETER_LINK
111669150806,115964118102,PARAMETER_LINK
111669150807,115964118103,PARAMETER_LINK
111669150808,115964118104,PARAMETER_LINK
111669150809,115964118105,PARAMETER_LINK
111669150810,115964118106,PARAMETER_LINK
111669150811,115964118107,PARAMETER_LINK
111669150812,115964118108,PARAMETER_LINK
111669150813,115964118109,PARAMETER_LINK
111669150814,115964118110,PARAMETER_LINK
111669150815,115964118111,PARAMETER_LINK
111669150816,115964118112,PARAMETER_LINK
111669150817,115964118113,PARAMETER_LINK
111669150818,115964118114,PARAMETER_LINK
111669150819,115964118115,PARAMETER_LINK
111669150820,115964118116,PARAMETER_LINK
111669150821,115964118117,PARAMETER_LINK
111669150822,115964118118,PARAMETER_LINK
111669150823,115964118119,PARAMETER_LINK
111669150824,115964118120,PARAMETER_LINK
111669150825,115964118121,PARAMETER_LINK
111669150826,115964118122,PARAMETER_LINK
111669150827,115964118123,PARAMETER_LINK
111669150828,115964118124,PARAMETER_LINK
111669150829,115964118125,PARAMETER_LINK
111669150830,115964118126,PARAMETER_LINK
111669150831,115964118127,PARAMETER_LINK
111669150832,115964118128,PARAMETER_LINK
111669150833,115964118129,PARAMETER_LINK
111669150834,115964118130,PARAMETER_LINK
111669150835,115964118131,PARAMETER_LINK
111669150836,115964118132,PARAMETER_LINK
111669150837,115964118133,PARAMETER_LINK
111669150838,115964118134,PARAMETER_LINK
111669150839,115964118135,PARAMETER_LINK
111669150840,115964118136,PARAMETER_LINK
111669150841,115964118137,PARAMETER_LINK
111669150842,115964118138,PARAMETER_LINK
111669150843,115964118139,PARAMETER_LINK
111669150844,115964118140,PARAMETER_LINK
111669150845,115964118141,PARAMETER_LINK
111669150846,115964118142,PARAMETER_LINK
111669150847,115964118143,PARAMETER_LINK
111669150848,115964118144,PARAMETER_LINK
111669150849,115964118145,PARAMETER_LINK
111669150850,115964118146,PARAMETER_LINK
111669150851,115964118147,PARAMETER_LINK
111669150852,115964118148,PARAMETER_LINK
111669150853,115964118149,PARAMETER_LINK
111669150854,115964118150,PARAMETER_LINK
111669150855,115964118151,PARAMETER_LINK
111669150856,115964118152,PARAMETER_LINK
111669150857,115964118153,PARAMETER_LINK
111669150858,115964118154,PARAMETER_LINK
111669150859,115964118155,PARAMETER_LINK
111669150860,115964118156,PARAMETER_LINK
111669150861,115964118157,PARAMETER_LINK
111669150862,115964118158,PARAMETER_LINK
111669150863,115964118159,PARAMETER_LINK
111669150864,115964118160,PARAMETER_LINK
111669150865,115964118161,PARAMETER_LINK
111669150866,115964118162,PARAMETER_LINK
111669150867,115964118163,PARAMETER_LINK
111669150868,115964118164,PARAMETER_LINK
111669150869,115964118165,PARAMETER_LINK
111669150870,115964118166,PARAMETER_LINK
111669150871,115964118167,PARAMETER_LINK
111669150872,115964118168,PARAMETER_LINK
111669150873,115964118169,PARAMETER_LINK
111669150874,115964118170,PARAMETER_LINK
111669150875,115964118171,PARAMETER_LINK
111669150876,115964118172,PARAMETER_LINK
111669150877,115964118173,PARAMETER_LINK
111669150878,115964118174,PARAMETER_LINK
111669150879,115964118175,PARAMETER_LINK
111669150880,115964118176,PARAMETER_LINK
111669150881,115964118177,PARAMETER_LINK
111669150882,115964118178,PARAMETER_LINK
111669150883,115964118179,PARAMETER_LINK
111669150884,115964118180,PARAMETER_LINK
111669150885,115964118181,PARAMETER_LINK
111669150886,115964118182,PARAMETER_LINK
111669150887,115964118183,PARAMETER_LINK
111669150888,115964118184,PARAMETER_LINK
111669150889,115964118185,PARAMETER_LINK
111669150890,115964118186,PARAMETER_LINK
111669150891,115964118187,PARAMETER_LINK
111669150892,115964118188,PARAMETER_LINK
111669150893,115964118189,PARAMETER_LINK
111669150894,115964118190,PARAMETER_LINK
111669150895,115964118191,PARAMETER_LINK
111669150896,115964118192,PARAMETER_LINK
111669150897,115964118193,PARAMETER_LINK
111669150898,115964118194,PARAMETER_LINK
111669150899,115964118195,PARAMETER_LINK
111669150900,115964118196,PARAMETER_LINK
111669150901,115964118197,PARAMETER_LINK
111669150902,115964118198,PARAMETER_LINK
111669150903,115964118199,PARAMETER_LINK
111669150904,115964118200,PARAMETER_LINK
111669150905,115964118201,PARAMETER_LINK
111669150906,115964118202,PARAMETER_LINK
111669150907,115964118203,PARAMETER_LINK
111669150908,115964118204,PARAMETER_LINK
111669150909,115964118205,PARAMETER_LINK
111669150910,115964118206,PARAMETER_LINK
111669150911,115964118207,PARAMETER_LINK
111669150912,115964118208,PARAMETER_LINK
111669150913,115964118209,PARAMETER_LINK
111669150914,115964118210,PARAMETER_LINK
111669150915,115964118211,PARAMETER_LINK
111669150916,115964118212,PARAMETER_LINK
111669150917,115964118213,PARAMETER_LINK
111669150918,115964118214,PARAMETER_LINK
111669150919,115964118215,PARAMETER_LINK
111669150920,115964118216,PARAMETER_LINK
