167503724545,158913789955,INHERITS_FROM
167503724546,158913789955,INHERITS_FROM
167503724547,158913789955,INHERITS_FROM
167503724548,158913789955,INHERITS_FROM
167503724549,158913789955,INHERITS_FROM
167503724550,158913789955,INHERITS_FROM
167503724551,158913789955,INHERITS_FROM
167503724552,158913789955,INHERITS_FROM
167503724553,158913789955,INHERITS_FROM
167503724554,158913789955,INHERITS_FROM
167503724555,158913789955,INHERITS_FROM
167503724556,158913789955,INHERITS_FROM
167503724557,158913789955,INHERITS_FROM
167503724558,158913789955,INHERITS_FROM
167503724559,158913789955,INHERITS_FROM
167503724560,158913789955,INHERITS_FROM
167503724561,158913789955,INHERITS_FROM
167503724562,158913789955,INHERITS_FROM
167503724563,158913789955,INHERITS_FROM
167503724564,158913789955,INHERITS_FROM
167503724565,158913789955,INHERITS_FROM
167503724566,158913789955,INHERITS_FROM
167503724567,158913789955,INHERITS_FROM
167503724568,158913789955,INHERITS_FROM
167503724569,158913789955,INHERITS_FROM
167503724570,158913789955,INHERITS_FROM
167503724571,158913789955,INHERITS_FROM
167503724572,158913789955,INHERITS_FROM
167503724573,158913789955,INHERITS_FROM
167503724574,158913789955,INHERITS_FROM
167503724575,158913789955,INHERITS_FROM
167503724576,158913789955,INHERITS_FROM
167503724577,158913789955,INHERITS_FROM
167503724580,158913789955,INHERITS_FROM
167503724581,158913789955,INHERITS_FROM
167503724584,158913789955,INHERITS_FROM
167503724585,158913789955,INHERITS_FROM
167503724586,158913789955,INHERITS_FROM
167503724587,158913789955,INHERITS_FROM
167503724588,158913789955,INHERITS_FROM
167503724589,158913789955,INHERITS_FROM
167503724590,158913789955,INHERITS_FROM
167503724591,158913789955,INHERITS_FROM
167503724592,158913789955,INHERITS_FROM
167503724593,158913789955,INHERITS_FROM
167503724594,158913789955,INHERITS_FROM
167503724595,158913789955,INHERITS_FROM
167503724596,158913789955,INHERITS_FROM
167503724597,158913789955,INHERITS_FROM
167503724598,158913789955,INHERITS_FROM
167503724599,158913789955,INHERITS_FROM
167503724600,158913789955,INHERITS_FROM
167503724601,158913789955,INHERITS_FROM
167503724602,158913789955,INHERITS_FROM
167503724604,158913789955,INHERITS_FROM
167503724605,158913789955,INHERITS_FROM
167503724606,158913789955,INHERITS_FROM
167503724607,158913789955,INHERITS_FROM
167503724608,158913789955,INHERITS_FROM
167503724609,158913789955,INHERITS_FROM
167503724610,158913789955,INHERITS_FROM
167503724611,158913789955,INHERITS_FROM
167503724612,158913789955,INHERITS_FROM
167503724613,158913789955,INHERITS_FROM
167503724614,158913789955,INHERITS_FROM
167503724615,158913789955,INHERITS_FROM
167503724616,158913789955,INHERITS_FROM
167503724617,158913789955,INHERITS_FROM
167503724618,158913789955,INHERITS_FROM
167503724619,158913789955,INHERITS_FROM
167503724620,158913789955,INHERITS_FROM
167503724621,158913789955,INHERITS_FROM
167503724622,158913789955,INHERITS_FROM
167503724623,158913789955,INHERITS_FROM
167503724624,158913789955,INHERITS_FROM
167503724625,158913789955,INHERITS_FROM
167503724626,158913789955,INHERITS_FROM
167503724627,158913789955,INHERITS_FROM
167503724628,158913789955,INHERITS_FROM
167503724629,158913789955,INHERITS_FROM
167503724630,158913789955,INHERITS_FROM
167503724631,158913789955,INHERITS_FROM
167503724632,158913789955,INHERITS_FROM
167503724633,158913789955,INHERITS_FROM
167503724634,158913789955,INHERITS_FROM
167503724635,158913789955,INHERITS_FROM
167503724636,158913789955,INHERITS_FROM
167503724637,158913789955,INHERITS_FROM
167503724638,158913789955,INHERITS_FROM
167503724639,158913789955,INHERITS_FROM
167503724640,158913789955,INHERITS_FROM
167503724641,158913789955,INHERITS_FROM
167503724642,158913789955,INHERITS_FROM
167503724643,158913789955,INHERITS_FROM
167503724644,158913789955,INHERITS_FROM
167503724645,158913789955,INHERITS_FROM
167503724646,158913789955,INHERITS_FROM
167503724647,158913789955,INHERITS_FROM
167503724648,158913789955,INHERITS_FROM
167503724649,158913789955,INHERITS_FROM
167503724650,158913789955,INHERITS_FROM
167503724651,158913789955,INHERITS_FROM
167503724652,158913789955,INHERITS_FROM
167503724655,158913789955,INHERITS_FROM
167503724656,158913789955,INHERITS_FROM
167503724657,158913789955,INHERITS_FROM
167503724658,158913789955,INHERITS_FROM
167503724659,158913789955,INHERITS_FROM
167503724660,158913789955,INHERITS_FROM
167503724661,158913789955,INHERITS_FROM
167503724662,158913789955,INHERITS_FROM
167503724663,158913789955,INHERITS_FROM
167503724664,158913789955,INHERITS_FROM
167503724665,158913789955,INHERITS_FROM
167503724668,158913789955,INHERITS_FROM
167503724669,158913789955,INHERITS_FROM
167503724670,158913789955,INHERITS_FROM
167503724671,158913789955,INHERITS_FROM
167503724672,158913789955,INHERITS_FROM
167503724673,158913789955,INHERITS_FROM
167503724674,158913789955,INHERITS_FROM
167503724675,158913789955,INHERITS_FROM
167503724676,158913789955,INHERITS_FROM
167503724677,158913789955,INHERITS_FROM
167503724678,158913789955,INHERITS_FROM
167503724679,158913789955,INHERITS_FROM
167503724680,158913789955,INHERITS_FROM
167503724681,158913789955,INHERITS_FROM
167503724682,158913789955,INHERITS_FROM
167503724683,158913789955,INHERITS_FROM
167503724684,158913789955,INHERITS_FROM
167503724685,158913789955,INHERITS_FROM
167503724686,158913789955,INHERITS_FROM
167503724687,158913789955,INHERITS_FROM
167503724688,158913789955,INHERITS_FROM
167503724689,158913789955,INHERITS_FROM
167503724690,158913789955,INHERITS_FROM
167503724691,158913789955,INHERITS_FROM
167503724692,158913789955,INHERITS_FROM
167503724693,158913789955,INHERITS_FROM
167503724694,158913789955,INHERITS_FROM
167503724695,158913789955,INHERITS_FROM
167503724696,158913789955,INHERITS_FROM
167503724697,158913789955,INHERITS_FROM
167503724699,158913789955,INHERITS_FROM
167503724700,158913789955,INHERITS_FROM
167503724701,158913789955,INHERITS_FROM
167503724702,158913789955,INHERITS_FROM
167503724703,158913789955,INHERITS_FROM
167503724706,158913789955,INHERITS_FROM
167503724707,158913789955,INHERITS_FROM
167503724710,158913789955,INHERITS_FROM
167503724711,158913789955,INHERITS_FROM
167503724712,158913789955,INHERITS_FROM
167503724713,158913789955,INHERITS_FROM
167503724714,158913789955,INHERITS_FROM
167503724715,158913789955,INHERITS_FROM
167503724717,158913789955,INHERITS_FROM
167503724718,158913789955,INHERITS_FROM
167503724719,158913789955,INHERITS_FROM
167503724720,158913789955,INHERITS_FROM
167503724721,158913789955,INHERITS_FROM
167503724722,158913789955,INHERITS_FROM
167503724723,158913789955,INHERITS_FROM
167503724724,158913789955,INHERITS_FROM
167503724725,158913789955,INHERITS_FROM
167503724727,158913789955,INHERITS_FROM
167503724728,158913789955,INHERITS_FROM
167503724731,158913789955,INHERITS_FROM
167503724732,158913789955,INHERITS_FROM
167503724733,158913789955,INHERITS_FROM
167503724734,158913789955,INHERITS_FROM
167503724735,158913789955,INHERITS_FROM
167503724737,158913789955,INHERITS_FROM
167503724738,158913789955,INHERITS_FROM
167503724739,158913789955,INHERITS_FROM
167503724740,158913789955,INHERITS_FROM
167503724741,158913789955,INHERITS_FROM
167503724742,158913789955,INHERITS_FROM
167503724743,158913789955,INHERITS_FROM
167503724744,158913789955,INHERITS_FROM
167503724745,158913789955,INHERITS_FROM
167503724746,158913789955,INHERITS_FROM
167503724747,158913789955,INHERITS_FROM
167503724749,158913789955,INHERITS_FROM
167503724750,158913789955,INHERITS_FROM
167503724751,158913789955,INHERITS_FROM
167503724752,158913789955,INHERITS_FROM
167503724753,158913789955,INHERITS_FROM
167503724754,158913789955,INHERITS_FROM
167503724755,158913789955,INHERITS_FROM
167503724756,158913789955,INHERITS_FROM
167503724758,158913789955,INHERITS_FROM
167503724759,158913789955,INHERITS_FROM
167503724760,158913789955,INHERITS_FROM
167503724761,158913789955,INHERITS_FROM
167503724762,158913789955,INHERITS_FROM
167503724763,158913789955,INHERITS_FROM
167503724764,158913789955,INHERITS_FROM
167503724765,158913789955,INHERITS_FROM
167503724766,158913789955,INHERITS_FROM
167503724767,158913789955,INHERITS_FROM
167503724768,158913789955,INHERITS_FROM
167503724769,158913789955,INHERITS_FROM
167503724770,158913789955,INHERITS_FROM
167503724771,158913789955,INHERITS_FROM
167503724772,158913789955,INHERITS_FROM
167503724773,158913789955,INHERITS_FROM
167503724774,158913789955,INHERITS_FROM
167503724775,158913789955,INHERITS_FROM
167503724776,158913789955,INHERITS_FROM
167503724777,158913789955,INHERITS_FROM
167503724778,158913789955,INHERITS_FROM
167503724779,158913789955,INHERITS_FROM
167503724781,158913789955,INHERITS_FROM
167503724783,158913789955,INHERITS_FROM
167503724784,158913789955,INHERITS_FROM
167503724785,158913789955,INHERITS_FROM
167503724786,158913789955,INHERITS_FROM
167503724787,158913789955,INHERITS_FROM
167503724788,158913789955,INHERITS_FROM
167503724789,158913789955,INHERITS_FROM
167503724790,158913789955,INHERITS_FROM
167503724791,158913789955,INHERITS_FROM
167503724792,158913789955,INHERITS_FROM
167503724793,158913789955,INHERITS_FROM
167503724794,158913789955,INHERITS_FROM
167503724795,158913789955,INHERITS_FROM
167503724796,158913789955,INHERITS_FROM
167503724797,158913789955,INHERITS_FROM
167503724798,158913789955,INHERITS_FROM
167503724799,158913789955,INHERITS_FROM
167503724800,158913789955,INHERITS_FROM
167503724801,158913789955,INHERITS_FROM
167503724802,158913789955,INHERITS_FROM
167503724803,158913789955,INHERITS_FROM
167503724804,158913789955,INHERITS_FROM
167503724805,158913789955,INHERITS_FROM
167503724806,158913789955,INHERITS_FROM
167503724808,158913789955,INHERITS_FROM
167503724809,158913789955,INHERITS_FROM
167503724810,158913789955,INHERITS_FROM
167503724811,158913789955,INHERITS_FROM
167503724812,158913789955,INHERITS_FROM
167503724813,158913789955,INHERITS_FROM
167503724814,158913789955,INHERITS_FROM
167503724816,158913789955,INHERITS_FROM
167503724817,158913789955,INHERITS_FROM
167503724818,158913789955,INHERITS_FROM
167503724819,158913789955,INHERITS_FROM
167503724820,158913789955,INHERITS_FROM
167503724822,158913789955,INHERITS_FROM
167503724823,158913789955,INHERITS_FROM
167503724824,158913789955,INHERITS_FROM
167503724825,158913789955,INHERITS_FROM
167503724826,158913789955,INHERITS_FROM
167503724827,158913789955,INHERITS_FROM
167503724828,158913789955,INHERITS_FROM
167503724829,158913789955,INHERITS_FROM
167503724830,158913789955,INHERITS_FROM
167503724831,158913789955,INHERITS_FROM
167503724832,158913789955,INHERITS_FROM
167503724834,158913789955,INHERITS_FROM
167503724835,158913789955,INHERITS_FROM
167503724836,158913789955,INHERITS_FROM
167503724837,158913789955,INHERITS_FROM
167503724838,158913789955,INHERITS_FROM
167503724839,158913789955,INHERITS_FROM
167503724840,158913789955,INHERITS_FROM
167503724841,158913789955,INHERITS_FROM
167503724842,158913789955,INHERITS_FROM
167503724843,158913789955,INHERITS_FROM
167503724844,158913789955,INHERITS_FROM
167503724846,158913789955,INHERITS_FROM
167503724847,158913789955,INHERITS_FROM
167503724848,158913789955,INHERITS_FROM
167503724849,158913789955,INHERITS_FROM
167503724850,158913789955,INHERITS_FROM
167503724852,158913789955,INHERITS_FROM
167503724853,158913789955,INHERITS_FROM
167503724854,158913789955,INHERITS_FROM
167503724855,158913789955,INHERITS_FROM
167503724857,158913789955,INHERITS_FROM
167503724858,158913789955,INHERITS_FROM
167503724859,158913789955,INHERITS_FROM
167503724860,158913789955,INHERITS_FROM
167503724862,158913789955,INHERITS_FROM
167503724863,158913789955,INHERITS_FROM
167503724864,158913789955,INHERITS_FROM
167503724865,158913789955,INHERITS_FROM
167503724866,158913789955,INHERITS_FROM
167503724868,158913789955,INHERITS_FROM
167503724869,158913789955,INHERITS_FROM
167503724870,158913789955,INHERITS_FROM
167503724871,158913789955,INHERITS_FROM
167503724873,158913789955,INHERITS_FROM
167503724874,158913789955,INHERITS_FROM
167503724875,158913789955,INHERITS_FROM
167503724876,158913789955,INHERITS_FROM
167503724877,158913789955,INHERITS_FROM
167503724879,158913789955,INHERITS_FROM
167503724884,158913789955,INHERITS_FROM
167503724885,158913789955,INHERITS_FROM
167503724886,158913789955,INHERITS_FROM
167503724887,158913789955,INHERITS_FROM
167503724888,158913789955,INHERITS_FROM
167503724889,158913789955,INHERITS_FROM
167503724890,158913789955,INHERITS_FROM
167503724891,158913789955,INHERITS_FROM
167503724892,158913789955,INHERITS_FROM
167503724893,158913789955,INHERITS_FROM
167503724894,158913789955,INHERITS_FROM
167503724895,158913789955,INHERITS_FROM
167503724896,158913789955,INHERITS_FROM
167503724897,158913789955,INHERITS_FROM
167503724898,158913789955,INHERITS_FROM
167503724899,158913789955,INHERITS_FROM
167503724900,158913789955,INHERITS_FROM
167503724901,158913789955,INHERITS_FROM
167503724902,158913789955,INHERITS_FROM
167503724903,158913789955,INHERITS_FROM
167503724904,158913789955,INHERITS_FROM
167503724905,158913789955,INHERITS_FROM
167503724907,158913789955,INHERITS_FROM
167503724908,158913789955,INHERITS_FROM
167503724909,158913789955,INHERITS_FROM
167503724910,158913789955,INHERITS_FROM
167503724911,158913789955,INHERITS_FROM
167503724912,158913789955,INHERITS_FROM
167503724913,158913789955,INHERITS_FROM
167503724914,158913789955,INHERITS_FROM
167503724915,158913789955,INHERITS_FROM
167503724916,158913789955,INHERITS_FROM
167503724918,158913789955,INHERITS_FROM
167503724919,158913789955,INHERITS_FROM
167503724920,158913789955,INHERITS_FROM
167503724921,158913789955,INHERITS_FROM
167503724922,158913789955,INHERITS_FROM
167503724923,158913789955,INHERITS_FROM
167503724924,158913789955,INHERITS_FROM
167503724925,158913789955,INHERITS_FROM
167503724927,158913789955,INHERITS_FROM
167503724928,158913789955,INHERITS_FROM
167503724929,158913789955,INHERITS_FROM
167503724930,158913789955,INHERITS_FROM
167503724931,158913789955,INHERITS_FROM
167503724932,158913789955,INHERITS_FROM
167503724934,158913789955,INHERITS_FROM
167503724935,158913789955,INHERITS_FROM
167503724936,158913789955,INHERITS_FROM
167503724937,158913789955,INHERITS_FROM
167503724938,158913789955,INHERITS_FROM
167503724941,158913789955,INHERITS_FROM
167503724942,158913789955,INHERITS_FROM
167503724943,158913789955,INHERITS_FROM
167503724944,158913789955,INHERITS_FROM
167503724945,158913789955,INHERITS_FROM
167503724947,158913789955,INHERITS_FROM
167503724954,158913789955,INHERITS_FROM
167503724955,158913789955,INHERITS_FROM
167503724956,158913789955,INHERITS_FROM
167503724957,158913789955,INHERITS_FROM
167503724958,158913789955,INHERITS_FROM
167503724959,158913789955,INHERITS_FROM
167503724960,158913789955,INHERITS_FROM
167503724961,158913789955,INHERITS_FROM
167503724962,158913789955,INHERITS_FROM
167503724963,158913789955,INHERITS_FROM
167503724964,158913789955,INHERITS_FROM
167503724965,158913789955,INHERITS_FROM
167503724966,158913789955,INHERITS_FROM
167503724967,158913789955,INHERITS_FROM
167503724969,158913789955,INHERITS_FROM
167503724970,158913789955,INHERITS_FROM
167503724971,158913789955,INHERITS_FROM
167503724972,158913789955,INHERITS_FROM
167503724973,158913789955,INHERITS_FROM
167503724974,158913789955,INHERITS_FROM
167503724975,158913789955,INHERITS_FROM
167503724976,158913789955,INHERITS_FROM
167503724977,158913789955,INHERITS_FROM
167503724978,158913789955,INHERITS_FROM
167503724980,158913789955,INHERITS_FROM
167503724981,158913789955,INHERITS_FROM
167503724982,158913789955,INHERITS_FROM
167503724983,158913789955,INHERITS_FROM
167503724984,158913789955,INHERITS_FROM
167503724985,158913789955,INHERITS_FROM
167503724986,158913789955,INHERITS_FROM
167503724987,158913789955,INHERITS_FROM
167503724988,158913789955,INHERITS_FROM
167503724989,158913789955,INHERITS_FROM
167503724990,158913789955,INHERITS_FROM
167503724991,158913789955,INHERITS_FROM
167503724994,158913789955,INHERITS_FROM
167503724995,158913789955,INHERITS_FROM
167503724996,158913789955,INHERITS_FROM
167503724997,158913789955,INHERITS_FROM
167503724998,158913789955,INHERITS_FROM
167503724999,158913789955,INHERITS_FROM
167503725000,158913789955,INHERITS_FROM
167503725001,158913789955,INHERITS_FROM
167503725002,158913789955,INHERITS_FROM
167503725004,158913789955,INHERITS_FROM
167503725005,158913789955,INHERITS_FROM
167503725006,158913789955,INHERITS_FROM
167503725007,158913789955,INHERITS_FROM
167503725008,158913789955,INHERITS_FROM
167503725009,158913789955,INHERITS_FROM
167503725012,158913789955,INHERITS_FROM
167503725013,158913789955,INHERITS_FROM
167503725014,158913789955,INHERITS_FROM
167503725015,158913789955,INHERITS_FROM
167503725016,158913789955,INHERITS_FROM
167503725017,158913789955,INHERITS_FROM
167503725018,158913789955,INHERITS_FROM
167503725019,158913789955,INHERITS_FROM
167503725020,158913789955,INHERITS_FROM
167503725022,158913789955,INHERITS_FROM
167503725023,158913789955,INHERITS_FROM
167503725024,158913789955,INHERITS_FROM
167503725025,158913789955,INHERITS_FROM
167503725026,158913789955,INHERITS_FROM
167503725027,158913789955,INHERITS_FROM
167503725028,158913789955,INHERITS_FROM
167503725029,158913789955,INHERITS_FROM
167503725032,158913789955,INHERITS_FROM
167503725033,158913789955,INHERITS_FROM
167503725034,158913789955,INHERITS_FROM
167503725035,158913789955,INHERITS_FROM
167503725036,158913789955,INHERITS_FROM
167503725038,158913789955,INHERITS_FROM
167503725039,158913789955,INHERITS_FROM
167503725040,158913789955,INHERITS_FROM
167503725041,158913789955,INHERITS_FROM
167503725042,158913789955,INHERITS_FROM
167503725043,158913789955,INHERITS_FROM
167503725044,158913789955,INHERITS_FROM
167503725046,158913789955,INHERITS_FROM
167503725049,158913789955,INHERITS_FROM
167503725050,158913789955,INHERITS_FROM
167503725051,158913789955,INHERITS_FROM
167503725052,158913789955,INHERITS_FROM
167503725053,158913789955,INHERITS_FROM
167503725055,158913789955,INHERITS_FROM
167503725056,158913789955,INHERITS_FROM
167503725057,158913789955,INHERITS_FROM
167503725058,158913789955,INHERITS_FROM
167503725059,158913789955,INHERITS_FROM
167503725060,158913789955,INHERITS_FROM
167503725061,158913789955,INHERITS_FROM
167503725062,158913789955,INHERITS_FROM
167503725063,158913789955,INHERITS_FROM
167503725065,158913789955,INHERITS_FROM
167503725066,158913789955,INHERITS_FROM
167503725067,158913789955,INHERITS_FROM
167503725068,158913789955,INHERITS_FROM
167503725070,158913789955,INHERITS_FROM
167503725071,158913789955,INHERITS_FROM
167503725072,158913789955,INHERITS_FROM
167503725073,158913789955,INHERITS_FROM
167503725074,158913789955,INHERITS_FROM
167503725075,158913789955,INHERITS_FROM
167503725077,158913789955,INHERITS_FROM
167503725080,158913789955,INHERITS_FROM
167503725081,158913789955,INHERITS_FROM
167503725082,158913789955,INHERITS_FROM
167503725083,158913789955,INHERITS_FROM
167503725084,158913789955,INHERITS_FROM
167503725086,158913789955,INHERITS_FROM
167503725087,158913789955,INHERITS_FROM
167503725088,158913789955,INHERITS_FROM
167503725089,158913789955,INHERITS_FROM
167503725090,158913789955,INHERITS_FROM
167503725091,158913789955,INHERITS_FROM
167503725092,158913789955,INHERITS_FROM
167503725093,158913789955,INHERITS_FROM
167503725095,158913789955,INHERITS_FROM
167503725096,158913789955,INHERITS_FROM
167503725097,158913789955,INHERITS_FROM
167503725098,158913789955,INHERITS_FROM
167503725100,158913789955,INHERITS_FROM
167503725101,158913789955,INHERITS_FROM
167503725102,158913789955,INHERITS_FROM
167503725103,158913789955,INHERITS_FROM
167503725104,158913789955,INHERITS_FROM
167503725106,158913789955,INHERITS_FROM
167503725109,158913789955,INHERITS_FROM
167503725110,158913789955,INHERITS_FROM
167503725111,158913789955,INHERITS_FROM
167503725112,158913789955,INHERITS_FROM
167503725113,158913789955,INHERITS_FROM
167503725115,158913789955,INHERITS_FROM
167503725116,158913789955,INHERITS_FROM
167503725117,158913789955,INHERITS_FROM
167503725118,158913789955,INHERITS_FROM
167503725119,158913789955,INHERITS_FROM
167503725120,158913789955,INHERITS_FROM
167503725121,158913789955,INHERITS_FROM
167503725122,158913789955,INHERITS_FROM
167503725124,158913789955,INHERITS_FROM
167503725125,158913789955,INHERITS_FROM
167503725126,158913789955,INHERITS_FROM
167503725127,158913789955,INHERITS_FROM
167503725128,158913789955,INHERITS_FROM
167503725129,158913789955,INHERITS_FROM
167503725130,158913789955,INHERITS_FROM
167503725131,158913789955,INHERITS_FROM
167503725132,158913789955,INHERITS_FROM
167503725133,158913789955,INHERITS_FROM
167503725134,158913789955,INHERITS_FROM
167503725137,158913789955,INHERITS_FROM
167503725138,158913789955,INHERITS_FROM
167503725139,158913789955,INHERITS_FROM
167503725140,158913789955,INHERITS_FROM
167503725141,158913789955,INHERITS_FROM
167503725142,158913789955,INHERITS_FROM
167503725144,158913789955,INHERITS_FROM
167503725146,158913789955,INHERITS_FROM
167503725148,158913789955,INHERITS_FROM
167503725149,158913789993,INHERITS_FROM
167503725149,158913790806,INHERITS_FROM
167503725149,158913789993,INHERITS_FROM
167503725150,158913789955,INHERITS_FROM
167503725152,158913789955,INHERITS_FROM
167503725153,158913789955,INHERITS_FROM
167503725155,158913789955,INHERITS_FROM
167503725157,158913789955,INHERITS_FROM
167503725159,158913789955,INHERITS_FROM
167503725161,158913789955,INHERITS_FROM
167503725163,158913789955,INHERITS_FROM
167503725165,158913789955,INHERITS_FROM
167503725167,158913789955,INHERITS_FROM
167503725169,158913789955,INHERITS_FROM
167503725171,158913789955,INHERITS_FROM
167503725172,158913789955,INHERITS_FROM
167503725174,158913789955,INHERITS_FROM
167503725176,158913789955,INHERITS_FROM
167503725178,158913789955,INHERITS_FROM
167503725180,158913789955,INHERITS_FROM
167503725182,158913789955,INHERITS_FROM
167503725184,158913789955,INHERITS_FROM
167503725186,158913789955,INHERITS_FROM
167503725188,158913789955,INHERITS_FROM
167503725190,158913789955,INHERITS_FROM
167503725191,158913789955,INHERITS_FROM
167503725192,158913789955,INHERITS_FROM
167503725194,158913789955,INHERITS_FROM
167503725196,158913789955,INHERITS_FROM
167503725198,158913789955,INHERITS_FROM
167503725200,158913789955,INHERITS_FROM
167503725202,158913789955,INHERITS_FROM
167503725204,158913789955,INHERITS_FROM
167503725206,158913789955,INHERITS_FROM
167503725208,158913789955,INHERITS_FROM
167503725210,158913789955,INHERITS_FROM
167503725211,158913789955,INHERITS_FROM
167503725213,158913789955,INHERITS_FROM
167503725215,158913789955,INHERITS_FROM
167503725216,158913789955,INHERITS_FROM
167503725218,158913789955,INHERITS_FROM
167503725220,158913789955,INHERITS_FROM
167503725222,158913789955,INHERITS_FROM
167503725224,158913789955,INHERITS_FROM
167503725226,158913789955,INHERITS_FROM
167503725228,158913789955,INHERITS_FROM
167503725229,158913789955,INHERITS_FROM
167503725231,158913789955,INHERITS_FROM
167503725233,158913789955,INHERITS_FROM
167503725235,158913789955,INHERITS_FROM
167503725236,158913790861,INHERITS_FROM
167503725237,158913789955,INHERITS_FROM
167503725238,158913789955,INHERITS_FROM
167503725240,158913789955,INHERITS_FROM
167503725242,158913789955,INHERITS_FROM
167503725244,158913789955,INHERITS_FROM
167503725246,158913789955,INHERITS_FROM
167503725248,158913789955,INHERITS_FROM
167503725250,158913789955,INHERITS_FROM
167503725252,158913789955,INHERITS_FROM
167503725254,158913789955,INHERITS_FROM
167503725256,158913789955,INHERITS_FROM
167503725258,158913789955,INHERITS_FROM
167503725260,158913789955,INHERITS_FROM
167503725263,158913789955,INHERITS_FROM
167503725266,158913789955,INHERITS_FROM
167503725269,158913789955,INHERITS_FROM
167503725272,158913789955,INHERITS_FROM
167503725275,158913789955,INHERITS_FROM
167503725278,158913789955,INHERITS_FROM
167503725279,158913789955,INHERITS_FROM
