176093659136,TYPE_REF,-1,,,class AIController,0,,8,,,1,,controllers/aiController.ts::program:AIController
176093659137,TYPE_REF,-1,,,class ProjectController,0,,10,,,1,,controllers/projectController.ts::program:ProjectController
176093659138,TYPE_REF,-1,,,class GeminiService,0,,6,,,1,,services/ai/geminiService.ts::program:GeminiService
176093659139,TYPE_REF,-1,,,class GoogleSheetsService,0,,4,,,1,,services/ai/googleSheetsService.ts::program:GoogleSheetsService
176093659140,TYPE_REF,-1,,,class ProjectInsightsService,0,,9,,,1,,services/ai/projectInsightsService.ts::program:ProjectInsightsService
176093659141,TYPE_REF,-1,,,class CommitMetricsCalculationService,0,,7,,,1,,services/commitMetrics/commitMetricsCalculationService.ts::program:CommitMetricsCalculationService
176093659142,TYPE_REF,-1,,,class CommitMetricsDbService,0,,9,,,1,,services/commitMetrics/commitMetricsDbService.ts::program:CommitMetricsDbService
176093659143,TYPE_REF,-1,,,class CommitMetricsSyncService,0,,10,,,1,,services/commitMetrics/commitMetricsSyncService.ts::program:CommitMetricsSyncService
176093659144,TYPE_REF,-1,,,class GitLabCommitService,0,,5,,,1,,services/gitlab/gitLabCommitService.ts::program:GitLabCommitService
176093659145,TYPE_REF,-1,,,class GitLabIssueService,0,,6,,,1,,services/gitlab/gitLabIssueService.ts::program:GitLabIssueService
176093659146,TYPE_REF,-1,,,class GitLabMRService,0,,5,,,1,,services/gitlab/gitLabMRService.ts::program:GitLabMRService
176093659147,TYPE_REF,-1,,,class GitLabMemberService,0,,4,,,1,,services/gitlab/gitLabMemberService.ts::program:GitLabMemberService
176093659148,TYPE_REF,-1,,,class GitLabAuthService,0,,4,,,1,,services/gitlab/gitlabAuthService.ts::program:GitLabAuthService
176093659149,TYPE_REF,-1,,,class GitLabClient,0,,4,,,1,,services/gitlab/gitlabClient.ts::program:GitLabClient
176093659150,TYPE_REF,-1,,,class GitLabGroupService,0,,5,,,1,,services/gitlab/gitlabGroupService.ts::program:GitLabGroupService
176093659151,TYPE_REF,-1,,,class GitLabMilestoneService,0,,4,,,1,,services/gitlab/gitlabMilestoneService.ts::program:GitLabMilestoneService
176093659152,TYPE_REF,-1,,,class GitLabProjectService,0,,5,,,1,,services/gitlab/gitlabProjectService.ts::program:GitLabProjectService
176093659153,TYPE_REF,-1,,,class IssueMetricsCalculationService,0,,10,,,1,,services/issueMetrics/issueMetricsCalculationService.ts::program:IssueMetricsCalculationService
176093659154,TYPE_REF,-1,,,class IssueMetricsDbService,0,,12,,,1,,services/issueMetrics/issueMetricsDbService.ts::program:IssueMetricsDbService
176093659155,TYPE_REF,-1,,,class IssueMetricsSyncService,0,,9,,,1,,services/issueMetrics/issueMetricsSyncService.ts::program:IssueMetricsSyncService
176093659156,TYPE_REF,-1,,,class MilestoneMetricsCalculationService,0,,6,,,1,,services/milestoneMetrics/milestoneMetricsCalculationService.ts::program:MilestoneMetricsCalculationService
176093659157,TYPE_REF,-1,,,class MilestoneMetricsDbService,0,,7,,,1,,services/milestoneMetrics/milestoneMetricsDbService.ts::program:MilestoneMetricsDbService
176093659158,TYPE_REF,-1,,,class MilestoneMetricsSyncService,0,,22,,,1,,services/milestoneMetrics/milestoneMetricsSyncService.ts::program:MilestoneMetricsSyncService
176093659159,TYPE_REF,-1,,,class MRMetricsCalculationService,0,,8,,,1,,services/mrMetrics/mrMetricsCalculationService.ts::program:MRMetricsCalculationService
176093659160,TYPE_REF,-1,,,class MRMetricsDbService,0,,13,,,1,,services/mrMetrics/mrMetricsDbService.ts::program:MRMetricsDbService
176093659161,TYPE_REF,-1,,,class MRMetricsSyncService,0,,10,,,1,,services/mrMetrics/mrMetricsSyncService.ts::program:MRMetricsSyncService
176093659162,TYPE_REF,-1,,,class ProjectEnrichmentService,0,,35,,,1,,services/project/projectEnrichmentService.ts::program:ProjectEnrichmentService
176093659163,TYPE_REF,-1,,,class rojectFetchService,1,,6,,,1,,services/project/projectFetchService.ts::program:rojectFetchService
176093659164,TYPE_REF,-1,,,class ProjectRefreshService,0,,27,,,1,,services/project/projectRefreshService.ts::program:ProjectRefreshService
176093659165,TYPE_REF,-1,,,class ProjectSyncService,0,,9,,,1,,services/project/projectSyncService.ts::program:ProjectSyncService
176093659166,TYPE_REF,-1,,,class ProjectTransformService,0,,34,,,1,,services/project/projectTransformService.ts::program:ProjectTransformService
176093659167,TYPE_REF,-1,,,class SonarMaintainabilityApiService,7,,4,,,1,,services/sonarMaintainability/sonarMaintainabilityApiService.ts::program:SonarMaintainabilityApiService
176093659168,TYPE_REF,-1,,,class SonarMaintainabilityCalculationService,7,,6,,,1,,services/sonarMaintainability/sonarMaintainabilityCalculationService.ts::program:SonarMaintainabilityCalculationService
176093659169,TYPE_REF,-1,,,class SonarMaintainabilityDbService,7,,9,,,1,,services/sonarMaintainability/sonarMaintainabilityDbService.ts::program:SonarMaintainabilityDbService
176093659170,TYPE_REF,-1,,,class SonarMaintainabilitySyncService,7,,6,,,1,,services/sonarMaintainability/sonarMaintainabilitySyncService.ts::program:SonarMaintainabilitySyncService
176093659171,TYPE_REF,-1,,,class SonarReliabilityApiService,7,,4,,,1,,services/sonarReliability/sonarReliabilityApiService.ts::program:SonarReliabilityApiService
176093659172,TYPE_REF,-1,,,class SonarReliabilityCalculationService,7,,3,,,1,,services/sonarReliability/sonarReliabilityCalculationService.ts::program:SonarReliabilityCalculationService
176093659173,TYPE_REF,-1,,,class SonarReliabilityDbService,7,,9,,,1,,services/sonarReliability/sonarReliabilityDbService.ts::program:SonarReliabilityDbService
176093659174,TYPE_REF,-1,,,class SonarReliabilitySyncService,7,,6,,,1,,services/sonarReliability/sonarReliabilitySyncService.ts::program:SonarReliabilitySyncService
176093659175,TYPE_REF,-1,,,class SonarSecurityApiService,7,,4,,,1,,services/sonarSecurity/sonarSecurityApiService.ts::program:SonarSecurityApiService
176093659176,TYPE_REF,-1,,,class SonarSecurityCalculationService,7,,3,,,1,,services/sonarSecurity/sonarSecurityCalculationService.ts::program:SonarSecurityCalculationService
176093659177,TYPE_REF,-1,,,class SonarSecurityDbService,7,,9,,,1,,services/sonarSecurity/sonarSecurityDbService.ts::program:SonarSecurityDbService
176093659178,TYPE_REF,-1,,,class SonarSecuritySyncService,7,,6,,,1,,services/sonarSecurity/sonarSecuritySyncService.ts::program:SonarSecuritySyncService
176093659179,TYPE_REF,-1,,,class SonarQubeService,7,,12,,,1,,services/sonarqube/sonarQubeService.ts::program:SonarQubeService
