51539607552,DEPENDENCY,express,Request,import
51539607553,DEPENDENCY,express,Response,import
51539607554,DEPENDENCY,../services/ai/geminiService,geminiService,import
51539607555,DEPENDENCY,../services/ai/projectInsightsService,projectInsightsService,import
51539607556,DEPENDENCY,../services/ai/insightsParser,parseAndCorrectInsights,import
51539607557,DEPENDENCY,../db/queries,saveProjectInsights,import
51539607558,DEPENDENCY,../db/queries,getLatestProjectInsights,import
51539607559,DEPENDENCY,../db/queries,getProjectInsightsHistoryById,import
51539607560,DEPENDENCY,../db/queries,getAllLatestProjectInsights,import
51539607561,DEPENDENCY,express,Request,import
51539607562,DEPENDENCY,express,Response,import
51539607563,DEPENDENCY,../services/commitMetrics/commitMetricsSyncService,commitMetricsSyncService,import
51539607564,DEPENDENCY,../services/commitMetrics/commitMetricsDbService,commitMetricsDbService,import
51539607565,DEPENDENCY,express,Request,import
51539607566,DEPENDENCY,express,Response,import
51539607567,DEPENDENCY,../services/doraMetrics/doraMetricsDbService,saveDeploymentFrequency,import
51539607568,DEPENDENCY,../services/doraMetrics/doraMetricsDbService,saveLeadTimeChange,import
51539607569,DEPENDENCY,../services/doraMetrics/doraMetricsDbService,saveChangeFailureRate,import
51539607570,DEPENDENCY,../services/doraMetrics/doraMetricsDbService,saveTimeToRestoreService,import
51539607571,DEPENDENCY,../services/doraMetrics/doraMetricsDbService,getDeploymentFrequencyByProject,import
51539607572,DEPENDENCY,../services/doraMetrics/doraMetricsDbService,getLeadTimeChangesByProject,import
51539607573,DEPENDENCY,../services/doraMetrics/doraMetricsDbService,getChangeFailureRateByProject,import
51539607574,DEPENDENCY,../services/doraMetrics/doraMetricsDbService,getTimeToRestoreServiceByProject,import
51539607575,DEPENDENCY,../services/doraMetrics/doraMetricsDbService,deleteDeploymentFrequency,import
51539607576,DEPENDENCY,../services/doraMetrics/doraMetricsDbService,deleteLeadTimeChange,import
51539607577,DEPENDENCY,../services/doraMetrics/doraMetricsDbService,deleteChangeFailureRate,import
51539607578,DEPENDENCY,../services/doraMetrics/doraMetricsDbService,deleteTimeToRestoreService,import
51539607579,DEPENDENCY,../services/doraMetrics/doraMetricsDbService,searchDeploymentsByIdPrefix,import
51539607580,DEPENDENCY,../services/doraMetrics/doraMetricsCalculationService,calculateDoraMetricsSummary,import
51539607581,DEPENDENCY,../services/doraMetrics/weeklyDoraSnapshotService,getWeeklySnapshotsForProject,import
51539607582,DEPENDENCY,../services/doraMetrics/weeklyDoraSnapshotService,captureLastWeekSnapshots,import
51539607583,DEPENDENCY,../services/doraMetrics/doraTrendsService,getDoraTrends,import
51539607584,DEPENDENCY,express,Request,import
51539607585,DEPENDENCY,express,Response,import
51539607586,DEPENDENCY,../db/connection,getPool,import
51539607587,DEPENDENCY,express,Request,import
51539607588,DEPENDENCY,express,Response,import
51539607589,DEPENDENCY,../services/issueMetrics/issueMetricsSyncService,issueMetricsSyncService,import
51539607590,DEPENDENCY,../services/issueMetrics/issueMetricsDbService,issueMetricsDbService,import
51539607591,DEPENDENCY,express,Request,import
51539607592,DEPENDENCY,express,Response,import
51539607593,DEPENDENCY,../services/milestoneMetrics/milestoneMetricsSyncService,milestoneMetricsSyncService,import
51539607594,DEPENDENCY,../services/milestoneMetrics/milestoneMetricsDbService,milestoneMetricsDbService,import
51539607595,DEPENDENCY,express,Request,import
51539607596,DEPENDENCY,express,Response,import
51539607597,DEPENDENCY,../services/mrMetrics/mrMetricsSyncService,mrMetricsSyncService,import
51539607598,DEPENDENCY,../services/mrMetrics/mrMetricsDbService,mrMetricsDbService,import
51539607599,DEPENDENCY,express,Request,import
51539607600,DEPENDENCY,express,Response,import
51539607601,DEPENDENCY,../db/queries,trackProject,import
51539607602,DEPENDENCY,../db/queries,untrackProject,import
51539607603,DEPENDENCY,../db/queries,getTotalProjectsCount,import
51539607604,DEPENDENCY,../db/queries,getTrackedProjectsCount,import
51539607605,DEPENDENCY,../db/queries,getLatestCombinedScores,import
51539607606,DEPENDENCY,../db/queries,getProjectsNeedingAttention,import
51539607607,DEPENDENCY,../services/project/projectSyncService,projectSyncService,import
51539607608,DEPENDENCY,../services/project/projectFetchService,projectFetchService,import
51539607609,DEPENDENCY,../services/project/projectRefreshService,projectRefreshService,import
51539607610,DEPENDENCY,../services/gitlab/gitlabGroupService,gitlabGroupService,import
51539607611,DEPENDENCY,../services/gitlab/gitLabMemberService,gitLabMemberService,import
51539607612,DEPENDENCY,express,Request,import
51539607613,DEPENDENCY,express,Response,import
51539607614,DEPENDENCY,../services/sonarMaintainability/sonarMaintainabilitySyncService,SonarMaintainabilitySyncService,import
51539607615,DEPENDENCY,../services/sonarMaintainability/sonarMaintainabilityDbService,SonarMaintainabilityDbService,import
51539607616,DEPENDENCY,express,Request,import
51539607617,DEPENDENCY,express,Response,import
51539607618,DEPENDENCY,../services/sonarReliability/sonarReliabilitySyncService,SonarReliabilitySyncService,import
51539607619,DEPENDENCY,../services/sonarReliability/sonarReliabilityDbService,SonarReliabilityDbService,import
51539607620,DEPENDENCY,express,Request,import
51539607621,DEPENDENCY,express,Response,import
51539607622,DEPENDENCY,../services/sonarSecurity/sonarSecuritySyncService,SonarSecuritySyncService,import
51539607623,DEPENDENCY,../services/sonarSecurity/sonarSecurityDbService,SonarSecurityDbService,import
51539607624,DEPENDENCY,dotenv/config,dotenv/config,import
51539607625,DEPENDENCY,./connection,getPool,import
51539607626,DEPENDENCY,dotenv/config,dotenv/config,import
51539607627,DEPENDENCY,./connection,getPool,import
51539607628,DEPENDENCY,fs,fs,import
51539607629,DEPENDENCY,path,path,import
51539607630,DEPENDENCY,pg,Pool,import
51539607631,DEPENDENCY,dotenv/config,dotenv/config,import
51539607632,DEPENDENCY,./connection,getPool,import
51539607633,DEPENDENCY,fs,fs,import
51539607634,DEPENDENCY,path,path,import
51539607635,DEPENDENCY,./connection,getPool,import
51539607636,DEPENDENCY,fs,fs,import
51539607637,DEPENDENCY,path,path,import
51539607638,DEPENDENCY,express,express,import
51539607639,DEPENDENCY,express,Application,import
51539607640,DEPENDENCY,express,Request,import
51539607641,DEPENDENCY,express,Response,import
51539607642,DEPENDENCY,express,NextFunction,import
51539607643,DEPENDENCY,cors,cors,import
51539607644,DEPENDENCY,dotenv,dotenv,import
51539607645,DEPENDENCY,./routes,apiRoutes,import
51539607646,DEPENDENCY,./middleware/errorHandler,errorHandler,import
51539607647,DEPENDENCY,./db/connection,connectDB,import
51539607648,DEPENDENCY,./db/queries,initializeTables,import
51539607649,DEPENDENCY,./services/sonarqube/autoMapSonarProjectKeys,autoMapSonarProjectKeys,import
51539607650,DEPENDENCY,./schedulers/weeklyDoraSnapshotScheduler,initWeeklyDoraSnapshotScheduler,import
51539607651,DEPENDENCY,express,Request,import
51539607652,DEPENDENCY,express,Response,import
51539607653,DEPENDENCY,express,NextFunction,import
51539607654,DEPENDENCY,express,Router,import
51539607655,DEPENDENCY,../controllers/doraMetricsController,createDeploymentFrequency,import
51539607656,DEPENDENCY,../controllers/doraMetricsController,createLeadTimeChange,import
51539607657,DEPENDENCY,../controllers/doraMetricsController,createChangeFailureRate,import
51539607658,DEPENDENCY,../controllers/doraMetricsController,createTimeToRestoreService,import
51539607659,DEPENDENCY,../controllers/doraMetricsController,getDeploymentFrequency,import
51539607660,DEPENDENCY,../controllers/doraMetricsController,getLeadTimeChanges,import
51539607661,DEPENDENCY,../controllers/doraMetricsController,getChangeFailureRates,import
51539607662,DEPENDENCY,../controllers/doraMetricsController,getTimeToRestoreServices,import
51539607663,DEPENDENCY,../controllers/doraMetricsController,getDoraMetricsSummary,import
51539607664,DEPENDENCY,../controllers/doraMetricsController,deleteDeploymentFrequencyRecord,import
51539607665,DEPENDENCY,../controllers/doraMetricsController,deleteLeadTimeChangeRecord,import
51539607666,DEPENDENCY,../controllers/doraMetricsController,deleteChangeFailureRateRecord,import
51539607667,DEPENDENCY,../controllers/doraMetricsController,deleteTimeToRestoreServiceRecord,import
51539607668,DEPENDENCY,../controllers/doraMetricsController,searchDeployments,import
51539607669,DEPENDENCY,../controllers/doraMetricsController,getWeeklySnapshots,import
51539607670,DEPENDENCY,../controllers/doraMetricsController,manualCaptureLastWeek,import
51539607671,DEPENDENCY,../controllers/doraMetricsController,getDoraTrendsController,import
51539607672,DEPENDENCY,express,Router,import
51539607673,DEPENDENCY,../controllers/projectController,projectController,import
51539607674,DEPENDENCY,../controllers/aiController,aiController,import
51539607675,DEPENDENCY,../controllers/issueMetricsController,issueMetricsController,import
51539607676,DEPENDENCY,../controllers/mrMetricsController,mrMetricsController,import
51539607677,DEPENDENCY,../controllers/commitMetricsController,commitMetricsController,import
51539607678,DEPENDENCY,../controllers/sonarQubeMaintainabilityController,sonarQubeMaintainabilityController,import
51539607679,DEPENDENCY,../controllers/sonarQubeReliabilityController,sonarQubeReliabilityController,import
51539607680,DEPENDENCY,../controllers/sonarQubeSecurityController,sonarQubeSecurityController,import
51539607681,DEPENDENCY,../controllers/healthScoreController,healthScoreController,import
51539607682,DEPENDENCY,../controllers/milestoneMetricsController,milestoneMetricsController,import
51539607683,DEPENDENCY,../services/gitlab/gitlabAuthService,gitlabAuthService,import
51539607684,DEPENDENCY,./trackingRoutes,trackingRoutes,import
51539607685,DEPENDENCY,./doraMetricsRoutes,doraMetricsRoutes,import
51539607686,DEPENDENCY,express,Router,import
51539607687,DEPENDENCY,../controllers/projectController,projectController,import
51539607688,DEPENDENCY,node-cron,cron,import
51539607689,DEPENDENCY,../services/doraMetrics/weeklyDoraSnapshotService,captureLastWeekSnapshots,import
51539607690,DEPENDENCY,@google/generative-ai,GoogleGenerativeAI,import
51539607691,DEPENDENCY,xlsx,XLSX,import
51539607692,DEPENDENCY,../../db/queries,getLatestSnapshotByProjectName,import
51539607693,DEPENDENCY,axios,axios,import
51539607694,DEPENDENCY,./geminiService,geminiService,import
51539607695,DEPENDENCY,./googleSheetsService,googleSheetsService,import
51539607696,DEPENDENCY,../../db/queries,getLatestSnapshotByProjectName,import
51539607697,DEPENDENCY,xlsx,XLSX,import
51539607698,DEPENDENCY,fs,fs,import
51539607699,DEPENDENCY,path,path,import
51539607700,DEPENDENCY,../../types/gitlab.types,GitLabCommit,import
51539607701,DEPENDENCY,../../types/commitMetrics.types,CommitMetricsCalculationResult,import
51539607702,DEPENDENCY,../../types/commitMetrics.types,ContributorCommitData,import
51539607703,DEPENDENCY,../../db/connection,getPool,import
51539607704,DEPENDENCY,../../types/commitMetrics.types,CommitHealthMetrics,import
51539607705,DEPENDENCY,../../types/commitMetrics.types,CommitMetricsHistory,import
51539607706,DEPENDENCY,../../types/commitMetrics.types,CommitMetricsCalculationResult,import
51539607707,DEPENDENCY,../../utils/healthScoreCalculator,calculateCommitHealthScore,import
51539607708,DEPENDENCY,../gitlab/gitLabCommitService,gitLabCommitService,import
51539607709,DEPENDENCY,./commitMetricsCalculationService,commitMetricsCalculationService,import
51539607710,DEPENDENCY,./commitMetricsDbService,commitMetricsDbService,import
51539607711,DEPENDENCY,../../types/commitMetrics.types,CommitHealthMetrics,import
51539607712,DEPENDENCY,../../db/connection,getPool,import
51539607713,DEPENDENCY,../../types/doraMetrics.types,DoraMetricsSummary,import
51539607714,DEPENDENCY,../../db/connection,getPool,import
51539607715,DEPENDENCY,../../types/doraMetrics.types,DeploymentFrequency,import
51539607716,DEPENDENCY,../../types/doraMetrics.types,DeploymentFrequencyInput,import
51539607717,DEPENDENCY,../../types/doraMetrics.types,LeadTimeChange,import
51539607718,DEPENDENCY,../../types/doraMetrics.types,LeadTimeChangeInput,import
51539607719,DEPENDENCY,../../types/doraMetrics.types,ChangeFailureRate,import
51539607720,DEPENDENCY,../../types/doraMetrics.types,ChangeFailureRateInput,import
51539607721,DEPENDENCY,../../types/doraMetrics.types,TimeToRestoreService,import
51539607722,DEPENDENCY,../../types/doraMetrics.types,TimeToRestoreServiceInput,import
51539607723,DEPENDENCY,../../db/connection,getPool,import
51539607724,DEPENDENCY,../../db/connection,getPool,import
51539607725,DEPENDENCY,./gitlabClient,gitlabClient,import
51539607726,DEPENDENCY,../../types,GitLabCommit,import
51539607727,DEPENDENCY,./gitlabClient,gitlabClient,import
51539607728,DEPENDENCY,../../types,GitLabIssues,import
51539607729,DEPENDENCY,../../types/issueMetrics.types,GitLabIssueStateEvent,import
51539607730,DEPENDENCY,../../types/issueMetrics.types,GitLabIssueMRReference,import
51539607731,DEPENDENCY,./gitlabClient,gitlabClient,import
51539607732,DEPENDENCY,../../types,GitLabMergeRequest,import
51539607733,DEPENDENCY,./gitlabClient,gitlabClient,import
51539607734,DEPENDENCY,./gitlabClient,gitlabClient,import
51539607735,DEPENDENCY,axios,axios,import
51539607736,DEPENDENCY,axios,AxiosInstance,import
51539607737,DEPENDENCY,./gitlabClient,gitlabClient,import
51539607738,DEPENDENCY,../../types,GitLabGroup,import
51539607739,DEPENDENCY,./gitlabClient,gitlabClient,import
51539607740,DEPENDENCY,../../types,GitLabMilestone,import
51539607741,DEPENDENCY,./gitlabClient,gitlabClient,import
51539607742,DEPENDENCY,../../types,GitLabProject,import
51539607743,DEPENDENCY,./gitlabClient,gitlabClient,require
51539607744,DEPENDENCY,./gitlabAuthService,gitlabAuthService,require
51539607745,DEPENDENCY,./gitlabProjectService,gitlabProjectService,require
51539607746,DEPENDENCY,./gitlabGroupService,gitlabGroupService,require
51539607747,DEPENDENCY,./gitLabIssueService,gitLabIssueService,require
51539607748,DEPENDENCY,./gitLabMRService,gitLabMRService,require
51539607749,DEPENDENCY,./gitlabMilestoneService,gitLabMilestoneService,require
51539607750,DEPENDENCY,../../types/gitlab.types,GitLabIssues,import
51539607751,DEPENDENCY,../../types/issueMetrics.types,IssueMetricsCalculationResult,import
51539607752,DEPENDENCY,../../types/issueMetrics.types,GitLabIssueStateEvent,import
51539607753,DEPENDENCY,../../db/connection,getPool,import
51539607754,DEPENDENCY,../../types/issueMetrics.types,IssueHealthMetrics,import
51539607755,DEPENDENCY,../../types/issueMetrics.types,IssueMetricsHistory,import
51539607756,DEPENDENCY,../../types/issueMetrics.types,WeekOverWeekComparison,import
51539607757,DEPENDENCY,../../utils/healthScoreCalculator,calculateIssueHealthScore,import
51539607758,DEPENDENCY,../gitlab/gitLabIssueService,gitLabIssueService,import
51539607759,DEPENDENCY,./issueMetricsCalculationService,issueMetricsCalculationService,import
51539607760,DEPENDENCY,./issueMetricsDbService,issueMetricsDbService,import
51539607761,DEPENDENCY,../../types/issueMetrics.types,IssueHealthMetrics,import
51539607762,DEPENDENCY,../../types/milestoneMetrics.types,MilestoneMetrics,import
51539607763,DEPENDENCY,../../types/milestoneMetrics.types,MilestoneWithIssueCount,import
51539607764,DEPENDENCY,../../db/connection,getPool,import
51539607765,DEPENDENCY,../../types/milestoneMetrics.types,MilestoneMetrics,import
51539607766,DEPENDENCY,../gitlab/gitlabMilestoneService,gitlabMilestoneService,import
51539607767,DEPENDENCY,../gitlab/gitlabClient,gitlabClient,import
51539607768,DEPENDENCY,./milestoneMetricsCalculationService,milestoneMetricsCalculationService,import
51539607769,DEPENDENCY,./milestoneMetricsDbService,milestoneMetricsDbService,import
51539607770,DEPENDENCY,../../types/milestoneMetrics.types,MilestoneMetrics,import
51539607771,DEPENDENCY,../../types/gitlab.types,GitLabMergeRequest,import
51539607772,DEPENDENCY,../../types/mrMetrics.types,GitLabMRNote,import
51539607773,DEPENDENCY,../../db/connection,getPool,import
51539607774,DEPENDENCY,../../types/mrMetrics.types,MRHealthMetrics,import
51539607775,DEPENDENCY,../../types/mrMetrics.types,MRMetricsHistory,import
51539607776,DEPENDENCY,../../types/mrMetrics.types,MRWeekOverWeekComparison,import
51539607777,DEPENDENCY,../../utils/healthScoreCalculator,calculateMRHealthScore,import
51539607778,DEPENDENCY,../gitlab/gitLabMRService,gitLabMRService,import
51539607779,DEPENDENCY,./mrMetricsCalculationService,mrMetricsCalculationService,import
51539607780,DEPENDENCY,./mrMetricsDbService,mrMetricsDbService,import
51539607781,DEPENDENCY,../../types/mrMetrics.types,MRHealthMetrics,import
51539607782,DEPENDENCY,./projectSyncService,projectSyncService,require
51539607783,DEPENDENCY,./projectEnrichmentService,projectEnrichmentService,require
51539607784,DEPENDENCY,./projectTransformService,projectTransformService,require
51539607785,DEPENDENCY,./projectFetchService,projectFetchService,require
51539607786,DEPENDENCY,../../types,GitLabProject,import
51539607787,DEPENDENCY,../gitlab/gitlabGroupService,gitlabGroupService,import
51539607788,DEPENDENCY,../gitlab/gitLabIssueService,gitLabIssueService,import
51539607789,DEPENDENCY,../gitlab/gitLabMRService,gitLabMRService,import
51539607790,DEPENDENCY,../gitlab/gitlabMilestoneService,gitLabMilestoneService,import
51539607791,DEPENDENCY,../sonarqube/sonarQubeService,SonarQubeService,import
51539607792,DEPENDENCY,../sonarqube/autoMapSonarProjectKeys,getSonarProjectKey,import
51539607793,DEPENDENCY,../../db/queries,getAllProjectsFromRegistry,import
51539607794,DEPENDENCY,../../db/queries,getLatestSnapshotsForTrackedProjects,import
51539607795,DEPENDENCY,../../db/queries,getProjectById,import
51539607796,DEPENDENCY,./projectTransformService,projectTransformService,import
51539607797,DEPENDENCY,../../types,GitLabProject,import
51539607798,DEPENDENCY,../gitlab/gitlabProjectService,gitlabProjectService,import
51539607799,DEPENDENCY,../gitlab/gitLabIssueService,gitLabIssueService,import
51539607800,DEPENDENCY,../gitlab/gitLabMRService,gitLabMRService,import
51539607801,DEPENDENCY,../gitlab/gitlabMilestoneService,gitLabMilestoneService,import
51539607802,DEPENDENCY,../sonarqube/sonarQubeService,SonarQubeService,import
51539607803,DEPENDENCY,../sonarqube/autoMapSonarProjectKeys,getSonarProjectKey,import
51539607804,DEPENDENCY,../../db/queries,insertProjectSnapshot,import
51539607805,DEPENDENCY,../../db/queries,getTrackedProjectIds,import
51539607806,DEPENDENCY,../gitlab/gitlabProjectService,gitlabProjectService,import
51539607807,DEPENDENCY,../gitlab/gitLabMemberService,gitLabMemberService,import
51539607808,DEPENDENCY,./projectEnrichmentService,projectEnrichmentService,import
51539607809,DEPENDENCY,./projectTransformService,projectTransformService,import
51539607810,DEPENDENCY,../../db/queries,syncProjectsToRegistry,import
51539607811,DEPENDENCY,../../db/queries,getAllProjectsFromRegistry,import
51539607812,DEPENDENCY,../sonarqube/autoMapSonarProjectKeys,autoMapSonarProjectKeys,import
51539607813,DEPENDENCY,axios,axios,import
51539607814,DEPENDENCY,../../types/sonarQubeMetrics.types,SonarQubeComponentMeasures,import
51539607815,DEPENDENCY,../../types/sonarQubeMetrics.types,SonarQubeComponentMeasures,import
51539607816,DEPENDENCY,../../types/sonarQubeMetrics.types,SonarQubeMaintainabilityCalculationResult,import
51539607817,DEPENDENCY,../../db/connection,getPool,import
51539607818,DEPENDENCY,../../types/sonarQubeMetrics.types,SonarQubeMaintainabilityMetrics,import
51539607819,DEPENDENCY,../../types/sonarQubeMetrics.types,SonarQubeMaintainabilityHistory,import
51539607820,DEPENDENCY,../../types/sonarQubeMetrics.types,SonarQubeMaintainabilityCalculationResult,import
51539607821,DEPENDENCY,../../utils/healthScoreCalculator,calculateMaintainabilityHealthScore,import
51539607822,DEPENDENCY,./sonarMaintainabilityApiService,SonarMaintainabilityApiService,import
51539607823,DEPENDENCY,./sonarMaintainabilityCalculationService,SonarMaintainabilityCalculationService,import
51539607824,DEPENDENCY,./sonarMaintainabilityDbService,SonarMaintainabilityDbService,import
51539607825,DEPENDENCY,../sonarqube/autoMapSonarProjectKeys,getSonarProjectKey,import
51539607826,DEPENDENCY,axios,axios,import
51539607827,DEPENDENCY,../../types/sonarQubeMetrics.types,SonarQubeComponentMeasures,import
51539607828,DEPENDENCY,../../types/sonarQubeMetrics.types,SonarQubeReliabilityCalculationResult,import
51539607829,DEPENDENCY,../../db/connection,getPool,import
51539607830,DEPENDENCY,../../types/sonarQubeMetrics.types,SonarQubeReliabilityMetrics,import
51539607831,DEPENDENCY,../../types/sonarQubeMetrics.types,SonarQubeReliabilityHistory,import
51539607832,DEPENDENCY,../../types/sonarQubeMetrics.types,SonarQubeReliabilityCalculationResult,import
51539607833,DEPENDENCY,../../utils/healthScoreCalculator,calculateReliabilityHealthScore,import
51539607834,DEPENDENCY,./sonarReliabilityApiService,SonarReliabilityApiService,import
51539607835,DEPENDENCY,./sonarReliabilityCalculationService,SonarReliabilityCalculationService,import
51539607836,DEPENDENCY,./sonarReliabilityDbService,SonarReliabilityDbService,import
51539607837,DEPENDENCY,../sonarqube/autoMapSonarProjectKeys,getSonarProjectKey,import
51539607838,DEPENDENCY,axios,axios,import
51539607839,DEPENDENCY,../../types/sonarQubeMetrics.types,SonarQubeComponentMeasures,import
51539607840,DEPENDENCY,../../types/sonarQubeMetrics.types,SonarQubeSecurityCalculationResult,import
51539607841,DEPENDENCY,../../db/connection,getPool,import
51539607842,DEPENDENCY,../../types/sonarQubeMetrics.types,SonarQubeSecurityMetrics,import
51539607843,DEPENDENCY,../../types/sonarQubeMetrics.types,SonarQubeSecurityHistory,import
51539607844,DEPENDENCY,../../types/sonarQubeMetrics.types,SonarQubeSecurityCalculationResult,import
51539607845,DEPENDENCY,../../utils/healthScoreCalculator,calculateSecurityHealthScore,import
51539607846,DEPENDENCY,./sonarSecurityApiService,SonarSecurityApiService,import
51539607847,DEPENDENCY,./sonarSecurityCalculationService,SonarSecurityCalculationService,import
51539607848,DEPENDENCY,./sonarSecurityDbService,SonarSecurityDbService,import
51539607849,DEPENDENCY,../sonarqube/autoMapSonarProjectKeys,getSonarProjectKey,import
51539607850,DEPENDENCY,../../db/connection,getPool,import
51539607851,DEPENDENCY,axios,axios,import
51539607852,DEPENDENCY,axios,axios,import
51539607853,DEPENDENCY,./gitlab.types,GitLabCommit,import
51539607854,DEPENDENCY,./gitlab.types,gitlab.types,require
51539607855,DEPENDENCY,./project.types,project.types,require
51539607856,DEPENDENCY,./doraMetrics.types,doraMetrics.types,require
51539607857,DEPENDENCY,./gitlab.types,GitLabMergeRequest,import
