21474836480,BINDING,<empty>,,
21474836481,BINDING,<empty>,,
21474836482,BINDING,<empty>,,
21474836483,BINDING,<empty>,,
21474836484,BINDING,<empty>,,
21474836485,BINDING,<empty>,,
21474836486,BINDING,<empty>,,
21474836487,BINDING,<empty>,,
21474836488,BINDING,<empty>,,
21474836489,BINDING,<empty>,,
21474836490,BINDING,<empty>,,
21474836491,BINDING,<empty>,,
21474836492,BINDING,<empty>,,
21474836493,BINDING,<empty>,,
21474836494,BINDING,<empty>,,
21474836495,BINDING,<empty>,,
21474836496,BINDING,<empty>,,
21474836497,BINDING,<empty>,,
21474836498,BINDING,<empty>,,
21474836499,BINDING,<empty>,,
21474836500,BINDING,<empty>,,
21474836501,BINDING,<empty>,,
21474836502,BINDING,<empty>,,
21474836503,BINDING,<empty>,,
21474836504,BINDING,<empty>,,
21474836505,BINDING,<empty>,,
21474836506,BINDING,<empty>,,
21474836507,BINDING,<empty>,,
21474836508,BINDING,<empty>,,
21474836509,BINDING,<empty>,,
21474836510,BINDING,<empty>,,
21474836511,BINDING,<empty>,,
21474836512,BINDING,<empty>,,
21474836513,BINDING,<empty>,,
21474836514,BINDING,<empty>,,
21474836515,BINDING,<empty>,,
21474836516,BINDING,<empty>,,
21474836517,BINDING,<empty>,,
21474836518,BINDING,<empty>,,
21474836519,BINDING,<empty>,,
21474836520,BINDING,<empty>,,
21474836521,BINDING,<empty>,,
21474836522,BINDING,<empty>,,
21474836523,BINDING,<empty>,,
21474836524,BINDING,<empty>,,
21474836525,BINDING,<empty>,,
21474836526,BINDING,<empty>,,
21474836527,BINDING,<empty>,,
21474836528,BINDING,<empty>,,
21474836529,BINDING,<empty>,,
21474836530,BINDING,<empty>,,
21474836531,BINDING,<empty>,,
21474836532,BINDING,<empty>,,
21474836533,BINDING,<empty>,,
21474836534,BINDING,<empty>,,
21474836535,BINDING,<empty>,,
21474836536,BINDING,<empty>,,
21474836537,BINDING,<empty>,,
21474836538,BINDING,<empty>,,
21474836539,BINDING,<empty>,,
21474836540,BINDING,<empty>,,
21474836541,BINDING,<empty>,,
21474836542,BINDING,<empty>,,
21474836543,BINDING,<empty>,,
21474836544,BINDING,<empty>,,
21474836545,BINDING,<empty>,,
21474836546,BINDING,<empty>,,
21474836547,BINDING,<empty>,,
21474836548,BINDING,<empty>,,
21474836549,BINDING,<empty>,,
21474836550,BINDING,<empty>,,
21474836551,BINDING,<empty>,,
21474836552,BINDING,<empty>,,
21474836553,BINDING,<empty>,,
21474836554,BINDING,<empty>,,
21474836555,BINDING,<empty>,,
21474836556,BINDING,<empty>,,
21474836557,BINDING,<empty>,,
21474836558,BINDING,<empty>,,
21474836559,BINDING,<empty>,,
21474836560,BINDING,<empty>,,
21474836561,BINDING,<empty>,,
21474836562,BINDING,<empty>,,
21474836563,BINDING,<empty>,,
21474836564,BINDING,<empty>,,
21474836565,BINDING,<empty>,,
21474836566,BINDING,<empty>,,
21474836567,BINDING,<empty>,,
21474836568,BINDING,<empty>,,
21474836569,BINDING,<empty>,,
21474836570,BINDING,<empty>,,
21474836571,BINDING,<empty>,,
21474836572,BINDING,<empty>,,
21474836573,BINDING,<empty>,,
21474836574,BINDING,<empty>,,
21474836575,BINDING,<empty>,,
21474836576,BINDING,<empty>,,
21474836577,BINDING,<empty>,,
21474836578,BINDING,<empty>,,
21474836579,BINDING,<empty>,,
21474836580,BINDING,<empty>,,
21474836581,BINDING,<empty>,,
21474836582,BINDING,<empty>,,
21474836583,BINDING,<empty>,,
21474836584,BINDING,<empty>,,
21474836585,BINDING,<empty>,,
21474836586,BINDING,<empty>,,
21474836587,BINDING,<empty>,,
21474836588,BINDING,<empty>,,
21474836589,BINDING,<empty>,,
21474836590,BINDING,<empty>,,
21474836591,BINDING,<empty>,,
21474836592,BINDING,<empty>,,
21474836593,BINDING,<empty>,,
21474836594,BINDING,<empty>,,
21474836595,BINDING,<empty>,,
21474836596,BINDING,<empty>,,
21474836597,BINDING,<empty>,,
21474836598,BINDING,<empty>,,
21474836599,BINDING,<empty>,,
21474836600,BINDING,<empty>,,
21474836601,BINDING,<empty>,,
21474836602,BINDING,<empty>,,
21474836603,BINDING,<empty>,,
21474836604,BINDING,<empty>,,
21474836605,BINDING,<empty>,,
21474836606,BINDING,<empty>,,
21474836607,BINDING,<empty>,,
21474836608,BINDING,<empty>,,
21474836609,BINDING,<empty>,,
21474836610,BINDING,<empty>,,
21474836611,BINDING,<empty>,,
21474836612,BINDING,<empty>,,
21474836613,BINDING,<empty>,,
21474836614,BINDING,<empty>,,
21474836615,BINDING,<empty>,,
21474836616,BINDING,<empty>,,
21474836617,BINDING,<empty>,,
21474836618,BINDING,<empty>,,
21474836619,BINDING,<empty>,,
21474836620,BINDING,<empty>,,
21474836621,BINDING,<empty>,,
21474836622,BINDING,<empty>,,
21474836623,BINDING,<empty>,,
21474836624,BINDING,<empty>,,
21474836625,BINDING,<empty>,,
21474836626,BINDING,<empty>,,
21474836627,BINDING,<empty>,,
21474836628,BINDING,<empty>,,
21474836629,BINDING,<empty>,,
21474836630,BINDING,<empty>,,
21474836631,BINDING,<empty>,,
21474836632,BINDING,<empty>,,
21474836633,BINDING,<empty>,,
21474836634,BINDING,<empty>,,
21474836635,BINDING,<empty>,,
21474836636,BINDING,<empty>,,
21474836637,BINDING,<empty>,,
21474836638,BINDING,<empty>,,
21474836639,BINDING,<empty>,,
21474836640,BINDING,<empty>,,
21474836641,BINDING,<empty>,,
21474836642,BINDING,<empty>,,
21474836643,BINDING,<empty>,,
21474836644,BINDING,<empty>,,
21474836645,BINDING,<empty>,,
21474836646,BINDING,<empty>,,
21474836647,BINDING,<empty>,,
21474836648,BINDING,<empty>,,
21474836649,BINDING,<empty>,,
21474836650,BINDING,<empty>,,
21474836651,BINDING,<empty>,,
21474836652,BINDING,<empty>,,
21474836653,BINDING,<empty>,,
21474836654,BINDING,<empty>,,
21474836655,BINDING,<empty>,,
21474836656,BINDING,<empty>,,
21474836657,BINDING,<empty>,,
21474836658,BINDING,<empty>,,
21474836659,BINDING,<empty>,,
21474836660,BINDING,<empty>,,
21474836661,BINDING,<empty>,,
21474836662,BINDING,<empty>,,
21474836663,BINDING,<empty>,,
21474836664,BINDING,<empty>,,
21474836665,BINDING,<empty>,,
21474836666,BINDING,<empty>,,
21474836667,BINDING,<empty>,,
21474836668,BINDING,<empty>,,
21474836669,BINDING,<empty>,,
21474836670,BINDING,<empty>,,
21474836671,BINDING,<empty>,,
21474836672,BINDING,<empty>,,
21474836673,BINDING,<empty>,,
21474836674,BINDING,<empty>,,
21474836675,BINDING,<empty>,,
21474836676,BINDING,<empty>,,
21474836677,BINDING,<empty>,,
21474836678,BINDING,<empty>,,
21474836679,BINDING,<empty>,,
21474836680,BINDING,<empty>,,
21474836681,BINDING,<empty>,,
21474836682,BINDING,<empty>,,
21474836683,BINDING,<empty>,,
21474836684,BINDING,<empty>,,
21474836685,BINDING,<empty>,,
21474836686,BINDING,<empty>,,
21474836687,BINDING,<empty>,,
21474836688,BINDING,<empty>,,
21474836689,BINDING,<empty>,,
21474836690,BINDING,<empty>,,
21474836691,BINDING,<empty>,,
21474836692,BINDING,<empty>,,
21474836693,BINDING,<empty>,,
21474836694,BINDING,<empty>,,
21474836695,BINDING,<empty>,,
21474836696,BINDING,<empty>,,
21474836697,BINDING,<empty>,,
21474836698,BINDING,<empty>,,
21474836699,BINDING,<empty>,,
21474836700,BINDING,<empty>,,
21474836701,BINDING,<empty>,,
21474836702,BINDING,<empty>,,
21474836703,BINDING,<empty>,,
21474836704,BINDING,<empty>,,
21474836705,BINDING,<empty>,,
21474836706,BINDING,<empty>,,
21474836707,BINDING,<empty>,,
21474836708,BINDING,<empty>,,
21474836709,BINDING,<empty>,,
21474836710,BINDING,<empty>,,
21474836711,BINDING,<empty>,,
21474836712,BINDING,<empty>,,
21474836713,BINDING,<empty>,,
21474836714,BINDING,<empty>,,
21474836715,BINDING,<empty>,,
21474836716,BINDING,<empty>,,
21474836717,BINDING,<empty>,,
21474836718,BINDING,<empty>,,
21474836719,BINDING,<empty>,,
21474836720,BINDING,<empty>,,
21474836721,BINDING,<empty>,,
21474836722,BINDING,<empty>,,
21474836723,BINDING,<empty>,,
21474836724,BINDING,<empty>,,
21474836725,BINDING,<empty>,,
21474836726,BINDING,<empty>,,
21474836727,BINDING,<empty>,,
21474836728,BINDING,<empty>,,
21474836729,BINDING,<empty>,,
21474836730,BINDING,<empty>,,
21474836731,BINDING,<empty>,,
21474836732,BINDING,<empty>,,
21474836733,BINDING,<empty>,,
21474836734,BINDING,<empty>,,
21474836735,BINDING,<empty>,,
21474836736,BINDING,<empty>,,
21474836737,BINDING,<empty>,,
21474836738,BINDING,<empty>,,
21474836739,BINDING,<empty>,,
21474836740,BINDING,<empty>,,
21474836741,BINDING,<empty>,,
21474836742,BINDING,<empty>,,
21474836743,BINDING,<empty>,,
21474836744,BINDING,<empty>,,
21474836745,BINDING,<empty>,,
21474836746,BINDING,<empty>,,
21474836747,BINDING,<empty>,,
21474836748,BINDING,<empty>,,
21474836749,BINDING,<empty>,,
21474836750,BINDING,<empty>,,
21474836751,BINDING,<empty>,,
21474836752,BINDING,<empty>,,
21474836753,BINDING,<empty>,,
21474836754,BINDING,<empty>,,
21474836755,BINDING,<empty>,,
21474836756,BINDING,<empty>,,
21474836757,BINDING,<empty>,,
21474836758,BINDING,<empty>,,
21474836759,BINDING,<empty>,,
21474836760,BINDING,<empty>,,
21474836761,BINDING,<empty>,,
21474836762,BINDING,<empty>,,
21474836763,BINDING,<empty>,,
21474836764,BINDING,<empty>,,
21474836765,BINDING,<empty>,,
21474836766,BINDING,<empty>,,
21474836767,BINDING,<empty>,,
21474836768,BINDING,<empty>,,
21474836769,BINDING,<empty>,,
21474836770,BINDING,<empty>,,
21474836771,BINDING,<empty>,,
21474836772,BINDING,<empty>,,
21474836773,BINDING,<empty>,,
21474836774,BINDING,<empty>,,
21474836775,BINDING,<empty>,,
21474836776,BINDING,<empty>,,
21474836777,BINDING,<empty>,,
21474836778,BINDING,<empty>,,
21474836779,BINDING,<empty>,,
21474836780,BINDING,<empty>,,
21474836781,BINDING,<empty>,,
21474836782,BINDING,<empty>,,
21474836783,BINDING,<empty>,,
21474836784,BINDING,<empty>,,
21474836785,BINDING,<empty>,,
21474836786,BINDING,<empty>,,
21474836787,BINDING,<empty>,,
21474836788,BINDING,<empty>,,
21474836789,BINDING,<empty>,,
21474836790,BINDING,<empty>,,
21474836791,BINDING,<empty>,,
21474836792,BINDING,<empty>,,
21474836793,BINDING,<empty>,,
21474836794,BINDING,<empty>,,
21474836795,BINDING,<empty>,,
21474836796,BINDING,<empty>,,
21474836797,BINDING,<empty>,,
21474836798,BINDING,<empty>,,
21474836799,BINDING,<empty>,,
21474836800,BINDING,<empty>,,
21474836801,BINDING,<empty>,,
21474836802,BINDING,<empty>,,
21474836803,BINDING,<empty>,,
21474836804,BINDING,<empty>,,
21474836805,BINDING,<empty>,,
21474836806,BINDING,<empty>,,
21474836807,BINDING,<empty>,,
21474836808,BINDING,<empty>,,
21474836809,BINDING,<empty>,,
21474836810,BINDING,<empty>,,
21474836811,BINDING,<empty>,,
21474836812,BINDING,<empty>,,
21474836813,BINDING,<empty>,,
21474836814,BINDING,<empty>,,
21474836815,BINDING,<empty>,,
21474836816,BINDING,<empty>,,
21474836817,BINDING,<empty>,,
21474836818,BINDING,<empty>,,
21474836819,BINDING,<empty>,,
21474836820,BINDING,<empty>,,
21474836821,BINDING,<empty>,,
21474836822,BINDING,<empty>,,
21474836823,BINDING,<empty>,,
21474836824,BINDING,<empty>,,
21474836825,BINDING,<empty>,,
21474836826,BINDING,<empty>,,
21474836827,BINDING,<empty>,,
21474836828,BINDING,<empty>,,
21474836829,BINDING,<empty>,,
21474836830,BINDING,<empty>,,
21474836831,BINDING,<empty>,,
21474836832,BINDING,<empty>,,
21474836833,BINDING,<empty>,,
21474836834,BINDING,<empty>,,
21474836835,BINDING,<empty>,,
21474836836,BINDING,<empty>,,
21474836837,BINDING,<empty>,,
21474836838,BINDING,<empty>,,
21474836839,BINDING,<empty>,,
21474836840,BINDING,<empty>,,
21474836841,BINDING,<empty>,,
21474836842,BINDING,<empty>,,
21474836843,BINDING,<empty>,,
21474836844,BINDING,<empty>,,
21474836845,BINDING,<empty>,,
21474836846,BINDING,<empty>,,
21474836847,BINDING,<empty>,,
21474836848,BINDING,<empty>,,
21474836849,BINDING,<empty>,,
21474836850,BINDING,<empty>,,
21474836851,BINDING,<empty>,,
21474836852,BINDING,<empty>,,
21474836853,BINDING,<empty>,,
21474836854,BINDING,<empty>,,
21474836855,BINDING,<empty>,,
21474836856,BINDING,<empty>,,
21474836857,BINDING,<empty>,,
21474836858,BINDING,<empty>,,
21474836859,BINDING,<empty>,,
21474836860,BINDING,<empty>,,
21474836861,BINDING,<empty>,,
21474836862,BINDING,<empty>,,
21474836863,BINDING,<empty>,,
21474836864,BINDING,<empty>,,
21474836865,BINDING,<empty>,,
21474836866,BINDING,<empty>,,
21474836867,BINDING,<empty>,,
21474836868,BINDING,<empty>,,
21474836869,BINDING,<empty>,,
21474836870,BINDING,<empty>,,
21474836871,BINDING,<empty>,,
21474836872,BINDING,<empty>,,
21474836873,BINDING,<empty>,,
21474836874,BINDING,<empty>,,
21474836875,BINDING,<empty>,,
21474836876,BINDING,<empty>,,
21474836877,BINDING,<empty>,,
21474836878,BINDING,<empty>,,
21474836879,BINDING,<empty>,,
21474836880,BINDING,<empty>,,
21474836881,BINDING,<empty>,,
21474836882,BINDING,<empty>,,
21474836883,BINDING,<empty>,,
21474836884,BINDING,<empty>,,
21474836885,BINDING,<empty>,,
21474836886,BINDING,<empty>,,
21474836887,BINDING,<empty>,,
21474836888,BINDING,<empty>,,
21474836889,BINDING,<empty>,,
21474836890,BINDING,<empty>,,
21474836891,BINDING,<empty>,,
21474836892,BINDING,<empty>,,
21474836893,BINDING,<empty>,,
21474836894,BINDING,<empty>,,
21474836895,BINDING,<empty>,,
21474836896,BINDING,<empty>,,
21474836897,BINDING,<empty>,,
21474836898,BINDING,<empty>,,
21474836899,BINDING,<empty>,,
21474836900,BINDING,<empty>,,
21474836901,BINDING,<empty>,,
21474836902,BINDING,<empty>,,
21474836903,BINDING,<empty>,,
21474836904,BINDING,<empty>,,
21474836905,BINDING,<empty>,,
21474836906,BINDING,<empty>,,
21474836907,BINDING,<empty>,,
21474836908,BINDING,<empty>,,
21474836909,BINDING,<empty>,,
21474836910,BINDING,<empty>,,
21474836911,BINDING,<empty>,,
21474836912,BINDING,<empty>,,
21474836913,BINDING,<empty>,,
21474836914,BINDING,<empty>,,
21474836915,BINDING,<empty>,,
21474836916,BINDING,<empty>,,
21474836917,BINDING,<empty>,,
21474836918,BINDING,<empty>,,
21474836919,BINDING,<empty>,,
21474836920,BINDING,<empty>,,
21474836921,BINDING,<empty>,,
21474836922,BINDING,<empty>,,
21474836923,BINDING,<empty>,,
21474836924,BINDING,<empty>,,
21474836925,BINDING,<empty>,,
21474836926,BINDING,<empty>,,
21474836927,BINDING,<empty>,,
21474836928,BINDING,<empty>,,
21474836929,BINDING,<empty>,,
21474836930,BINDING,<empty>,,
21474836931,BINDING,<empty>,,
21474836932,BINDING,<empty>,,
21474836933,BINDING,<empty>,,
21474836934,BINDING,<empty>,,
21474836935,BINDING,<empty>,,
21474836936,BINDING,<empty>,,
21474836937,BINDING,<empty>,,
21474836938,BINDING,<empty>,,
21474836939,BINDING,<empty>,,
21474836940,BINDING,<empty>,,
21474836941,BINDING,<empty>,,
21474836942,BINDING,<empty>,,
21474836943,BINDING,<empty>,,
21474836944,BINDING,<empty>,,
21474836945,BINDING,<empty>,,
21474836946,BINDING,<empty>,,
21474836947,BINDING,<empty>,,
21474836948,BINDING,<empty>,,
21474836949,BINDING,<empty>,,
21474836950,BINDING,<empty>,,
21474836951,BINDING,<empty>,,
21474836952,BINDING,<empty>,,
21474836953,BINDING,<empty>,,
21474836954,BINDING,<empty>,,
21474836955,BINDING,<empty>,,
21474836956,BINDING,<empty>,,
21474836957,BINDING,<empty>,,
21474836958,BINDING,<empty>,,
21474836959,BINDING,<empty>,,
21474836960,BINDING,<empty>,,
21474836961,BINDING,<empty>,,
21474836962,BINDING,<empty>,,
21474836963,BINDING,<empty>,,
21474836964,BINDING,<empty>,,
21474836965,BINDING,<empty>,,
21474836966,BINDING,<empty>,,
21474836967,BINDING,<empty>,,
21474836968,BINDING,<empty>,,
21474836969,BINDING,<empty>,,
21474836970,BINDING,<empty>,,
21474836971,BINDING,<empty>,,
21474836972,BINDING,<empty>,,
21474836973,BINDING,<empty>,,
21474836974,BINDING,<empty>,,
21474836975,BINDING,<empty>,,
21474836976,BINDING,<empty>,,
21474836977,BINDING,<empty>,,
21474836978,BINDING,<empty>,,
21474836979,BINDING,<empty>,,
21474836980,BINDING,<empty>,,
21474836981,BINDING,<empty>,,
21474836982,BINDING,<empty>,,
21474836983,BINDING,<empty>,,
21474836984,BINDING,<empty>,,
21474836985,BINDING,<empty>,,
21474836986,BINDING,<empty>,,
21474836987,BINDING,<empty>,,
21474836988,BINDING,<empty>,,
21474836989,BINDING,<empty>,,
21474836990,BINDING,<empty>,,
21474836991,BINDING,<empty>,,
21474836992,BINDING,<empty>,,
21474836993,BINDING,<empty>,,
21474836994,BINDING,<empty>,,
21474836995,BINDING,<empty>,,
21474836996,BINDING,<empty>,,
21474836997,BINDING,<empty>,,
21474836998,BINDING,<empty>,,
21474836999,BINDING,<empty>,,
21474837000,BINDING,<empty>,,
21474837001,BINDING,<empty>,,
21474837002,BINDING,<empty>,,
21474837003,BINDING,<empty>,,
21474837004,BINDING,<empty>,,
21474837005,BINDING,<empty>,,
21474837006,BINDING,<empty>,,
21474837007,BINDING,<empty>,,
21474837008,BINDING,<empty>,,
21474837009,BINDING,<empty>,,
21474837010,BINDING,<empty>,,
21474837011,BINDING,<empty>,,
21474837012,BINDING,<empty>,,
21474837013,BINDING,<empty>,,
21474837014,BINDING,<empty>,,
21474837015,BINDING,<empty>,,
21474837016,BINDING,<empty>,,
21474837017,BINDING,<empty>,,
21474837018,BINDING,<empty>,,
21474837019,BINDING,<empty>,,
21474837020,BINDING,<empty>,,
21474837021,BINDING,<empty>,,
21474837022,BINDING,<empty>,,
21474837023,BINDING,<empty>,,
21474837024,BINDING,<empty>,,
21474837025,BINDING,<empty>,,
21474837026,BINDING,<empty>,,
21474837027,BINDING,<empty>,,
21474837028,BINDING,<empty>,,
21474837029,BINDING,<empty>,,
21474837030,BINDING,<empty>,,
21474837031,BINDING,<empty>,,
21474837032,BINDING,<empty>,,
21474837033,BINDING,<empty>,,
21474837034,BINDING,<empty>,,
21474837035,BINDING,<empty>,,
21474837036,BINDING,<empty>,,
21474837037,BINDING,<empty>,,
21474837038,BINDING,<empty>,,
21474837039,BINDING,<empty>,,
21474837040,BINDING,<empty>,,
21474837041,BINDING,<empty>,,
21474837042,BINDING,<empty>,,
21474837043,BINDING,<empty>,,
21474837044,BINDING,<empty>,,
21474837045,BINDING,<empty>,,
21474837046,BINDING,<empty>,,
21474837047,BINDING,<empty>,,
21474837048,BINDING,<empty>,,
21474837049,BINDING,<empty>,,
21474837050,BINDING,<empty>,,
21474837051,BINDING,<empty>,,
21474837052,BINDING,<empty>,,
21474837053,BINDING,<empty>,,
21474837054,BINDING,<empty>,,
21474837055,BINDING,<empty>,,
21474837056,BINDING,<empty>,,
21474837057,BINDING,<empty>,,
21474837058,BINDING,<empty>,,
21474837059,BINDING,<empty>,,
21474837060,BINDING,<empty>,,
21474837061,BINDING,<empty>,,
21474837062,BINDING,<empty>,,
21474837063,BINDING,<empty>,,
21474837064,BINDING,<empty>,,
21474837065,BINDING,<empty>,,
21474837066,BINDING,<empty>,,
