34359738368,CLOSURE_BINDING,controllers/aiController.ts::program:AIController:<init>:<lambda>6:<lambda>7:<lambda>8:sectionScores,BY_REFERENCE
34359738369,CLOSURE_BINDING,controllers/aiController.ts::program:AIController:<init>:<lambda>6:getAllLatestProjectInsights,BY_REFERENCE
34359738370,CLOSURE_BINDING,controllers/aiController.ts::program:AIController:<init>:getAllLatestProjectInsights,BY_REFERENCE
34359738371,CLOSURE_BINDING,controllers/aiController.ts::program:AIController:<init>:<lambda>5:getProjectInsightsHistoryById,BY_REFERENCE
34359738372,CLOSURE_BINDING,controllers/aiController.ts::program:AIController:<init>:getProjectInsightsHistoryById,BY_REFERENCE
34359738373,CLOSURE_BINDING,controllers/aiController.ts::program:AIController:<init>:<lambda>4:getLatestProjectInsights,BY_REFERENCE
34359738374,CLOSURE_BINDING,controllers/aiController.ts::program:AIController:<init>:getLatestProjectInsights,BY_REFERENCE
34359738375,CLOSURE_BINDING,controllers/aiController.ts::program:AIController:<init>:<lambda>3:saveProjectInsights,BY_REFERENCE
34359738376,CLOSURE_BINDING,controllers/aiController.ts::program:AIController:<init>:saveProjectInsights,BY_REFERENCE
34359738377,CLOSURE_BINDING,controllers/aiController.ts::program:AIController:<init>:<lambda>3:parseAndCorrectInsights,BY_REFERENCE
34359738378,CLOSURE_BINDING,controllers/aiController.ts::program:AIController:<init>:parseAndCorrectInsights,BY_REFERENCE
34359738379,CLOSURE_BINDING,controllers/aiController.ts::program:AIController:<init>:<lambda>3:projectInsightsService,BY_REFERENCE
34359738380,CLOSURE_BINDING,controllers/aiController.ts::program:AIController:<init>:projectInsightsService,BY_REFERENCE
34359738381,CLOSURE_BINDING,controllers/aiController.ts::program:AIController:<init>:<lambda>2:geminiService,BY_REFERENCE
34359738382,CLOSURE_BINDING,controllers/aiController.ts::program:AIController:<init>:geminiService,BY_REFERENCE
34359738383,CLOSURE_BINDING,controllers/aiController.ts::program:AIController:<init>:<lambda>1:geminiService,BY_REFERENCE
34359738384,CLOSURE_BINDING,controllers/aiController.ts::program:AIController:<init>:<lambda>0:geminiService,BY_REFERENCE
34359738385,CLOSURE_BINDING,controllers/commitMetricsController.ts::program:<lambda>2:commitMetricsDbService,BY_REFERENCE
34359738386,CLOSURE_BINDING,controllers/commitMetricsController.ts::program:<lambda>1:commitMetricsDbService,BY_REFERENCE
34359738387,CLOSURE_BINDING,controllers/commitMetricsController.ts::program:<lambda>0:commitMetricsSyncService,BY_REFERENCE
34359738388,CLOSURE_BINDING,controllers/doraMetricsController.ts::program:<lambda>16:getDoraTrends,BY_REFERENCE
34359738389,CLOSURE_BINDING,controllers/doraMetricsController.ts::program:<lambda>15:captureLastWeekSnapshots,BY_REFERENCE
34359738390,CLOSURE_BINDING,controllers/doraMetricsController.ts::program:<lambda>14:getWeeklySnapshotsForProject,BY_REFERENCE
34359738391,CLOSURE_BINDING,controllers/doraMetricsController.ts::program:<lambda>13:deleteTimeToRestoreService,BY_REFERENCE
34359738392,CLOSURE_BINDING,controllers/doraMetricsController.ts::program:<lambda>12:deleteChangeFailureRate,BY_REFERENCE
34359738393,CLOSURE_BINDING,controllers/doraMetricsController.ts::program:<lambda>11:deleteLeadTimeChange,BY_REFERENCE
34359738394,CLOSURE_BINDING,controllers/doraMetricsController.ts::program:<lambda>10:deleteDeploymentFrequency,BY_REFERENCE
34359738395,CLOSURE_BINDING,controllers/doraMetricsController.ts::program:<lambda>9:searchDeploymentsByIdPrefix,BY_REFERENCE
34359738396,CLOSURE_BINDING,controllers/doraMetricsController.ts::program:<lambda>8:calculateDoraMetricsSummary,BY_REFERENCE
34359738397,CLOSURE_BINDING,controllers/doraMetricsController.ts::program:<lambda>7:getTimeToRestoreServiceByProject,BY_REFERENCE
34359738398,CLOSURE_BINDING,controllers/doraMetricsController.ts::program:<lambda>6:getChangeFailureRateByProject,BY_REFERENCE
34359738399,CLOSURE_BINDING,controllers/doraMetricsController.ts::program:<lambda>5:getLeadTimeChangesByProject,BY_REFERENCE
34359738400,CLOSURE_BINDING,controllers/doraMetricsController.ts::program:<lambda>4:getDeploymentFrequencyByProject,BY_REFERENCE
34359738401,CLOSURE_BINDING,controllers/doraMetricsController.ts::program:<lambda>3:saveTimeToRestoreService,BY_REFERENCE
34359738402,CLOSURE_BINDING,controllers/doraMetricsController.ts::program:<lambda>2:saveChangeFailureRate,BY_REFERENCE
34359738403,CLOSURE_BINDING,controllers/doraMetricsController.ts::program:<lambda>1:saveLeadTimeChange,BY_REFERENCE
34359738404,CLOSURE_BINDING,controllers/doraMetricsController.ts::program:<lambda>0:saveDeploymentFrequency,BY_REFERENCE
34359738405,CLOSURE_BINDING,controllers/healthScoreController.ts::program:<lambda>6:getPool,BY_REFERENCE
34359738406,CLOSURE_BINDING,controllers/healthScoreController.ts::program:<lambda>0:<lambda>5:securityMap,BY_REFERENCE
34359738407,CLOSURE_BINDING,controllers/healthScoreController.ts::program:<lambda>0:<lambda>5:maintainabilityMap,BY_REFERENCE
34359738408,CLOSURE_BINDING,controllers/healthScoreController.ts::program:<lambda>0:<lambda>5:reliabilityMap,BY_REFERENCE
34359738409,CLOSURE_BINDING,controllers/healthScoreController.ts::program:<lambda>0:<lambda>5:commitMap,BY_REFERENCE
34359738410,CLOSURE_BINDING,controllers/healthScoreController.ts::program:<lambda>0:<lambda>5:mrMap,BY_REFERENCE
34359738411,CLOSURE_BINDING,controllers/healthScoreController.ts::program:<lambda>0:<lambda>5:issueMap,BY_REFERENCE
34359738412,CLOSURE_BINDING,controllers/healthScoreController.ts::program:<lambda>0:<lambda>3:<lambda>4:map,BY_REFERENCE
34359738413,CLOSURE_BINDING,controllers/healthScoreController.ts::program:<lambda>0:<lambda>1:<lambda>2:allDates,BY_REFERENCE
34359738414,CLOSURE_BINDING,controllers/healthScoreController.ts::program:<lambda>0:<lambda>1:allDates,BY_REFERENCE
34359738415,CLOSURE_BINDING,controllers/healthScoreController.ts::program:<lambda>0:getPool,BY_REFERENCE
34359738416,CLOSURE_BINDING,controllers/issueMetricsController.ts::program:<lambda>3:issueMetricsDbService,BY_REFERENCE
34359738417,CLOSURE_BINDING,controllers/issueMetricsController.ts::program:<lambda>2:issueMetricsDbService,BY_REFERENCE
34359738418,CLOSURE_BINDING,controllers/issueMetricsController.ts::program:<lambda>1:issueMetricsDbService,BY_REFERENCE
34359738419,CLOSURE_BINDING,controllers/issueMetricsController.ts::program:<lambda>0:issueMetricsSyncService,BY_REFERENCE
34359738420,CLOSURE_BINDING,controllers/milestoneMetricsController.ts::program:<lambda>1:milestoneMetricsDbService,BY_REFERENCE
34359738421,CLOSURE_BINDING,controllers/milestoneMetricsController.ts::program:<lambda>0:milestoneMetricsSyncService,BY_REFERENCE
34359738422,CLOSURE_BINDING,controllers/mrMetricsController.ts::program:<lambda>3:mrMetricsDbService,BY_REFERENCE
34359738423,CLOSURE_BINDING,controllers/mrMetricsController.ts::program:<lambda>2:mrMetricsDbService,BY_REFERENCE
34359738424,CLOSURE_BINDING,controllers/mrMetricsController.ts::program:<lambda>1:mrMetricsDbService,BY_REFERENCE
34359738425,CLOSURE_BINDING,controllers/mrMetricsController.ts::program:<lambda>0:mrMetricsSyncService,BY_REFERENCE
34359738426,CLOSURE_BINDING,controllers/projectController.ts::program:ProjectController:<init>:<lambda>13:getProjectsNeedingAttention,BY_REFERENCE
34359738427,CLOSURE_BINDING,controllers/projectController.ts::program:ProjectController:<init>:getProjectsNeedingAttention,BY_REFERENCE
34359738428,CLOSURE_BINDING,controllers/projectController.ts::program:ProjectController:<init>:<lambda>13:getLatestCombinedScores,BY_REFERENCE
34359738429,CLOSURE_BINDING,controllers/projectController.ts::program:ProjectController:<init>:getLatestCombinedScores,BY_REFERENCE
34359738430,CLOSURE_BINDING,controllers/projectController.ts::program:ProjectController:<init>:<lambda>13:getTrackedProjectsCount,BY_REFERENCE
34359738431,CLOSURE_BINDING,controllers/projectController.ts::program:ProjectController:<init>:getTrackedProjectsCount,BY_REFERENCE
34359738432,CLOSURE_BINDING,controllers/projectController.ts::program:ProjectController:<init>:<lambda>13:getTotalProjectsCount,BY_REFERENCE
34359738433,CLOSURE_BINDING,controllers/projectController.ts::program:ProjectController:<init>:getTotalProjectsCount,BY_REFERENCE
34359738434,CLOSURE_BINDING,controllers/projectController.ts::program:ProjectController:<init>:<lambda>11:gitLabMemberService,BY_REFERENCE
34359738435,CLOSURE_BINDING,controllers/projectController.ts::program:ProjectController:<init>:gitLabMemberService,BY_REFERENCE
34359738436,CLOSURE_BINDING,controllers/projectController.ts::program:ProjectController:<init>:<lambda>9:gitlabGroupService,BY_REFERENCE
34359738437,CLOSURE_BINDING,controllers/projectController.ts::program:ProjectController:<init>:gitlabGroupService,BY_REFERENCE
34359738438,CLOSURE_BINDING,controllers/projectController.ts::program:ProjectController:<init>:<lambda>8:untrackProject,BY_REFERENCE
34359738439,CLOSURE_BINDING,controllers/projectController.ts::program:ProjectController:<init>:untrackProject,BY_REFERENCE
34359738440,CLOSURE_BINDING,controllers/projectController.ts::program:ProjectController:<init>:<lambda>7:trackProject,BY_REFERENCE
34359738441,CLOSURE_BINDING,controllers/projectController.ts::program:ProjectController:<init>:trackProject,BY_REFERENCE
34359738442,CLOSURE_BINDING,controllers/projectController.ts::program:ProjectController:<init>:<lambda>6:projectRefreshService,BY_REFERENCE
34359738443,CLOSURE_BINDING,controllers/projectController.ts::program:ProjectController:<init>:projectRefreshService,BY_REFERENCE
34359738444,CLOSURE_BINDING,controllers/projectController.ts::program:ProjectController:<init>:<lambda>5:projectRefreshService,BY_REFERENCE
34359738445,CLOSURE_BINDING,controllers/projectController.ts::program:ProjectController:<init>:<lambda>4:projectSyncService,BY_REFERENCE
34359738446,CLOSURE_BINDING,controllers/projectController.ts::program:ProjectController:<init>:projectSyncService,BY_REFERENCE
34359738447,CLOSURE_BINDING,controllers/projectController.ts::program:ProjectController:<init>:<lambda>3:projectSyncService,BY_REFERENCE
34359738448,CLOSURE_BINDING,controllers/projectController.ts::program:ProjectController:<init>:<lambda>2:projectFetchService,BY_REFERENCE
34359738449,CLOSURE_BINDING,controllers/projectController.ts::program:ProjectController:<init>:projectFetchService,BY_REFERENCE
34359738450,CLOSURE_BINDING,controllers/projectController.ts::program:ProjectController:<init>:<lambda>1:projectFetchService,BY_REFERENCE
34359738451,CLOSURE_BINDING,controllers/projectController.ts::program:ProjectController:<init>:<lambda>0:projectFetchService,BY_REFERENCE
34359738452,CLOSURE_BINDING,controllers/sonarQubeMaintainabilityController.ts::program:<lambda>2:SonarMaintainabilityDbService,BY_REFERENCE
34359738453,CLOSURE_BINDING,controllers/sonarQubeMaintainabilityController.ts::program:<lambda>1:SonarMaintainabilityDbService,BY_REFERENCE
34359738454,CLOSURE_BINDING,controllers/sonarQubeMaintainabilityController.ts::program:<lambda>0:SonarMaintainabilityDbService,BY_REFERENCE
34359738455,CLOSURE_BINDING,controllers/sonarQubeMaintainabilityController.ts::program:<lambda>0:SonarMaintainabilitySyncService,BY_REFERENCE
34359738456,CLOSURE_BINDING,controllers/sonarQubeReliabilityController.ts::program:<lambda>2:SonarReliabilityDbService,BY_REFERENCE
34359738457,CLOSURE_BINDING,controllers/sonarQubeReliabilityController.ts::program:<lambda>1:SonarReliabilityDbService,BY_REFERENCE
34359738458,CLOSURE_BINDING,controllers/sonarQubeReliabilityController.ts::program:<lambda>0:SonarReliabilityDbService,BY_REFERENCE
34359738459,CLOSURE_BINDING,controllers/sonarQubeReliabilityController.ts::program:<lambda>0:SonarReliabilitySyncService,BY_REFERENCE
34359738460,CLOSURE_BINDING,controllers/sonarQubeSecurityController.ts::program:<lambda>2:SonarSecurityDbService,BY_REFERENCE
34359738461,CLOSURE_BINDING,controllers/sonarQubeSecurityController.ts::program:<lambda>1:SonarSecurityDbService,BY_REFERENCE
34359738462,CLOSURE_BINDING,controllers/sonarQubeSecurityController.ts::program:<lambda>0:SonarSecurityDbService,BY_REFERENCE
34359738463,CLOSURE_BINDING,controllers/sonarQubeSecurityController.ts::program:<lambda>0:SonarSecuritySyncService,BY_REFERENCE
34359738464,CLOSURE_BINDING,db/check-monthly-data.ts::program:checkMonthlyData:getPool,BY_REFERENCE
34359738465,CLOSURE_BINDING,db/clear-and-repopulate-dora.ts::program:clearAndRepopulateDoraMetrics:fs,BY_REFERENCE
34359738466,CLOSURE_BINDING,db/clear-and-repopulate-dora.ts::program:clearAndRepopulateDoraMetrics:path,BY_REFERENCE
34359738467,CLOSURE_BINDING,db/clear-and-repopulate-dora.ts::program:clearAndRepopulateDoraMetrics:getPool,BY_REFERENCE
34359738468,CLOSURE_BINDING,db/connection.ts::program:<lambda>3:pool,BY_REFERENCE
34359738469,CLOSURE_BINDING,db/connection.ts::program:<lambda>2:getPool,BY_REFERENCE
34359738470,CLOSURE_BINDING,db/connection.ts::program:<lambda>0:pool,BY_REFERENCE
34359738471,CLOSURE_BINDING,db/connection.ts::program:<lambda>0:<lambda>1:console,BY_REFERENCE
34359738472,CLOSURE_BINDING,db/connection.ts::program:<lambda>0:Pool,BY_REFERENCE
34359738473,CLOSURE_BINDING,db/populate-dora-metrics.ts::program:populateDoraMetrics:fs,BY_REFERENCE
34359738474,CLOSURE_BINDING,db/populate-dora-metrics.ts::program:populateDoraMetrics:path,BY_REFERENCE
34359738475,CLOSURE_BINDING,db/populate-dora-metrics.ts::program:populateDoraMetrics:getPool,BY_REFERENCE
34359738476,CLOSURE_BINDING,db/queries.ts::program:<lambda>25:getPool,BY_REFERENCE
34359738477,CLOSURE_BINDING,db/queries.ts::program:<lambda>24:getPool,BY_REFERENCE
34359738478,CLOSURE_BINDING,db/queries.ts::program:<lambda>23:getPool,BY_REFERENCE
34359738479,CLOSURE_BINDING,db/queries.ts::program:<lambda>22:getPool,BY_REFERENCE
34359738480,CLOSURE_BINDING,db/queries.ts::program:<lambda>21:getPool,BY_REFERENCE
34359738481,CLOSURE_BINDING,db/queries.ts::program:<lambda>20:getPool,BY_REFERENCE
34359738482,CLOSURE_BINDING,db/queries.ts::program:<lambda>19:getPool,BY_REFERENCE
34359738483,CLOSURE_BINDING,db/queries.ts::program:<lambda>18:getPool,BY_REFERENCE
34359738484,CLOSURE_BINDING,db/queries.ts::program:<lambda>17:getPool,BY_REFERENCE
34359738485,CLOSURE_BINDING,db/queries.ts::program:<lambda>16:getPool,BY_REFERENCE
34359738486,CLOSURE_BINDING,db/queries.ts::program:<lambda>15:getPool,BY_REFERENCE
34359738487,CLOSURE_BINDING,db/queries.ts::program:<lambda>14:getPool,BY_REFERENCE
34359738488,CLOSURE_BINDING,db/queries.ts::program:<lambda>13:getPool,BY_REFERENCE
34359738489,CLOSURE_BINDING,db/queries.ts::program:<lambda>12:getProjectUUID,BY_REFERENCE
34359738490,CLOSURE_BINDING,db/queries.ts::program:<lambda>12:getPool,BY_REFERENCE
34359738491,CLOSURE_BINDING,db/queries.ts::program:<lambda>10:getPool,BY_REFERENCE
34359738492,CLOSURE_BINDING,db/queries.ts::program:<lambda>9:getPool,BY_REFERENCE
34359738493,CLOSURE_BINDING,db/queries.ts::program:<lambda>8:getPool,BY_REFERENCE
34359738494,CLOSURE_BINDING,db/queries.ts::program:<lambda>7:setProjectTracked,BY_REFERENCE
34359738495,CLOSURE_BINDING,db/queries.ts::program:<lambda>6:getPool,BY_REFERENCE
34359738496,CLOSURE_BINDING,db/queries.ts::program:<lambda>5:getPool,BY_REFERENCE
34359738497,CLOSURE_BINDING,db/queries.ts::program:<lambda>4:getPool,BY_REFERENCE
34359738498,CLOSURE_BINDING,db/queries.ts::program:<lambda>3:getPool,BY_REFERENCE
34359738499,CLOSURE_BINDING,db/queries.ts::program:<lambda>2:syncProjectToRegistry,BY_REFERENCE
34359738500,CLOSURE_BINDING,db/queries.ts::program:<lambda>1:getPool,BY_REFERENCE
34359738501,CLOSURE_BINDING,db/queries.ts::program:<lambda>0:fs,BY_REFERENCE
34359738502,CLOSURE_BINDING,db/queries.ts::program:<lambda>0:path,BY_REFERENCE
34359738503,CLOSURE_BINDING,db/queries.ts::program:<lambda>0:getPool,BY_REFERENCE
34359738504,CLOSURE_BINDING,index.ts::program:<lambda>2:<lambda>3:PORT,BY_REFERENCE
34359738505,CLOSURE_BINDING,index.ts::program:<lambda>2:PORT,BY_REFERENCE
34359738506,CLOSURE_BINDING,index.ts::program:<lambda>2:<lambda>3:console,BY_REFERENCE
34359738507,CLOSURE_BINDING,index.ts::program:<lambda>2:app,BY_REFERENCE
34359738508,CLOSURE_BINDING,index.ts::program:<lambda>2:initWeeklyDoraSnapshotScheduler,BY_REFERENCE
34359738509,CLOSURE_BINDING,index.ts::program:<lambda>2:autoMapSonarProjectKeys,BY_REFERENCE
34359738510,CLOSURE_BINDING,index.ts::program:<lambda>2:initializeTables,BY_REFERENCE
34359738511,CLOSURE_BINDING,index.ts::program:<lambda>2:connectDB,BY_REFERENCE
34359738512,CLOSURE_BINDING,routes/index.ts::program:<lambda>1:gitlabAuthService,BY_REFERENCE
34359738513,CLOSURE_BINDING,schedulers/weeklyDoraSnapshotScheduler.ts::program:<lambda>0:<lambda>1:console,BY_REFERENCE
34359738514,CLOSURE_BINDING,schedulers/weeklyDoraSnapshotScheduler.ts::program:<lambda>0:<lambda>1:captureLastWeekSnapshots,BY_REFERENCE
34359738515,CLOSURE_BINDING,schedulers/weeklyDoraSnapshotScheduler.ts::program:<lambda>0:captureLastWeekSnapshots,BY_REFERENCE
34359738516,CLOSURE_BINDING,schedulers/weeklyDoraSnapshotScheduler.ts::program:<lambda>0:cron,BY_REFERENCE
34359738517,CLOSURE_BINDING,services/ai/geminiService.ts::program:GeminiService:generateResponseWithExcel:<lambda>1:XLSX,BY_REFERENCE
34359738518,CLOSURE_BINDING,services/ai/geminiService.ts::program:GeminiService:generateResponseWithExcel:XLSX,BY_REFERENCE
34359738519,CLOSURE_BINDING,services/ai/geminiService.ts::program:GeminiService:generateResponseWithExcel:<lambda>1:sheets,BY_REFERENCE
34359738520,CLOSURE_BINDING,services/ai/geminiService.ts::program:GeminiService:generateResponseWithExcel:<lambda>1:workbook,BY_REFERENCE
34359738521,CLOSURE_BINDING,services/ai/geminiService.ts::program:GeminiService:fetchProjectSnapshot:getLatestSnapshotByProjectName,BY_REFERENCE
34359738522,CLOSURE_BINDING,services/ai/geminiService.ts::program:GeminiService:generateTextResponse:<lambda>0:waitTime,BY_REFERENCE
34359738523,CLOSURE_BINDING,services/ai/geminiService.ts::program:GeminiService:initialize:GoogleGenerativeAI,BY_REFERENCE
34359738524,CLOSURE_BINDING,services/ai/googleSheetsService.ts::program:GoogleSheetsService:downloadAsExcel:axios,BY_REFERENCE
34359738525,CLOSURE_BINDING,services/ai/insightsParser.ts::program:<lambda>2:<lambda>3:detailedCalc,BY_REFERENCE
34359738526,CLOSURE_BINDING,services/ai/insightsParser.ts::program:<lambda>2:<lambda>3:extractSectionScore,BY_REFERENCE
34359738527,CLOSURE_BINDING,services/ai/insightsParser.ts::program:<lambda>2:extractSectionScore,BY_REFERENCE
34359738528,CLOSURE_BINDING,services/ai/insightsParser.ts::program:<lambda>2:cleanJsonString,BY_REFERENCE
34359738529,CLOSURE_BINDING,services/ai/projectInsightsService.ts::program:ProjectInsightsService:generateInsights:geminiService,BY_REFERENCE
34359738530,CLOSURE_BINDING,services/ai/projectInsightsService.ts::program:ProjectInsightsService:generateInsights:getLatestSnapshotByProjectName,BY_REFERENCE
34359738531,CLOSURE_BINDING,services/ai/projectInsightsService.ts::program:ProjectInsightsService:generateInsights:<lambda>0:XLSX,BY_REFERENCE
34359738532,CLOSURE_BINDING,services/ai/projectInsightsService.ts::program:ProjectInsightsService:generateInsights:XLSX,BY_REFERENCE
34359738533,CLOSURE_BINDING,services/ai/projectInsightsService.ts::program:ProjectInsightsService:generateInsights:<lambda>0:sheets,BY_REFERENCE
34359738534,CLOSURE_BINDING,services/ai/projectInsightsService.ts::program:ProjectInsightsService:generateInsights:<lambda>0:workbook,BY_REFERENCE
34359738535,CLOSURE_BINDING,services/ai/projectInsightsService.ts::program:ProjectInsightsService:generateInsights:googleSheetsService,BY_REFERENCE
34359738536,CLOSURE_BINDING,services/ai/projectInsightsService.ts::program:ProjectInsightsService:loadPrompt:fs,BY_REFERENCE
34359738537,CLOSURE_BINDING,services/ai/projectInsightsService.ts::program:ProjectInsightsService:<init>:path,BY_REFERENCE
34359738538,CLOSURE_BINDING,services/commitMetrics/commitMetricsCalculationService.ts::program:CommitMetricsCalculationService:calculateBusFactor:<lambda>4:threshold,BY_REFERENCE
34359738539,CLOSURE_BINDING,services/commitMetrics/commitMetricsCalculationService.ts::program:CommitMetricsCalculationService:calculateBusFactor:<lambda>3:contributorMap,BY_REFERENCE
34359738540,CLOSURE_BINDING,services/commitMetrics/commitMetricsCalculationService.ts::program:CommitMetricsCalculationService:calculateLinesAddedDeleted:<lambda>2:total_lines_deleted,BY_REFERENCE
34359738541,CLOSURE_BINDING,services/commitMetrics/commitMetricsCalculationService.ts::program:CommitMetricsCalculationService:calculateLinesAddedDeleted:<lambda>2:total_lines_added,BY_REFERENCE
34359738542,CLOSURE_BINDING,services/commitMetrics/commitMetricsCalculationService.ts::program:CommitMetricsCalculationService:calculateAvgCommitSize:<lambda>1:commits_analyzed,BY_REFERENCE
34359738543,CLOSURE_BINDING,services/commitMetrics/commitMetricsCalculationService.ts::program:CommitMetricsCalculationService:calculateAvgCommitSize:<lambda>1:total_lines_changed,BY_REFERENCE
34359738544,CLOSURE_BINDING,services/commitMetrics/commitMetricsDbService.ts::program:CommitMetricsDbService:deleteMetrics:getPool,BY_REFERENCE
34359738545,CLOSURE_BINDING,services/commitMetrics/commitMetricsDbService.ts::program:CommitMetricsDbService:getMetricsHistory:getPool,BY_REFERENCE
34359738546,CLOSURE_BINDING,services/commitMetrics/commitMetricsDbService.ts::program:CommitMetricsDbService:getAllMetrics:getPool,BY_REFERENCE
34359738547,CLOSURE_BINDING,services/commitMetrics/commitMetricsDbService.ts::program:CommitMetricsDbService:getMetrics:getPool,BY_REFERENCE
34359738548,CLOSURE_BINDING,services/commitMetrics/commitMetricsDbService.ts::program:CommitMetricsDbService:saveHistoricalSnapshot:getPool,BY_REFERENCE
34359738549,CLOSURE_BINDING,services/commitMetrics/commitMetricsDbService.ts::program:CommitMetricsDbService:saveHistoricalSnapshot:calculateCommitHealthScore,BY_REFERENCE
34359738550,CLOSURE_BINDING,services/commitMetrics/commitMetricsDbService.ts::program:CommitMetricsDbService:saveMetrics:getPool,BY_REFERENCE
34359738551,CLOSURE_BINDING,services/commitMetrics/commitMetricsSyncService.ts::program:CommitMetricsSyncService:fetchGitLabData:gitLabCommitService,BY_REFERENCE
34359738552,CLOSURE_BINDING,services/commitMetrics/commitMetricsSyncService.ts::program:CommitMetricsSyncService:syncCommitMetrics:commitMetricsDbService,BY_REFERENCE
34359738553,CLOSURE_BINDING,services/commitMetrics/commitMetricsSyncService.ts::program:CommitMetricsSyncService:syncCommitMetrics:commitMetricsCalculationService,BY_REFERENCE
34359738554,CLOSURE_BINDING,services/doraMetrics/doraMetricsCalculationService.ts::program:<lambda>0:getPool,BY_REFERENCE
34359738555,CLOSURE_BINDING,services/doraMetrics/doraMetricsDbService.ts::program:<lambda>12:getPool,BY_REFERENCE
34359738556,CLOSURE_BINDING,services/doraMetrics/doraMetricsDbService.ts::program:<lambda>11:getPool,BY_REFERENCE
34359738557,CLOSURE_BINDING,services/doraMetrics/doraMetricsDbService.ts::program:<lambda>10:getPool,BY_REFERENCE
34359738558,CLOSURE_BINDING,services/doraMetrics/doraMetricsDbService.ts::program:<lambda>9:getPool,BY_REFERENCE
34359738559,CLOSURE_BINDING,services/doraMetrics/doraMetricsDbService.ts::program:<lambda>8:getPool,BY_REFERENCE
34359738560,CLOSURE_BINDING,services/doraMetrics/doraMetricsDbService.ts::program:<lambda>7:getPool,BY_REFERENCE
34359738561,CLOSURE_BINDING,services/doraMetrics/doraMetricsDbService.ts::program:<lambda>6:getPool,BY_REFERENCE
34359738562,CLOSURE_BINDING,services/doraMetrics/doraMetricsDbService.ts::program:<lambda>5:getPool,BY_REFERENCE
34359738563,CLOSURE_BINDING,services/doraMetrics/doraMetricsDbService.ts::program:<lambda>4:getPool,BY_REFERENCE
34359738564,CLOSURE_BINDING,services/doraMetrics/doraMetricsDbService.ts::program:<lambda>3:getPool,BY_REFERENCE
34359738565,CLOSURE_BINDING,services/doraMetrics/doraMetricsDbService.ts::program:<lambda>2:getPool,BY_REFERENCE
34359738566,CLOSURE_BINDING,services/doraMetrics/doraMetricsDbService.ts::program:<lambda>1:getPool,BY_REFERENCE
34359738567,CLOSURE_BINDING,services/doraMetrics/doraMetricsDbService.ts::program:<lambda>0:getPool,BY_REFERENCE
34359738568,CLOSURE_BINDING,services/doraMetrics/doraTrendsService.ts::program:<lambda>0:calculateTrend,BY_REFERENCE
34359738569,CLOSURE_BINDING,services/doraMetrics/doraTrendsService.ts::program:<lambda>0:<lambda>9:periodMap,BY_REFERENCE
34359738570,CLOSURE_BINDING,services/doraMetrics/doraTrendsService.ts::program:<lambda>0:<lambda>8:periodMap,BY_REFERENCE
34359738571,CLOSURE_BINDING,services/doraMetrics/doraTrendsService.ts::program:<lambda>0:<lambda>7:periodMap,BY_REFERENCE
34359738572,CLOSURE_BINDING,services/doraMetrics/doraTrendsService.ts::program:<lambda>0:<lambda>6:periodMap,BY_REFERENCE
34359738573,CLOSURE_BINDING,services/doraMetrics/doraTrendsService.ts::program:<lambda>0:<lambda>5:periodMap,BY_REFERENCE
34359738574,CLOSURE_BINDING,services/doraMetrics/doraTrendsService.ts::program:<lambda>0:<lambda>4:allPeriods,BY_REFERENCE
34359738575,CLOSURE_BINDING,services/doraMetrics/doraTrendsService.ts::program:<lambda>0:<lambda>3:allPeriods,BY_REFERENCE
34359738576,CLOSURE_BINDING,services/doraMetrics/doraTrendsService.ts::program:<lambda>0:<lambda>2:allPeriods,BY_REFERENCE
34359738577,CLOSURE_BINDING,services/doraMetrics/doraTrendsService.ts::program:<lambda>0:<lambda>1:allPeriods,BY_REFERENCE
34359738578,CLOSURE_BINDING,services/doraMetrics/doraTrendsService.ts::program:<lambda>0:getPool,BY_REFERENCE
34359738579,CLOSURE_BINDING,services/doraMetrics/weeklyDoraSnapshotService.ts::program:<lambda>5:getPool,BY_REFERENCE
34359738580,CLOSURE_BINDING,services/doraMetrics/weeklyDoraSnapshotService.ts::program:<lambda>4:saveWeeklySnapshotsForAllProjects,BY_REFERENCE
34359738581,CLOSURE_BINDING,services/doraMetrics/weeklyDoraSnapshotService.ts::program:<lambda>4:getPreviousWeekDates,BY_REFERENCE
34359738582,CLOSURE_BINDING,services/doraMetrics/weeklyDoraSnapshotService.ts::program:<lambda>1:saveWeeklyDoraSnapshot,BY_REFERENCE
34359738583,CLOSURE_BINDING,services/doraMetrics/weeklyDoraSnapshotService.ts::program:<lambda>1:getPool,BY_REFERENCE
34359738584,CLOSURE_BINDING,services/doraMetrics/weeklyDoraSnapshotService.ts::program:<lambda>0:getPool,BY_REFERENCE
34359738585,CLOSURE_BINDING,services/gitlab/gitLabCommitService.ts::program:GitLabCommitService:<init>:<lambda>2:gitlabClient,BY_REFERENCE
34359738586,CLOSURE_BINDING,services/gitlab/gitLabCommitService.ts::program:GitLabCommitService:<init>:gitlabClient,BY_REFERENCE
34359738587,CLOSURE_BINDING,services/gitlab/gitLabCommitService.ts::program:GitLabCommitService:<init>:<lambda>1:gitlabClient,BY_REFERENCE
34359738588,CLOSURE_BINDING,services/gitlab/gitLabCommitService.ts::program:GitLabCommitService:<init>:<lambda>0:gitlabClient,BY_REFERENCE
34359738589,CLOSURE_BINDING,services/gitlab/gitLabIssueService.ts::program:GitLabIssueService:<init>:<lambda>8:gitlabClient,BY_REFERENCE
34359738590,CLOSURE_BINDING,services/gitlab/gitLabIssueService.ts::program:GitLabIssueService:<init>:gitlabClient,BY_REFERENCE
34359738591,CLOSURE_BINDING,services/gitlab/gitLabIssueService.ts::program:GitLabIssueService:<init>:<lambda>7:gitlabClient,BY_REFERENCE
34359738592,CLOSURE_BINDING,services/gitlab/gitLabIssueService.ts::program:GitLabIssueService:<init>:<lambda>6:gitlabClient,BY_REFERENCE
34359738593,CLOSURE_BINDING,services/gitlab/gitLabIssueService.ts::program:GitLabIssueService:<init>:<lambda>5:gitlabClient,BY_REFERENCE
34359738594,CLOSURE_BINDING,services/gitlab/gitLabIssueService.ts::program:GitLabIssueService:<init>:<lambda>4:gitlabClient,BY_REFERENCE
34359738595,CLOSURE_BINDING,services/gitlab/gitLabIssueService.ts::program:GitLabIssueService:<init>:<lambda>3:gitlabClient,BY_REFERENCE
34359738596,CLOSURE_BINDING,services/gitlab/gitLabIssueService.ts::program:GitLabIssueService:<init>:<lambda>2:gitlabClient,BY_REFERENCE
34359738597,CLOSURE_BINDING,services/gitlab/gitLabIssueService.ts::program:GitLabIssueService:<init>:<lambda>1:gitlabClient,BY_REFERENCE
34359738598,CLOSURE_BINDING,services/gitlab/gitLabIssueService.ts::program:GitLabIssueService:<init>:<lambda>0:gitlabClient,BY_REFERENCE
34359738599,CLOSURE_BINDING,services/gitlab/gitLabMRService.ts::program:GitLabMRService:<init>:<lambda>7:gitlabClient,BY_REFERENCE
34359738600,CLOSURE_BINDING,services/gitlab/gitLabMRService.ts::program:GitLabMRService:<init>:gitlabClient,BY_REFERENCE
34359738601,CLOSURE_BINDING,services/gitlab/gitLabMRService.ts::program:GitLabMRService:<init>:<lambda>6:gitlabClient,BY_REFERENCE
34359738602,CLOSURE_BINDING,services/gitlab/gitLabMRService.ts::program:GitLabMRService:<init>:<lambda>5:gitlabClient,BY_REFERENCE
34359738603,CLOSURE_BINDING,services/gitlab/gitLabMRService.ts::program:GitLabMRService:<init>:<lambda>4:gitlabClient,BY_REFERENCE
34359738604,CLOSURE_BINDING,services/gitlab/gitLabMRService.ts::program:GitLabMRService:<init>:<lambda>3:gitlabClient,BY_REFERENCE
34359738605,CLOSURE_BINDING,services/gitlab/gitLabMRService.ts::program:GitLabMRService:<init>:<lambda>2:gitlabClient,BY_REFERENCE
34359738606,CLOSURE_BINDING,services/gitlab/gitLabMRService.ts::program:GitLabMRService:<init>:<lambda>1:gitlabClient,BY_REFERENCE
34359738607,CLOSURE_BINDING,services/gitlab/gitLabMRService.ts::program:GitLabMRService:<init>:<lambda>0:gitlabClient,BY_REFERENCE
34359738608,CLOSURE_BINDING,services/gitlab/gitLabMemberService.ts::program:GitLabMemberService:<init>:<lambda>1:gitlabClient,BY_REFERENCE
34359738609,CLOSURE_BINDING,services/gitlab/gitLabMemberService.ts::program:GitLabMemberService:<init>:gitlabClient,BY_REFERENCE
34359738610,CLOSURE_BINDING,services/gitlab/gitLabMemberService.ts::program:GitLabMemberService:<init>:<lambda>0:gitlabClient,BY_REFERENCE
34359738611,CLOSURE_BINDING,services/gitlab/gitlabAuthService.ts::program:GitLabAuthService:<init>:<lambda>1:gitlabClient,BY_REFERENCE
34359738612,CLOSURE_BINDING,services/gitlab/gitlabAuthService.ts::program:GitLabAuthService:<init>:gitlabClient,BY_REFERENCE
34359738613,CLOSURE_BINDING,services/gitlab/gitlabAuthService.ts::program:GitLabAuthService:<init>:<lambda>0:gitlabClient,BY_REFERENCE
34359738614,CLOSURE_BINDING,services/gitlab/gitlabClient.ts::program:GitLabClient:<init>:<lambda>0:axios,BY_REFERENCE
34359738615,CLOSURE_BINDING,services/gitlab/gitlabClient.ts::program:GitLabClient:<init>:axios,BY_REFERENCE
34359738616,CLOSURE_BINDING,services/gitlab/gitlabGroupService.ts::program:GitLabGroupService:<init>:<lambda>1:gitlabClient,BY_REFERENCE
34359738617,CLOSURE_BINDING,services/gitlab/gitlabGroupService.ts::program:GitLabGroupService:<init>:gitlabClient,BY_REFERENCE
34359738618,CLOSURE_BINDING,services/gitlab/gitlabGroupService.ts::program:GitLabGroupService:<init>:<lambda>0:gitlabClient,BY_REFERENCE
34359738619,CLOSURE_BINDING,services/gitlab/gitlabMilestoneService.ts::program:GitLabMilestoneService:<init>:<lambda>0:<lambda>1:now,BY_REFERENCE
34359738620,CLOSURE_BINDING,services/gitlab/gitlabMilestoneService.ts::program:GitLabMilestoneService:<init>:<lambda>0:gitlabClient,BY_REFERENCE
34359738621,CLOSURE_BINDING,services/gitlab/gitlabMilestoneService.ts::program:GitLabMilestoneService:<init>:gitlabClient,BY_REFERENCE
34359738622,CLOSURE_BINDING,services/gitlab/gitlabProjectService.ts::program:GitLabProjectService:<init>:<lambda>1:gitlabClient,BY_REFERENCE
34359738623,CLOSURE_BINDING,services/gitlab/gitlabProjectService.ts::program:GitLabProjectService:<init>:gitlabClient,BY_REFERENCE
34359738624,CLOSURE_BINDING,services/gitlab/gitlabProjectService.ts::program:GitLabProjectService:<init>:<lambda>0:gitlabClient,BY_REFERENCE
34359738625,CLOSURE_BINDING,services/issueMetrics/issueMetricsCalculationService.ts::program:IssueMetricsCalculationService:calculateCriticalMetrics:<lambda>5:count,BY_REFERENCE
34359738626,CLOSURE_BINDING,services/issueMetrics/issueMetricsCalculationService.ts::program:IssueMetricsCalculationService:calculateCriticalMetrics:<lambda>5:totalResolutionHours,BY_REFERENCE
34359738627,CLOSURE_BINDING,services/issueMetrics/issueMetricsCalculationService.ts::program:IssueMetricsCalculationService:calculateStaleIssues:<lambda>1:stale_issues_count,BY_REFERENCE
34359738628,CLOSURE_BINDING,services/issueMetrics/issueMetricsCalculationService.ts::program:IssueMetricsCalculationService:calculateStaleIssues:<lambda>1:sixtyDaysAgo,BY_REFERENCE
34359738629,CLOSURE_BINDING,services/issueMetrics/issueMetricsCalculationService.ts::program:IssueMetricsCalculationService:calculateCycleTime:<lambda>0:console,BY_REFERENCE
34359738630,CLOSURE_BINDING,services/issueMetrics/issueMetricsCalculationService.ts::program:IssueMetricsCalculationService:calculateCycleTime:<lambda>0:issues_with_resolution_time,BY_REFERENCE
34359738631,CLOSURE_BINDING,services/issueMetrics/issueMetricsCalculationService.ts::program:IssueMetricsCalculationService:calculateCycleTime:<lambda>0:total_resolution_hours,BY_REFERENCE
34359738632,CLOSURE_BINDING,services/issueMetrics/issueMetricsDbService.ts::program:IssueMetricsDbService:deleteMetrics:getPool,BY_REFERENCE
34359738633,CLOSURE_BINDING,services/issueMetrics/issueMetricsDbService.ts::program:IssueMetricsDbService:getAllMetrics:getPool,BY_REFERENCE
34359738634,CLOSURE_BINDING,services/issueMetrics/issueMetricsDbService.ts::program:IssueMetricsDbService:getWeekOverWeekTrends:getPool,BY_REFERENCE
34359738635,CLOSURE_BINDING,services/issueMetrics/issueMetricsDbService.ts::program:IssueMetricsDbService:getMetricsHistory:getPool,BY_REFERENCE
34359738636,CLOSURE_BINDING,services/issueMetrics/issueMetricsDbService.ts::program:IssueMetricsDbService:getMetrics:getPool,BY_REFERENCE
34359738637,CLOSURE_BINDING,services/issueMetrics/issueMetricsDbService.ts::program:IssueMetricsDbService:saveHistoricalSnapshot:getPool,BY_REFERENCE
34359738638,CLOSURE_BINDING,services/issueMetrics/issueMetricsDbService.ts::program:IssueMetricsDbService:saveHistoricalSnapshot:calculateIssueHealthScore,BY_REFERENCE
34359738639,CLOSURE_BINDING,services/issueMetrics/issueMetricsDbService.ts::program:IssueMetricsDbService:saveMetrics:getPool,BY_REFERENCE
34359738640,CLOSURE_BINDING,services/issueMetrics/issueMetricsSyncService.ts::program:IssueMetricsSyncService:calculateMRLinkRate:gitLabIssueService,BY_REFERENCE
34359738641,CLOSURE_BINDING,services/issueMetrics/issueMetricsSyncService.ts::program:IssueMetricsSyncService:calculateReopenRate:issueMetricsCalculationService,BY_REFERENCE
34359738642,CLOSURE_BINDING,services/issueMetrics/issueMetricsSyncService.ts::program:IssueMetricsSyncService:calculateReopenRate:gitLabIssueService,BY_REFERENCE
34359738643,CLOSURE_BINDING,services/issueMetrics/issueMetricsSyncService.ts::program:IssueMetricsSyncService:fetchGitLabData:gitLabIssueService,BY_REFERENCE
34359738644,CLOSURE_BINDING,services/issueMetrics/issueMetricsSyncService.ts::program:IssueMetricsSyncService:syncIssueMetrics:issueMetricsDbService,BY_REFERENCE
34359738645,CLOSURE_BINDING,services/issueMetrics/issueMetricsSyncService.ts::program:IssueMetricsSyncService:syncIssueMetrics:issueMetricsCalculationService,BY_REFERENCE
34359738646,CLOSURE_BINDING,services/milestoneMetrics/milestoneMetricsDbService.ts::program:MilestoneMetricsDbService:getMetrics:getPool,BY_REFERENCE
34359738647,CLOSURE_BINDING,services/milestoneMetrics/milestoneMetricsDbService.ts::program:MilestoneMetricsDbService:saveMetrics:getPool,BY_REFERENCE
34359738648,CLOSURE_BINDING,services/milestoneMetrics/milestoneMetricsSyncService.ts::program:MilestoneMetricsSyncService:fetchIssueCounts:<lambda>0:projectId,BY_REFERENCE
34359738649,CLOSURE_BINDING,services/milestoneMetrics/milestoneMetricsSyncService.ts::program:MilestoneMetricsSyncService:fetchIssueCounts:<lambda>0:client,BY_REFERENCE
34359738650,CLOSURE_BINDING,services/milestoneMetrics/milestoneMetricsSyncService.ts::program:MilestoneMetricsSyncService:fetchIssueCounts:gitlabClient,BY_REFERENCE
34359738651,CLOSURE_BINDING,services/milestoneMetrics/milestoneMetricsSyncService.ts::program:MilestoneMetricsSyncService:syncMilestoneMetrics:milestoneMetricsDbService,BY_REFERENCE
34359738652,CLOSURE_BINDING,services/milestoneMetrics/milestoneMetricsSyncService.ts::program:MilestoneMetricsSyncService:syncMilestoneMetrics:milestoneMetricsCalculationService,BY_REFERENCE
34359738653,CLOSURE_BINDING,services/milestoneMetrics/milestoneMetricsSyncService.ts::program:MilestoneMetricsSyncService:syncMilestoneMetrics:gitlabMilestoneService,BY_REFERENCE
34359738654,CLOSURE_BINDING,services/mrMetrics/mrMetricsCalculationService.ts::program:MRMetricsCalculationService:calculateStaleMRs:<lambda>1:stale_mrs_count,BY_REFERENCE
34359738655,CLOSURE_BINDING,services/mrMetrics/mrMetricsCalculationService.ts::program:MRMetricsCalculationService:calculateStaleMRs:<lambda>1:fourteenDaysAgo,BY_REFERENCE
34359738656,CLOSURE_BINDING,services/mrMetrics/mrMetricsCalculationService.ts::program:MRMetricsCalculationService:calculateMergeTime:<lambda>0:mrs_with_merge_time,BY_REFERENCE
34359738657,CLOSURE_BINDING,services/mrMetrics/mrMetricsCalculationService.ts::program:MRMetricsCalculationService:calculateMergeTime:<lambda>0:total_merge_time_hours,BY_REFERENCE
34359738658,CLOSURE_BINDING,services/mrMetrics/mrMetricsDbService.ts::program:MRMetricsDbService:deleteMetrics:getPool,BY_REFERENCE
34359738659,CLOSURE_BINDING,services/mrMetrics/mrMetricsDbService.ts::program:MRMetricsDbService:getAllMetrics:getPool,BY_REFERENCE
34359738660,CLOSURE_BINDING,services/mrMetrics/mrMetricsDbService.ts::program:MRMetricsDbService:getWeekOverWeekTrends:getPool,BY_REFERENCE
34359738661,CLOSURE_BINDING,services/mrMetrics/mrMetricsDbService.ts::program:MRMetricsDbService:getMetricsHistory:getPool,BY_REFERENCE
34359738662,CLOSURE_BINDING,services/mrMetrics/mrMetricsDbService.ts::program:MRMetricsDbService:getMetrics:getPool,BY_REFERENCE
34359738663,CLOSURE_BINDING,services/mrMetrics/mrMetricsDbService.ts::program:MRMetricsDbService:saveHistoricalSnapshot:getPool,BY_REFERENCE
34359738664,CLOSURE_BINDING,services/mrMetrics/mrMetricsDbService.ts::program:MRMetricsDbService:saveHistoricalSnapshot:calculateMRHealthScore,BY_REFERENCE
34359738665,CLOSURE_BINDING,services/mrMetrics/mrMetricsDbService.ts::program:MRMetricsDbService:saveMetrics:getPool,BY_REFERENCE
34359738666,CLOSURE_BINDING,services/mrMetrics/mrMetricsSyncService.ts::program:MRMetricsSyncService:calculateReviewComments:gitLabMRService,BY_REFERENCE
34359738667,CLOSURE_BINDING,services/mrMetrics/mrMetricsSyncService.ts::program:MRMetricsSyncService:fetchGitLabData:gitLabMRService,BY_REFERENCE
34359738668,CLOSURE_BINDING,services/mrMetrics/mrMetricsSyncService.ts::program:MRMetricsSyncService:syncMRMetrics:mrMetricsDbService,BY_REFERENCE
34359738669,CLOSURE_BINDING,services/mrMetrics/mrMetricsSyncService.ts::program:MRMetricsSyncService:syncMRMetrics:mrMetricsCalculationService,BY_REFERENCE
34359738670,CLOSURE_BINDING,services/project/projectEnrichmentService.ts::program:ProjectEnrichmentService:<init>:<lambda>4:SonarQubeService,BY_REFERENCE
34359738671,CLOSURE_BINDING,services/project/projectEnrichmentService.ts::program:ProjectEnrichmentService:<init>:SonarQubeService,BY_REFERENCE
34359738672,CLOSURE_BINDING,services/project/projectEnrichmentService.ts::program:ProjectEnrichmentService:<init>:<lambda>4:getSonarProjectKey,BY_REFERENCE
34359738673,CLOSURE_BINDING,services/project/projectEnrichmentService.ts::program:ProjectEnrichmentService:<init>:getSonarProjectKey,BY_REFERENCE
34359738674,CLOSURE_BINDING,services/project/projectEnrichmentService.ts::program:ProjectEnrichmentService:<init>:<lambda>3:gitLabMilestoneService,BY_REFERENCE
34359738675,CLOSURE_BINDING,services/project/projectEnrichmentService.ts::program:ProjectEnrichmentService:<init>:gitLabMilestoneService,BY_REFERENCE
34359738676,CLOSURE_BINDING,services/project/projectEnrichmentService.ts::program:ProjectEnrichmentService:<init>:<lambda>2:gitLabMRService,BY_REFERENCE
34359738677,CLOSURE_BINDING,services/project/projectEnrichmentService.ts::program:ProjectEnrichmentService:<init>:gitLabMRService,BY_REFERENCE
34359738678,CLOSURE_BINDING,services/project/projectEnrichmentService.ts::program:ProjectEnrichmentService:<init>:<lambda>1:gitLabIssueService,BY_REFERENCE
34359738679,CLOSURE_BINDING,services/project/projectEnrichmentService.ts::program:ProjectEnrichmentService:<init>:gitLabIssueService,BY_REFERENCE
34359738680,CLOSURE_BINDING,services/project/projectEnrichmentService.ts::program:ProjectEnrichmentService:<init>:<lambda>0:gitlabGroupService,BY_REFERENCE
34359738681,CLOSURE_BINDING,services/project/projectEnrichmentService.ts::program:ProjectEnrichmentService:<init>:gitlabGroupService,BY_REFERENCE
34359738682,CLOSURE_BINDING,services/project/projectFetchService.ts::program:rojectFetchService:<init>:<lambda>2:projectTransformService,BY_REFERENCE
34359738683,CLOSURE_BINDING,services/project/projectFetchService.ts::program:rojectFetchService:<init>:projectTransformService,BY_REFERENCE
34359738684,CLOSURE_BINDING,services/project/projectFetchService.ts::program:rojectFetchService:<init>:<lambda>2:getProjectById,BY_REFERENCE
34359738685,CLOSURE_BINDING,services/project/projectFetchService.ts::program:rojectFetchService:<init>:getProjectById,BY_REFERENCE
34359738686,CLOSURE_BINDING,services/project/projectFetchService.ts::program:rojectFetchService:<init>:<lambda>1:projectTransformService,BY_REFERENCE
34359738687,CLOSURE_BINDING,services/project/projectFetchService.ts::program:rojectFetchService:<init>:<lambda>1:getLatestSnapshotsForTrackedProjects,BY_REFERENCE
34359738688,CLOSURE_BINDING,services/project/projectFetchService.ts::program:rojectFetchService:<init>:getLatestSnapshotsForTrackedProjects,BY_REFERENCE
34359738689,CLOSURE_BINDING,services/project/projectFetchService.ts::program:rojectFetchService:<init>:<lambda>0:projectTransformService,BY_REFERENCE
34359738690,CLOSURE_BINDING,services/project/projectFetchService.ts::program:rojectFetchService:<init>:<lambda>0:getAllProjectsFromRegistry,BY_REFERENCE
34359738691,CLOSURE_BINDING,services/project/projectFetchService.ts::program:rojectFetchService:<init>:getAllProjectsFromRegistry,BY_REFERENCE
34359738692,CLOSURE_BINDING,services/project/projectRefreshService.ts::program:ProjectRefreshService:<init>:<lambda>6:getTrackedProjectIds,BY_REFERENCE
34359738693,CLOSURE_BINDING,services/project/projectRefreshService.ts::program:ProjectRefreshService:<init>:getTrackedProjectIds,BY_REFERENCE
34359738694,CLOSURE_BINDING,services/project/projectRefreshService.ts::program:ProjectRefreshService:<init>:<lambda>5:insertProjectSnapshot,BY_REFERENCE
34359738695,CLOSURE_BINDING,services/project/projectRefreshService.ts::program:ProjectRefreshService:<init>:insertProjectSnapshot,BY_REFERENCE
34359738696,CLOSURE_BINDING,services/project/projectRefreshService.ts::program:ProjectRefreshService:<init>:<lambda>5:gitlabProjectService,BY_REFERENCE
34359738697,CLOSURE_BINDING,services/project/projectRefreshService.ts::program:ProjectRefreshService:<init>:gitlabProjectService,BY_REFERENCE
34359738698,CLOSURE_BINDING,services/project/projectRefreshService.ts::program:ProjectRefreshService:<init>:<lambda>4:SonarQubeService,BY_REFERENCE
34359738699,CLOSURE_BINDING,services/project/projectRefreshService.ts::program:ProjectRefreshService:<init>:SonarQubeService,BY_REFERENCE
34359738700,CLOSURE_BINDING,services/project/projectRefreshService.ts::program:ProjectRefreshService:<init>:<lambda>4:getSonarProjectKey,BY_REFERENCE
34359738701,CLOSURE_BINDING,services/project/projectRefreshService.ts::program:ProjectRefreshService:<init>:getSonarProjectKey,BY_REFERENCE
34359738702,CLOSURE_BINDING,services/project/projectRefreshService.ts::program:ProjectRefreshService:<init>:<lambda>2:gitLabMilestoneService,BY_REFERENCE
34359738703,CLOSURE_BINDING,services/project/projectRefreshService.ts::program:ProjectRefreshService:<init>:gitLabMilestoneService,BY_REFERENCE
34359738704,CLOSURE_BINDING,services/project/projectRefreshService.ts::program:ProjectRefreshService:<init>:<lambda>1:gitLabMRService,BY_REFERENCE
34359738705,CLOSURE_BINDING,services/project/projectRefreshService.ts::program:ProjectRefreshService:<init>:gitLabMRService,BY_REFERENCE
34359738706,CLOSURE_BINDING,services/project/projectRefreshService.ts::program:ProjectRefreshService:<init>:<lambda>0:gitLabIssueService,BY_REFERENCE
34359738707,CLOSURE_BINDING,services/project/projectRefreshService.ts::program:ProjectRefreshService:<init>:gitLabIssueService,BY_REFERENCE
34359738708,CLOSURE_BINDING,services/project/projectSyncService.ts::program:ProjectSyncService:<init>:<lambda>2:projectTransformService,BY_REFERENCE
34359738709,CLOSURE_BINDING,services/project/projectSyncService.ts::program:ProjectSyncService:<init>:projectTransformService,BY_REFERENCE
34359738710,CLOSURE_BINDING,services/project/projectSyncService.ts::program:ProjectSyncService:<init>:<lambda>2:<lambda>4:projectId,BY_REFERENCE
34359738711,CLOSURE_BINDING,services/project/projectSyncService.ts::program:ProjectSyncService:<init>:<lambda>2:getAllProjectsFromRegistry,BY_REFERENCE
34359738712,CLOSURE_BINDING,services/project/projectSyncService.ts::program:ProjectSyncService:<init>:getAllProjectsFromRegistry,BY_REFERENCE
34359738713,CLOSURE_BINDING,services/project/projectSyncService.ts::program:ProjectSyncService:<init>:<lambda>2:autoMapSonarProjectKeys,BY_REFERENCE
34359738714,CLOSURE_BINDING,services/project/projectSyncService.ts::program:ProjectSyncService:<init>:autoMapSonarProjectKeys,BY_REFERENCE
34359738715,CLOSURE_BINDING,services/project/projectSyncService.ts::program:ProjectSyncService:<init>:<lambda>2:syncProjectsToRegistry,BY_REFERENCE
34359738716,CLOSURE_BINDING,services/project/projectSyncService.ts::program:ProjectSyncService:<init>:syncProjectsToRegistry,BY_REFERENCE
34359738717,CLOSURE_BINDING,services/project/projectSyncService.ts::program:ProjectSyncService:<init>:<lambda>2:gitLabMemberService,BY_REFERENCE
34359738718,CLOSURE_BINDING,services/project/projectSyncService.ts::program:ProjectSyncService:<init>:gitLabMemberService,BY_REFERENCE
34359738719,CLOSURE_BINDING,services/project/projectSyncService.ts::program:ProjectSyncService:<init>:<lambda>2:gitlabProjectService,BY_REFERENCE
34359738720,CLOSURE_BINDING,services/project/projectSyncService.ts::program:ProjectSyncService:<init>:gitlabProjectService,BY_REFERENCE
34359738721,CLOSURE_BINDING,services/project/projectSyncService.ts::program:ProjectSyncService:<init>:<lambda>0:projectTransformService,BY_REFERENCE
34359738722,CLOSURE_BINDING,services/project/projectSyncService.ts::program:ProjectSyncService:<init>:<lambda>0:getAllProjectsFromRegistry,BY_REFERENCE
34359738723,CLOSURE_BINDING,services/project/projectSyncService.ts::program:ProjectSyncService:<init>:<lambda>0:autoMapSonarProjectKeys,BY_REFERENCE
34359738724,CLOSURE_BINDING,services/project/projectSyncService.ts::program:ProjectSyncService:<init>:<lambda>0:syncProjectsToRegistry,BY_REFERENCE
34359738725,CLOSURE_BINDING,services/project/projectSyncService.ts::program:ProjectSyncService:<init>:<lambda>0:gitLabMemberService,BY_REFERENCE
34359738726,CLOSURE_BINDING,services/project/projectSyncService.ts::program:ProjectSyncService:<init>:<lambda>0:gitlabProjectService,BY_REFERENCE
34359738727,CLOSURE_BINDING,services/sonarMaintainability/sonarMaintainabilityApiService.ts::program:SonarMaintainabilityApiService:getNewCodePeriod:axios,BY_REFERENCE
34359738728,CLOSURE_BINDING,services/sonarMaintainability/sonarMaintainabilityApiService.ts::program:SonarMaintainabilityApiService:getIssueCount:axios,BY_REFERENCE
34359738729,CLOSURE_BINDING,services/sonarMaintainability/sonarMaintainabilityApiService.ts::program:SonarMaintainabilityApiService:getMaintainabilityMetrics:axios,BY_REFERENCE
34359738730,CLOSURE_BINDING,services/sonarMaintainability/sonarMaintainabilityCalculationService.ts::program:SonarMaintainabilityCalculationService:calculateMetrics:<lambda>0:<lambda>1:key,BY_REFERENCE
34359738731,CLOSURE_BINDING,services/sonarMaintainability/sonarMaintainabilityCalculationService.ts::program:SonarMaintainabilityCalculationService:calculateMetrics:<lambda>0:measures,BY_REFERENCE
34359738732,CLOSURE_BINDING,services/sonarMaintainability/sonarMaintainabilityDbService.ts::program:SonarMaintainabilityDbService:deleteMetrics:getPool,BY_REFERENCE
34359738733,CLOSURE_BINDING,services/sonarMaintainability/sonarMaintainabilityDbService.ts::program:SonarMaintainabilityDbService:getAllMetrics:getPool,BY_REFERENCE
34359738734,CLOSURE_BINDING,services/sonarMaintainability/sonarMaintainabilityDbService.ts::program:SonarMaintainabilityDbService:getMetricsHistory:getPool,BY_REFERENCE
34359738735,CLOSURE_BINDING,services/sonarMaintainability/sonarMaintainabilityDbService.ts::program:SonarMaintainabilityDbService:getMetrics:getPool,BY_REFERENCE
34359738736,CLOSURE_BINDING,services/sonarMaintainability/sonarMaintainabilityDbService.ts::program:SonarMaintainabilityDbService:saveHistoricalSnapshot:calculateMaintainabilityHealthScore,BY_REFERENCE
34359738737,CLOSURE_BINDING,services/sonarMaintainability/sonarMaintainabilityDbService.ts::program:SonarMaintainabilityDbService:saveHistoricalSnapshot:getPool,BY_REFERENCE
34359738738,CLOSURE_BINDING,services/sonarMaintainability/sonarMaintainabilityDbService.ts::program:SonarMaintainabilityDbService:saveMetrics:getPool,BY_REFERENCE
34359738739,CLOSURE_BINDING,services/sonarMaintainability/sonarMaintainabilitySyncService.ts::program:SonarMaintainabilitySyncService:syncMaintainabilityMetrics:getSonarProjectKey,BY_REFERENCE
34359738740,CLOSURE_BINDING,services/sonarMaintainability/sonarMaintainabilitySyncService.ts::program:SonarMaintainabilitySyncService:<init>:SonarMaintainabilityDbService,BY_REFERENCE
34359738741,CLOSURE_BINDING,services/sonarMaintainability/sonarMaintainabilitySyncService.ts::program:SonarMaintainabilitySyncService:<init>:SonarMaintainabilityCalculationService,BY_REFERENCE
34359738742,CLOSURE_BINDING,services/sonarMaintainability/sonarMaintainabilitySyncService.ts::program:SonarMaintainabilitySyncService:<init>:SonarMaintainabilityApiService,BY_REFERENCE
34359738743,CLOSURE_BINDING,services/sonarReliability/sonarReliabilityApiService.ts::program:SonarReliabilityApiService:getBugCount:axios,BY_REFERENCE
34359738744,CLOSURE_BINDING,services/sonarReliability/sonarReliabilityApiService.ts::program:SonarReliabilityApiService:getReliabilityMetrics:axios,BY_REFERENCE
34359738745,CLOSURE_BINDING,services/sonarReliability/sonarReliabilityCalculationService.ts::program:SonarReliabilityCalculationService:calculateMetrics:<lambda>0:<lambda>1:key,BY_REFERENCE
34359738746,CLOSURE_BINDING,services/sonarReliability/sonarReliabilityCalculationService.ts::program:SonarReliabilityCalculationService:calculateMetrics:<lambda>0:measures,BY_REFERENCE
34359738747,CLOSURE_BINDING,services/sonarReliability/sonarReliabilityDbService.ts::program:SonarReliabilityDbService:deleteMetrics:getPool,BY_REFERENCE
34359738748,CLOSURE_BINDING,services/sonarReliability/sonarReliabilityDbService.ts::program:SonarReliabilityDbService:getMetricsHistory:getPool,BY_REFERENCE
34359738749,CLOSURE_BINDING,services/sonarReliability/sonarReliabilityDbService.ts::program:SonarReliabilityDbService:getMetrics:getPool,BY_REFERENCE
34359738750,CLOSURE_BINDING,services/sonarReliability/sonarReliabilityDbService.ts::program:SonarReliabilityDbService:saveHistoricalSnapshot:calculateReliabilityHealthScore,BY_REFERENCE
34359738751,CLOSURE_BINDING,services/sonarReliability/sonarReliabilityDbService.ts::program:SonarReliabilityDbService:saveHistoricalSnapshot:getPool,BY_REFERENCE
34359738752,CLOSURE_BINDING,services/sonarReliability/sonarReliabilityDbService.ts::program:SonarReliabilityDbService:saveMetrics:getPool,BY_REFERENCE
34359738753,CLOSURE_BINDING,services/sonarReliability/sonarReliabilitySyncService.ts::program:SonarReliabilitySyncService:syncReliabilityMetrics:getSonarProjectKey,BY_REFERENCE
34359738754,CLOSURE_BINDING,services/sonarReliability/sonarReliabilitySyncService.ts::program:SonarReliabilitySyncService:<init>:SonarReliabilityDbService,BY_REFERENCE
34359738755,CLOSURE_BINDING,services/sonarReliability/sonarReliabilitySyncService.ts::program:SonarReliabilitySyncService:<init>:SonarReliabilityCalculationService,BY_REFERENCE
34359738756,CLOSURE_BINDING,services/sonarReliability/sonarReliabilitySyncService.ts::program:SonarReliabilitySyncService:<init>:SonarReliabilityApiService,BY_REFERENCE
34359738757,CLOSURE_BINDING,services/sonarSecurity/sonarSecurityApiService.ts::program:SonarSecurityApiService:getSecurityMetrics:axios,BY_REFERENCE
34359738758,CLOSURE_BINDING,services/sonarSecurity/sonarSecurityCalculationService.ts::program:SonarSecurityCalculationService:calculateMetrics:<lambda>0:<lambda>1:key,BY_REFERENCE
34359738759,CLOSURE_BINDING,services/sonarSecurity/sonarSecurityCalculationService.ts::program:SonarSecurityCalculationService:calculateMetrics:<lambda>0:measures,BY_REFERENCE
34359738760,CLOSURE_BINDING,services/sonarSecurity/sonarSecurityDbService.ts::program:SonarSecurityDbService:deleteMetrics:getPool,BY_REFERENCE
34359738761,CLOSURE_BINDING,services/sonarSecurity/sonarSecurityDbService.ts::program:SonarSecurityDbService:getMetricsHistory:getPool,BY_REFERENCE
34359738762,CLOSURE_BINDING,services/sonarSecurity/sonarSecurityDbService.ts::program:SonarSecurityDbService:getMetrics:getPool,BY_REFERENCE
34359738763,CLOSURE_BINDING,services/sonarSecurity/sonarSecurityDbService.ts::program:SonarSecurityDbService:saveHistoricalSnapshot:calculateSecurityHealthScore,BY_REFERENCE
34359738764,CLOSURE_BINDING,services/sonarSecurity/sonarSecurityDbService.ts::program:SonarSecurityDbService:saveHistoricalSnapshot:getPool,BY_REFERENCE
34359738765,CLOSURE_BINDING,services/sonarSecurity/sonarSecurityDbService.ts::program:SonarSecurityDbService:saveMetrics:getPool,BY_REFERENCE
34359738766,CLOSURE_BINDING,services/sonarSecurity/sonarSecuritySyncService.ts::program:SonarSecuritySyncService:syncSecurityMetrics:getSonarProjectKey,BY_REFERENCE
34359738767,CLOSURE_BINDING,services/sonarSecurity/sonarSecuritySyncService.ts::program:SonarSecuritySyncService:<init>:SonarSecurityDbService,BY_REFERENCE
34359738768,CLOSURE_BINDING,services/sonarSecurity/sonarSecuritySyncService.ts::program:SonarSecuritySyncService:<init>:SonarSecurityCalculationService,BY_REFERENCE
34359738769,CLOSURE_BINDING,services/sonarSecurity/sonarSecuritySyncService.ts::program:SonarSecuritySyncService:<init>:SonarSecurityApiService,BY_REFERENCE
34359738770,CLOSURE_BINDING,services/sonarqube/autoMapSonarProjectKeys.ts::program:getSonarProjectKey:getPool,BY_REFERENCE
34359738771,CLOSURE_BINDING,services/sonarqube/autoMapSonarProjectKeys.ts::program:autoMapSonarProjectKeys:<lambda>1:dbNorm,BY_REFERENCE
34359738772,CLOSURE_BINDING,services/sonarqube/autoMapSonarProjectKeys.ts::program:autoMapSonarProjectKeys:<lambda>1:normalize,BY_REFERENCE
34359738773,CLOSURE_BINDING,services/sonarqube/autoMapSonarProjectKeys.ts::program:autoMapSonarProjectKeys:<lambda>0:dbNorm,BY_REFERENCE
34359738774,CLOSURE_BINDING,services/sonarqube/autoMapSonarProjectKeys.ts::program:autoMapSonarProjectKeys:<lambda>0:normalize,BY_REFERENCE
34359738775,CLOSURE_BINDING,services/sonarqube/autoMapSonarProjectKeys.ts::program:autoMapSonarProjectKeys:axios,BY_REFERENCE
34359738776,CLOSURE_BINDING,services/sonarqube/autoMapSonarProjectKeys.ts::program:autoMapSonarProjectKeys:getPool,BY_REFERENCE
34359738777,CLOSURE_BINDING,services/sonarqube/sonarQubeService.ts::program:SonarQubeService:fetchIssueCounts:<lambda>0:console,BY_REFERENCE
34359738778,CLOSURE_BINDING,services/sonarqube/sonarQubeService.ts::program:SonarQubeService:fetchIssueCounts:<lambda>0:projectKey,BY_REFERENCE
34359738779,CLOSURE_BINDING,services/sonarqube/sonarQubeService.ts::program:SonarQubeService:fetchIssueCounts:<lambda>0:axios,BY_REFERENCE
34359738780,CLOSURE_BINDING,services/sonarqube/sonarQubeService.ts::program:SonarQubeService:fetchIssueCounts:axios,BY_REFERENCE
