128849018880,MODIFIER,<empty>,19,12,VIRTUAL,,,5
128849018881,MODIFIER,<empty>,19,12,LAMBDA,,,6
128849018882,MODIFIER,<empty>,17,32,VIRTUAL,,,5
128849018883,MODIFIER,<empty>,17,32,LAMBDA,,,6
128849018884,MODIFIER,<empty>,20,50,VIRTUAL,,,5
128849018885,MODIFIER,<empty>,20,50,LAMBDA,,,6
128849018886,MODIFIER,<empty>,28,85,VIRTUAL,,,5
128849018887,MODIFIER,<empty>,28,85,LAMBDA,,,6
128849018888,MODIFIER,<empty>,23,123,VIRTUAL,,,5
128849018889,MODIFIER,<empty>,23,123,LAMBDA,,,6
128849018890,MODIFIER,<empty>,34,160,VIRTUAL,,,5
128849018891,MODIFIER,<empty>,34,160,LAMBDA,,,6
128849018892,MODIFIER,<empty>,46,210,VIRTUAL,,,4
128849018893,MODIFIER,<empty>,46,210,LAMBDA,,,5
128849018894,MODIFIER,<empty>,48,204,VIRTUAL,,,4
128849018895,MODIFIER,<empty>,48,204,LAMBDA,,,5
128849018896,MODIFIER,<empty>,26,191,VIRTUAL,,,5
128849018897,MODIFIER,<empty>,26,191,LAMBDA,,,6
128849018898,MODIFIER,<empty>,0,8,VIRTUAL,,,3
128849018899,MODIFIER,<empty>,,,CONSTRUCTOR,,,-1
128849018900,MODIFIER,<empty>,0,1,MODULE,,,3
128849018901,MODIFIER,<empty>,36,13,VIRTUAL,,,5
128849018902,MODIFIER,<empty>,36,13,LAMBDA,,,6
128849018903,MODIFIER,<empty>,32,43,VIRTUAL,,,5
128849018904,MODIFIER,<empty>,32,43,LAMBDA,,,6
128849018905,MODIFIER,<empty>,39,80,VIRTUAL,,,5
128849018906,MODIFIER,<empty>,39,80,LAMBDA,,,6
128849018907,MODIFIER,<empty>,0,1,MODULE,,,3
128849018908,MODIFIER,<empty>,41,31,VIRTUAL,,,5
128849018909,MODIFIER,<empty>,41,31,LAMBDA,,,6
128849018910,MODIFIER,<empty>,36,72,VIRTUAL,,,5
128849018911,MODIFIER,<empty>,36,72,LAMBDA,,,6
128849018912,MODIFIER,<empty>,39,123,VIRTUAL,,,5
128849018913,MODIFIER,<empty>,39,123,LAMBDA,,,6
128849018914,MODIFIER,<empty>,42,164,VIRTUAL,,,5
128849018915,MODIFIER,<empty>,42,164,LAMBDA,,,6
128849018916,MODIFIER,<empty>,38,216,VIRTUAL,,,5
128849018917,MODIFIER,<empty>,38,216,LAMBDA,,,6
128849018918,MODIFIER,<empty>,34,240,VIRTUAL,,,5
128849018919,MODIFIER,<empty>,34,240,LAMBDA,,,6
128849018920,MODIFIER,<empty>,37,264,VIRTUAL,,,5
128849018921,MODIFIER,<empty>,37,264,LAMBDA,,,6
128849018922,MODIFIER,<empty>,40,288,VIRTUAL,,,5
128849018923,MODIFIER,<empty>,40,288,LAMBDA,,,6
128849018924,MODIFIER,<empty>,37,312,VIRTUAL,,,5
128849018925,MODIFIER,<empty>,37,312,LAMBDA,,,6
128849018926,MODIFIER,<empty>,33,338,VIRTUAL,,,5
128849018927,MODIFIER,<empty>,33,338,LAMBDA,,,6
128849018928,MODIFIER,<empty>,47,370,VIRTUAL,,,5
128849018929,MODIFIER,<empty>,47,370,LAMBDA,,,6
128849018930,MODIFIER,<empty>,42,399,VIRTUAL,,,5
128849018931,MODIFIER,<empty>,42,399,LAMBDA,,,6
128849018932,MODIFIER,<empty>,45,428,VIRTUAL,,,5
128849018933,MODIFIER,<empty>,45,428,LAMBDA,,,6
128849018934,MODIFIER,<empty>,48,457,VIRTUAL,,,5
128849018935,MODIFIER,<empty>,48,457,LAMBDA,,,6
128849018936,MODIFIER,<empty>,34,486,VIRTUAL,,,5
128849018937,MODIFIER,<empty>,34,486,LAMBDA,,,6
128849018938,MODIFIER,<empty>,37,510,VIRTUAL,,,5
128849018939,MODIFIER,<empty>,37,510,LAMBDA,,,6
128849018940,MODIFIER,<empty>,39,531,VIRTUAL,,,5
128849018941,MODIFIER,<empty>,39,531,LAMBDA,,,6
128849018942,MODIFIER,<empty>,0,1,MODULE,,,3
128849018943,MODIFIER,<empty>,27,110,VIRTUAL,,,4
128849018944,MODIFIER,<empty>,27,110,LAMBDA,,,5
128849018945,MODIFIER,<empty>,21,109,VIRTUAL,,,4
128849018946,MODIFIER,<empty>,21,109,LAMBDA,,,5
128849018947,MODIFIER,<empty>,27,125,VIRTUAL,,,4
128849018948,MODIFIER,<empty>,27,125,LAMBDA,,,5
128849018949,MODIFIER,<empty>,26,123,VIRTUAL,,,4
128849018950,MODIFIER,<empty>,26,123,LAMBDA,,,5
128849018951,MODIFIER,<empty>,11,141,VIRTUAL,,,4
128849018952,MODIFIER,<empty>,11,141,LAMBDA,,,5
128849018953,MODIFIER,<empty>,37,11,VIRTUAL,,,5
128849018954,MODIFIER,<empty>,37,11,LAMBDA,,,6
128849018955,MODIFIER,<empty>,37,169,VIRTUAL,,,5
128849018956,MODIFIER,<empty>,37,169,LAMBDA,,,6
128849018957,MODIFIER,<empty>,0,1,MODULE,,,3
128849018958,MODIFIER,<empty>,35,12,VIRTUAL,,,5
128849018959,MODIFIER,<empty>,35,12,LAMBDA,,,6
128849018960,MODIFIER,<empty>,31,48,VIRTUAL,,,5
128849018961,MODIFIER,<empty>,31,48,LAMBDA,,,6
128849018962,MODIFIER,<empty>,37,85,VIRTUAL,,,5
128849018963,MODIFIER,<empty>,37,85,LAMBDA,,,6
128849018964,MODIFIER,<empty>,38,133,VIRTUAL,,,5
128849018965,MODIFIER,<empty>,38,133,LAMBDA,,,6
128849018966,MODIFIER,<empty>,0,1,MODULE,,,3
128849018967,MODIFIER,<empty>,39,12,VIRTUAL,,,5
128849018968,MODIFIER,<empty>,39,12,LAMBDA,,,6
128849018969,MODIFIER,<empty>,35,46,VIRTUAL,,,5
128849018970,MODIFIER,<empty>,35,46,LAMBDA,,,6
128849018971,MODIFIER,<empty>,0,1,MODULE,,,3
128849018972,MODIFIER,<empty>,32,13,VIRTUAL,,,5
128849018973,MODIFIER,<empty>,32,13,LAMBDA,,,6
128849018974,MODIFIER,<empty>,28,48,VIRTUAL,,,5
128849018975,MODIFIER,<empty>,28,48,LAMBDA,,,6
128849018976,MODIFIER,<empty>,34,86,VIRTUAL,,,5
128849018977,MODIFIER,<empty>,34,86,LAMBDA,,,6
128849018978,MODIFIER,<empty>,35,124,VIRTUAL,,,5
128849018979,MODIFIER,<empty>,35,124,LAMBDA,,,6
128849018980,MODIFIER,<empty>,0,1,MODULE,,,3
128849018981,MODIFIER,<empty>,22,16,VIRTUAL,,,5
128849018982,MODIFIER,<empty>,22,16,LAMBDA,,,6
128849018983,MODIFIER,<empty>,25,29,VIRTUAL,,,5
128849018984,MODIFIER,<empty>,25,29,LAMBDA,,,6
128849018985,MODIFIER,<empty>,29,54,VIRTUAL,,,5
128849018986,MODIFIER,<empty>,29,54,LAMBDA,,,6
128849018987,MODIFIER,<empty>,27,67,VIRTUAL,,,5
128849018988,MODIFIER,<empty>,27,67,LAMBDA,,,6
128849018989,MODIFIER,<empty>,22,80,VIRTUAL,,,5
128849018990,MODIFIER,<empty>,22,80,LAMBDA,,,6
128849018991,MODIFIER,<empty>,25,100,VIRTUAL,,,5
128849018992,MODIFIER,<empty>,25,100,LAMBDA,,,6
128849018993,MODIFIER,<empty>,30,120,VIRTUAL,,,5
128849018994,MODIFIER,<empty>,30,120,LAMBDA,,,6
128849018995,MODIFIER,<empty>,24,131,VIRTUAL,,,5
128849018996,MODIFIER,<empty>,24,131,LAMBDA,,,6
128849018997,MODIFIER,<empty>,26,151,VIRTUAL,,,5
128849018998,MODIFIER,<empty>,26,151,LAMBDA,,,6
128849018999,MODIFIER,<empty>,48,172,VIRTUAL,,,4
128849019000,MODIFIER,<empty>,48,172,LAMBDA,,,5
128849019001,MODIFIER,<empty>,26,167,VIRTUAL,,,5
128849019002,MODIFIER,<empty>,26,167,LAMBDA,,,6
128849019003,MODIFIER,<empty>,29,187,VIRTUAL,,,5
128849019004,MODIFIER,<empty>,29,187,LAMBDA,,,6
128849019005,MODIFIER,<empty>,29,206,VIRTUAL,,,5
128849019006,MODIFIER,<empty>,29,206,LAMBDA,,,6
128849019007,MODIFIER,<empty>,,,PRIVATE,,,-1
128849019008,MODIFIER,<empty>,36,219,VIRTUAL,,,3
128849019009,MODIFIER,<empty>,36,219,LAMBDA,,,4
128849019010,MODIFIER,<empty>,,,PRIVATE,,,-1
128849019011,MODIFIER,<empty>,32,245,VIRTUAL,,,5
128849019012,MODIFIER,<empty>,32,245,LAMBDA,,,6
128849019013,MODIFIER,<empty>,36,242,VIRTUAL,,,4
128849019014,MODIFIER,<empty>,36,242,LAMBDA,,,5
128849019015,MODIFIER,<empty>,,,PRIVATE,,,-1
128849019016,MODIFIER,<empty>,27,254,VIRTUAL,,,4
128849019017,MODIFIER,<empty>,27,254,LAMBDA,,,5
128849019018,MODIFIER,<empty>,42,253,VIRTUAL,,,4
128849019019,MODIFIER,<empty>,42,253,LAMBDA,,,5
128849019020,MODIFIER,<empty>,,,PRIVATE,,,-1
128849019021,MODIFIER,<empty>,32,262,VIRTUAL,,,4
128849019022,MODIFIER,<empty>,32,262,LAMBDA,,,5
128849019023,MODIFIER,<empty>,31,263,VIRTUAL,,,4
128849019024,MODIFIER,<empty>,31,263,LAMBDA,,,5
128849019025,MODIFIER,<empty>,28,264,VIRTUAL,,,4
128849019026,MODIFIER,<empty>,28,264,LAMBDA,,,5
128849019027,MODIFIER,<empty>,33,265,VIRTUAL,,,4
128849019028,MODIFIER,<empty>,33,265,LAMBDA,,,5
128849019029,MODIFIER,<empty>,41,260,VIRTUAL,,,4
128849019030,MODIFIER,<empty>,41,260,LAMBDA,,,5
128849019031,MODIFIER,<empty>,0,10,VIRTUAL,,,3
128849019032,MODIFIER,<empty>,,,CONSTRUCTOR,,,-1
128849019033,MODIFIER,<empty>,0,1,MODULE,,,3
128849019034,MODIFIER,<empty>,45,13,VIRTUAL,,,5
128849019035,MODIFIER,<empty>,45,13,LAMBDA,,,6
128849019036,MODIFIER,<empty>,41,50,VIRTUAL,,,5
128849019037,MODIFIER,<empty>,41,50,LAMBDA,,,6
128849019038,MODIFIER,<empty>,48,90,VIRTUAL,,,5
128849019039,MODIFIER,<empty>,48,90,LAMBDA,,,6
128849019040,MODIFIER,<empty>,0,1,MODULE,,,3
128849019041,MODIFIER,<empty>,41,12,VIRTUAL,,,5
128849019042,MODIFIER,<empty>,41,12,LAMBDA,,,6
128849019043,MODIFIER,<empty>,37,48,VIRTUAL,,,5
128849019044,MODIFIER,<empty>,37,48,LAMBDA,,,6
128849019045,MODIFIER,<empty>,44,88,VIRTUAL,,,5
128849019046,MODIFIER,<empty>,44,88,LAMBDA,,,6
128849019047,MODIFIER,<empty>,0,1,MODULE,,,3
128849019048,MODIFIER,<empty>,38,12,VIRTUAL,,,5
128849019049,MODIFIER,<empty>,38,12,LAMBDA,,,6
128849019050,MODIFIER,<empty>,34,48,VIRTUAL,,,5
128849019051,MODIFIER,<empty>,34,48,LAMBDA,,,6
128849019052,MODIFIER,<empty>,41,88,VIRTUAL,,,5
128849019053,MODIFIER,<empty>,41,88,LAMBDA,,,6
128849019054,MODIFIER,<empty>,0,1,MODULE,,,3
128849019055,MODIFIER,<empty>,0,5,VIRTUAL,,,3
128849019056,MODIFIER,<empty>,0,1,MODULE,,,3
128849019057,MODIFIER,<empty>,0,7,VIRTUAL,,,3
128849019058,MODIFIER,<empty>,0,1,MODULE,,,3
128849019059,MODIFIER,<empty>,21,28,VIRTUAL,,,4
128849019060,MODIFIER,<empty>,21,28,LAMBDA,,,5
128849019061,MODIFIER,<empty>,23,9,VIRTUAL,,,3
128849019062,MODIFIER,<empty>,23,9,LAMBDA,,,4
128849019063,MODIFIER,<empty>,25,41,VIRTUAL,,,3
128849019064,MODIFIER,<empty>,25,41,LAMBDA,,,4
128849019065,MODIFIER,<empty>,23,60,VIRTUAL,,,3
128849019066,MODIFIER,<empty>,23,60,LAMBDA,,,4
128849019067,MODIFIER,<empty>,0,1,MODULE,,,3
128849019068,MODIFIER,<empty>,0,7,VIRTUAL,,,3
128849019069,MODIFIER,<empty>,0,1,MODULE,,,3
128849019070,MODIFIER,<empty>,32,11,VIRTUAL,,,3
128849019071,MODIFIER,<empty>,32,11,LAMBDA,,,4
128849019072,MODIFIER,<empty>,37,35,VIRTUAL,,,4
128849019073,MODIFIER,<empty>,37,35,LAMBDA,,,5
128849019074,MODIFIER,<empty>,38,92,VIRTUAL,,,4
128849019075,MODIFIER,<empty>,38,92,LAMBDA,,,5
128849019076,MODIFIER,<empty>,42,117,VIRTUAL,,,3
128849019077,MODIFIER,<empty>,42,117,LAMBDA,,,4
128849019078,MODIFIER,<empty>,30,141,VIRTUAL,,,4
128849019079,MODIFIER,<empty>,30,141,LAMBDA,,,5
128849019080,MODIFIER,<empty>,30,165,VIRTUAL,,,4
128849019081,MODIFIER,<empty>,30,165,LAMBDA,,,5
128849019082,MODIFIER,<empty>,33,183,VIRTUAL,,,5
128849019083,MODIFIER,<empty>,33,183,LAMBDA,,,6
128849019084,MODIFIER,<empty>,28,205,VIRTUAL,,,4
128849019085,MODIFIER,<empty>,28,205,LAMBDA,,,5
128849019086,MODIFIER,<empty>,30,212,VIRTUAL,,,4
128849019087,MODIFIER,<empty>,30,212,LAMBDA,,,5
128849019088,MODIFIER,<empty>,32,234,VIRTUAL,,,4
128849019089,MODIFIER,<empty>,32,234,LAMBDA,,,5
128849019090,MODIFIER,<empty>,27,258,VIRTUAL,,,4
128849019091,MODIFIER,<empty>,27,258,LAMBDA,,,5
128849019092,MODIFIER,<empty>,36,251,VIRTUAL,,,3
128849019093,MODIFIER,<empty>,36,251,LAMBDA,,,4
128849019094,MODIFIER,<empty>,37,273,VIRTUAL,,,4
128849019095,MODIFIER,<empty>,37,273,LAMBDA,,,5
128849019096,MODIFIER,<empty>,52,336,VIRTUAL,,,3
128849019097,MODIFIER,<empty>,52,336,LAMBDA,,,4
128849019098,MODIFIER,<empty>,35,385,VIRTUAL,,,4
128849019099,MODIFIER,<empty>,35,385,LAMBDA,,,5
128849019100,MODIFIER,<empty>,46,425,VIRTUAL,,,4
128849019101,MODIFIER,<empty>,46,425,LAMBDA,,,5
128849019102,MODIFIER,<empty>,35,493,VIRTUAL,,,5
128849019103,MODIFIER,<empty>,35,493,LAMBDA,,,6
128849019104,MODIFIER,<empty>,40,536,VIRTUAL,,,4
128849019105,MODIFIER,<empty>,40,536,LAMBDA,,,5
128849019106,MODIFIER,<empty>,41,568,VIRTUAL,,,4
128849019107,MODIFIER,<empty>,41,568,LAMBDA,,,5
128849019108,MODIFIER,<empty>,45,598,VIRTUAL,,,4
128849019109,MODIFIER,<empty>,45,598,LAMBDA,,,5
128849019110,MODIFIER,<empty>,42,628,VIRTUAL,,,3
128849019111,MODIFIER,<empty>,42,628,LAMBDA,,,4
128849019112,MODIFIER,<empty>,43,662,VIRTUAL,,,3
128849019113,MODIFIER,<empty>,43,662,LAMBDA,,,4
128849019114,MODIFIER,<empty>,37,699,VIRTUAL,,,3
128849019115,MODIFIER,<empty>,37,699,LAMBDA,,,4
128849019116,MODIFIER,<empty>,39,714,VIRTUAL,,,3
128849019117,MODIFIER,<empty>,39,714,LAMBDA,,,4
128849019118,MODIFIER,<empty>,39,729,VIRTUAL,,,3
128849019119,MODIFIER,<empty>,39,729,LAMBDA,,,4
128849019120,MODIFIER,<empty>,43,764,VIRTUAL,,,4
128849019121,MODIFIER,<empty>,43,764,LAMBDA,,,5
128849019122,MODIFIER,<empty>,0,1,MODULE,,,3
128849019123,MODIFIER,<empty>,13,39,VIRTUAL,,,5
128849019124,MODIFIER,<empty>,13,39,LAMBDA,,,6
128849019125,MODIFIER,<empty>,8,48,VIRTUAL,,,5
128849019126,MODIFIER,<empty>,8,48,LAMBDA,,,6
128849019127,MODIFIER,<empty>,21,81,VIRTUAL,,,3
128849019128,MODIFIER,<empty>,21,81,LAMBDA,,,4
128849019129,MODIFIER,<empty>,20,60,VIRTUAL,,,3
128849019130,MODIFIER,<empty>,20,60,LAMBDA,,,4
128849019131,MODIFIER,<empty>,0,1,MODULE,,,3
128849019132,MODIFIER,<empty>,28,4,VIRTUAL,,,7
128849019133,MODIFIER,<empty>,28,4,LAMBDA,,,8
128849019134,MODIFIER,<empty>,0,1,MODULE,,,3
128849019135,MODIFIER,<empty>,0,1,MODULE,,,3
128849019136,MODIFIER,<empty>,22,19,VIRTUAL,,,5
128849019137,MODIFIER,<empty>,22,19,LAMBDA,,,6
128849019138,MODIFIER,<empty>,29,24,VIRTUAL,,,5
128849019139,MODIFIER,<empty>,29,24,LAMBDA,,,6
128849019140,MODIFIER,<empty>,0,1,MODULE,,,3
128849019141,MODIFIER,<empty>,0,1,MODULE,,,3
128849019142,MODIFIER,<empty>,31,20,VIRTUAL,,,3
128849019143,MODIFIER,<empty>,31,20,LAMBDA,,,4
128849019144,MODIFIER,<empty>,47,11,VIRTUAL,,,3
128849019145,MODIFIER,<empty>,47,11,LAMBDA,,,4
128849019146,MODIFIER,<empty>,0,1,MODULE,,,3
128849019147,MODIFIER,<empty>,,,PRIVATE,,,-1
128849019148,MODIFIER,<empty>,,,PRIVATE,,,-1
128849019149,MODIFIER,<empty>,0,6,VIRTUAL,,,3
128849019150,MODIFIER,<empty>,,,CONSTRUCTOR,,,-1
128849019151,MODIFIER,<empty>,2,13,VIRTUAL,,,3
128849019152,MODIFIER,<empty>,,,PRIVATE,,,-1
128849019153,MODIFIER,<empty>,,,PRIVATE,,,-1
128849019154,MODIFIER,<empty>,28,53,VIRTUAL,,,4
128849019155,MODIFIER,<empty>,28,53,LAMBDA,,,5
128849019156,MODIFIER,<empty>,2,29,VIRTUAL,,,5
128849019157,MODIFIER,<empty>,2,70,VIRTUAL,,,6
128849019158,MODIFIER,<empty>,2,105,VIRTUAL,,,4
128849019159,MODIFIER,<empty>,,,PRIVATE,,,-1
128849019160,MODIFIER,<empty>,,,PRIVATE,,,-1
128849019161,MODIFIER,<empty>,2,127,VIRTUAL,,,4
128849019162,MODIFIER,<empty>,,,PRIVATE,,,-1
128849019163,MODIFIER,<empty>,,,PRIVATE,,,-1
128849019164,MODIFIER,<empty>,2,151,VIRTUAL,,,6
128849019165,MODIFIER,<empty>,,,PRIVATE,,,-1
128849019166,MODIFIER,<empty>,,,PRIVATE,,,-1
128849019167,MODIFIER,<empty>,34,216,VIRTUAL,,,4
128849019168,MODIFIER,<empty>,34,216,LAMBDA,,,5
128849019169,MODIFIER,<empty>,2,199,VIRTUAL,,,5
128849019170,MODIFIER,<empty>,2,250,VIRTUAL,,,6
128849019171,MODIFIER,<empty>,2,261,VIRTUAL,,,3
128849019172,MODIFIER,<empty>,0,1,MODULE,,,3
128849019173,MODIFIER,<empty>,0,4,VIRTUAL,,,3
128849019174,MODIFIER,<empty>,,,CONSTRUCTOR,,,-1
128849019175,MODIFIER,<empty>,2,10,VIRTUAL,,,4
128849019176,MODIFIER,<empty>,2,23,VIRTUAL,,,4
128849019177,MODIFIER,<empty>,0,1,MODULE,,,3
128849019178,MODIFIER,<empty>,28,6,VIRTUAL,,,5
128849019179,MODIFIER,<empty>,28,6,LAMBDA,,,6
128849019180,MODIFIER,<empty>,24,50,VIRTUAL,,,4
128849019181,MODIFIER,<empty>,24,50,LAMBDA,,,5
128849019182,MODIFIER,<empty>,56,110,VIRTUAL,,,4
128849019183,MODIFIER,<empty>,56,110,LAMBDA,,,5
128849019184,MODIFIER,<empty>,39,63,VIRTUAL,,,4
128849019185,MODIFIER,<empty>,39,63,LAMBDA,,,5
128849019186,MODIFIER,<empty>,0,1,MODULE,,,3
128849019187,MODIFIER,<empty>,,,READONLY,,,-1
128849019188,MODIFIER,<empty>,,,PRIVATE,,,-1
128849019189,MODIFIER,<empty>,,,READONLY,,,-1
128849019190,MODIFIER,<empty>,,,PRIVATE,,,-1
128849019191,MODIFIER,<empty>,0,9,VIRTUAL,,,3
128849019192,MODIFIER,<empty>,,,CONSTRUCTOR,,,-1
128849019193,MODIFIER,<empty>,2,16,VIRTUAL,,,3
128849019194,MODIFIER,<empty>,,,PRIVATE,,,-1
128849019195,MODIFIER,<empty>,,,PRIVATE,,,-1
128849019196,MODIFIER,<empty>,2,32,VIRTUAL,,,5
128849019197,MODIFIER,<empty>,,,PRIVATE,,,-1
128849019198,MODIFIER,<empty>,,,PRIVATE,,,-1
128849019199,MODIFIER,<empty>,2,67,VIRTUAL,,,7
128849019200,MODIFIER,<empty>,,,PRIVATE,,,-1
128849019201,MODIFIER,<empty>,,,PRIVATE,,,-1
128849019202,MODIFIER,<empty>,34,133,VIRTUAL,,,4
128849019203,MODIFIER,<empty>,34,133,LAMBDA,,,5
128849019204,MODIFIER,<empty>,2,118,VIRTUAL,,,4
128849019205,MODIFIER,<empty>,0,1,MODULE,,,3
128849019206,MODIFIER,<empty>,0,7,VIRTUAL,,,3
128849019207,MODIFIER,<empty>,,,CONSTRUCTOR,,,-1
128849019208,MODIFIER,<empty>,59,34,VIRTUAL,,,4
128849019209,MODIFIER,<empty>,59,34,LAMBDA,,,5
128849019210,MODIFIER,<empty>,2,12,VIRTUAL,,,6
128849019211,MODIFIER,<empty>,20,65,VIRTUAL,,,4
128849019212,MODIFIER,<empty>,20,65,LAMBDA,,,5
128849019213,MODIFIER,<empty>,2,61,VIRTUAL,,,4
128849019214,MODIFIER,<empty>,,,PRIVATE,,,-1
128849019215,MODIFIER,<empty>,,,PRIVATE,,,-1
128849019216,MODIFIER,<empty>,20,94,VIRTUAL,,,4
128849019217,MODIFIER,<empty>,20,94,LAMBDA,,,5
128849019218,MODIFIER,<empty>,2,90,VIRTUAL,,,4
128849019219,MODIFIER,<empty>,,,PRIVATE,,,-1
128849019220,MODIFIER,<empty>,,,PRIVATE,,,-1
128849019221,MODIFIER,<empty>,20,121,VIRTUAL,,,4
128849019222,MODIFIER,<empty>,20,121,LAMBDA,,,5
128849019223,MODIFIER,<empty>,6,151,VIRTUAL,,,4
128849019224,MODIFIER,<empty>,6,151,LAMBDA,,,5
128849019225,MODIFIER,<empty>,2,117,VIRTUAL,,,4
128849019226,MODIFIER,<empty>,,,PRIVATE,,,-1
128849019227,MODIFIER,<empty>,,,PRIVATE,,,-1
128849019228,MODIFIER,<empty>,0,1,MODULE,,,3
128849019229,MODIFIER,<empty>,0,9,VIRTUAL,,,3
128849019230,MODIFIER,<empty>,,,CONSTRUCTOR,,,-1
128849019231,MODIFIER,<empty>,2,14,VIRTUAL,,,5
128849019232,MODIFIER,<empty>,2,72,VIRTUAL,,,4
128849019233,MODIFIER,<empty>,2,128,VIRTUAL,,,4
128849019234,MODIFIER,<empty>,2,148,VIRTUAL,,,4
128849019235,MODIFIER,<empty>,2,167,VIRTUAL,,,5
128849019236,MODIFIER,<empty>,2,190,VIRTUAL,,,4
128849019237,MODIFIER,<empty>,0,1,MODULE,,,3
128849019238,MODIFIER,<empty>,0,10,VIRTUAL,,,3
128849019239,MODIFIER,<empty>,,,CONSTRUCTOR,,,-1
128849019240,MODIFIER,<empty>,2,15,VIRTUAL,,,4
128849019241,MODIFIER,<empty>,2,55,VIRTUAL,,,4
128849019242,MODIFIER,<empty>,,,PRIVATE,,,-1
128849019243,MODIFIER,<empty>,,,PRIVATE,,,-1
128849019244,MODIFIER,<empty>,0,1,MODULE,,,3
128849019245,MODIFIER,<empty>,43,12,VIRTUAL,,,5
128849019246,MODIFIER,<empty>,43,12,LAMBDA,,,6
128849019247,MODIFIER,<empty>,0,1,MODULE,,,3
128849019248,MODIFIER,<empty>,39,19,VIRTUAL,,,4
128849019249,MODIFIER,<empty>,39,19,LAMBDA,,,5
128849019250,MODIFIER,<empty>,34,51,VIRTUAL,,,4
128849019251,MODIFIER,<empty>,34,51,LAMBDA,,,5
128849019252,MODIFIER,<empty>,37,87,VIRTUAL,,,4
128849019253,MODIFIER,<empty>,37,87,LAMBDA,,,5
128849019254,MODIFIER,<empty>,40,119,VIRTUAL,,,4
128849019255,MODIFIER,<empty>,40,119,LAMBDA,,,5
128849019256,MODIFIER,<empty>,47,157,VIRTUAL,,,5
128849019257,MODIFIER,<empty>,47,157,LAMBDA,,,6
128849019258,MODIFIER,<empty>,43,177,VIRTUAL,,,5
128849019259,MODIFIER,<empty>,43,177,LAMBDA,,,6
128849019260,MODIFIER,<empty>,45,197,VIRTUAL,,,5
128849019261,MODIFIER,<empty>,45,197,LAMBDA,,,6
128849019262,MODIFIER,<empty>,48,217,VIRTUAL,,,5
128849019263,MODIFIER,<empty>,48,217,LAMBDA,,,6
128849019264,MODIFIER,<empty>,43,237,VIRTUAL,,,6
128849019265,MODIFIER,<empty>,43,237,LAMBDA,,,7
128849019266,MODIFIER,<empty>,41,259,VIRTUAL,,,4
128849019267,MODIFIER,<empty>,41,259,LAMBDA,,,5
128849019268,MODIFIER,<empty>,36,268,VIRTUAL,,,4
128849019269,MODIFIER,<empty>,36,268,LAMBDA,,,5
128849019270,MODIFIER,<empty>,39,277,VIRTUAL,,,4
128849019271,MODIFIER,<empty>,39,277,LAMBDA,,,5
128849019272,MODIFIER,<empty>,42,286,VIRTUAL,,,4
128849019273,MODIFIER,<empty>,42,286,LAMBDA,,,5
128849019274,MODIFIER,<empty>,0,1,MODULE,,,3
128849019275,MODIFIER,<empty>,0,52,VIRTUAL,,,6
128849019276,MODIFIER,<empty>,7,6,VIRTUAL,,,3
128849019277,MODIFIER,<empty>,,,CONSTRUCTOR,,,-1
128849019278,MODIFIER,<empty>,7,18,VIRTUAL,,,3
128849019279,MODIFIER,<empty>,,,CONSTRUCTOR,,,-1
128849019280,MODIFIER,<empty>,32,205,VIRTUAL,,,4
128849019281,MODIFIER,<empty>,32,205,LAMBDA,,,5
128849019282,MODIFIER,<empty>,30,206,VIRTUAL,,,4
128849019283,MODIFIER,<empty>,30,206,LAMBDA,,,5
128849019284,MODIFIER,<empty>,29,207,VIRTUAL,,,4
128849019285,MODIFIER,<empty>,29,207,LAMBDA,,,5
128849019286,MODIFIER,<empty>,29,208,VIRTUAL,,,4
128849019287,MODIFIER,<empty>,29,208,LAMBDA,,,5
128849019288,MODIFIER,<empty>,21,211,VIRTUAL,,,4
128849019289,MODIFIER,<empty>,21,211,LAMBDA,,,5
128849019290,MODIFIER,<empty>,32,226,VIRTUAL,,,4
128849019291,MODIFIER,<empty>,32,226,LAMBDA,,,5
128849019292,MODIFIER,<empty>,30,235,VIRTUAL,,,4
128849019293,MODIFIER,<empty>,30,235,LAMBDA,,,5
128849019294,MODIFIER,<empty>,29,244,VIRTUAL,,,4
128849019295,MODIFIER,<empty>,29,244,LAMBDA,,,5
128849019296,MODIFIER,<empty>,29,253,VIRTUAL,,,4
128849019297,MODIFIER,<empty>,29,253,LAMBDA,,,5
128849019298,MODIFIER,<empty>,51,261,VIRTUAL,,,5
128849019299,MODIFIER,<empty>,51,261,LAMBDA,,,6
128849019300,MODIFIER,<empty>,35,266,VIRTUAL,,,4
128849019301,MODIFIER,<empty>,35,266,LAMBDA,,,5
128849019302,MODIFIER,<empty>,71,266,VIRTUAL,,,4
128849019303,MODIFIER,<empty>,71,266,LAMBDA,,,5
128849019304,MODIFIER,<empty>,29,267,VIRTUAL,,,4
128849019305,MODIFIER,<empty>,29,267,LAMBDA,,,5
128849019306,MODIFIER,<empty>,64,267,VIRTUAL,,,4
128849019307,MODIFIER,<empty>,64,267,LAMBDA,,,5
128849019308,MODIFIER,<empty>,32,268,VIRTUAL,,,4
128849019309,MODIFIER,<empty>,32,268,LAMBDA,,,5
128849019310,MODIFIER,<empty>,32,269,VIRTUAL,,,4
128849019311,MODIFIER,<empty>,32,269,LAMBDA,,,5
128849019312,MODIFIER,<empty>,70,269,VIRTUAL,,,4
128849019313,MODIFIER,<empty>,70,269,LAMBDA,,,5
128849019314,MODIFIER,<empty>,29,281,VIRTUAL,,,5
128849019315,MODIFIER,<empty>,29,281,LAMBDA,,,6
128849019316,MODIFIER,<empty>,23,284,VIRTUAL,,,5
128849019317,MODIFIER,<empty>,23,284,LAMBDA,,,6
128849019318,MODIFIER,<empty>,26,287,VIRTUAL,,,5
128849019319,MODIFIER,<empty>,26,287,LAMBDA,,,6
128849019320,MODIFIER,<empty>,26,290,VIRTUAL,,,5
128849019321,MODIFIER,<empty>,26,290,LAMBDA,,,6
128849019322,MODIFIER,<empty>,29,82,VIRTUAL,,,7
128849019323,MODIFIER,<empty>,29,82,LAMBDA,,,8
128849019324,MODIFIER,<empty>,0,1,MODULE,,,3
128849019325,MODIFIER,<empty>,0,6,VIRTUAL,,,3
128849019326,MODIFIER,<empty>,,,CONSTRUCTOR,,,-1
128849019327,MODIFIER,<empty>,38,24,VIRTUAL,,,6
128849019328,MODIFIER,<empty>,38,24,LAMBDA,,,7
128849019329,MODIFIER,<empty>,45,149,VIRTUAL,,,4
128849019330,MODIFIER,<empty>,45,149,LAMBDA,,,5
128849019331,MODIFIER,<empty>,49,138,VIRTUAL,,,5
128849019332,MODIFIER,<empty>,49,138,LAMBDA,,,6
128849019333,MODIFIER,<empty>,36,168,VIRTUAL,,,3
128849019334,MODIFIER,<empty>,36,168,LAMBDA,,,4
128849019335,MODIFIER,<empty>,40,192,VIRTUAL,,,3
128849019336,MODIFIER,<empty>,40,192,LAMBDA,,,4
128849019337,MODIFIER,<empty>,44,203,VIRTUAL,,,5
128849019338,MODIFIER,<empty>,44,203,LAMBDA,,,6
128849019339,MODIFIER,<empty>,0,1,MODULE,,,3
128849019340,MODIFIER,<empty>,15,9,VIRTUAL,,,6
128849019341,MODIFIER,<empty>,15,9,LAMBDA,,,7
128849019342,MODIFIER,<empty>,14,39,VIRTUAL,,,5
128849019343,MODIFIER,<empty>,14,39,LAMBDA,,,6
128849019344,MODIFIER,<empty>,19,61,VIRTUAL,,,5
128849019345,MODIFIER,<empty>,19,61,LAMBDA,,,6
128849019346,MODIFIER,<empty>,0,5,VIRTUAL,,,3
128849019347,MODIFIER,<empty>,,,CONSTRUCTOR,,,-1
128849019348,MODIFIER,<empty>,0,1,MODULE,,,3
128849019349,MODIFIER,<empty>,21,10,VIRTUAL,,,4
128849019350,MODIFIER,<empty>,21,10,LAMBDA,,,5
128849019351,MODIFIER,<empty>,18,36,VIRTUAL,,,5
128849019352,MODIFIER,<empty>,18,36,LAMBDA,,,6
128849019353,MODIFIER,<empty>,20,58,VIRTUAL,,,6
128849019354,MODIFIER,<empty>,20,58,LAMBDA,,,7
128849019355,MODIFIER,<empty>,20,131,VIRTUAL,,,6
128849019356,MODIFIER,<empty>,20,131,LAMBDA,,,7
128849019357,MODIFIER,<empty>,21,179,VIRTUAL,,,7
128849019358,MODIFIER,<empty>,21,179,LAMBDA,,,8
128849019359,MODIFIER,<empty>,18,209,VIRTUAL,,,5
128849019360,MODIFIER,<empty>,18,209,LAMBDA,,,6
128849019361,MODIFIER,<empty>,24,253,VIRTUAL,,,5
128849019362,MODIFIER,<empty>,24,253,LAMBDA,,,6
128849019363,MODIFIER,<empty>,21,270,VIRTUAL,,,5
128849019364,MODIFIER,<empty>,21,270,LAMBDA,,,6
128849019365,MODIFIER,<empty>,18,287,VIRTUAL,,,5
128849019366,MODIFIER,<empty>,18,287,LAMBDA,,,6
128849019367,MODIFIER,<empty>,0,6,VIRTUAL,,,3
128849019368,MODIFIER,<empty>,,,CONSTRUCTOR,,,-1
128849019369,MODIFIER,<empty>,0,1,MODULE,,,3
128849019370,MODIFIER,<empty>,28,9,VIRTUAL,,,4
128849019371,MODIFIER,<empty>,28,9,LAMBDA,,,5
128849019372,MODIFIER,<empty>,15,31,VIRTUAL,,,5
128849019373,MODIFIER,<empty>,15,31,LAMBDA,,,6
128849019374,MODIFIER,<empty>,15,56,VIRTUAL,,,5
128849019375,MODIFIER,<empty>,15,56,LAMBDA,,,6
128849019376,MODIFIER,<empty>,17,78,VIRTUAL,,,6
128849019377,MODIFIER,<empty>,17,78,LAMBDA,,,7
128849019378,MODIFIER,<empty>,17,110,VIRTUAL,,,6
128849019379,MODIFIER,<empty>,17,110,LAMBDA,,,7
128849019380,MODIFIER,<empty>,15,136,VIRTUAL,,,5
128849019381,MODIFIER,<empty>,15,136,LAMBDA,,,6
128849019382,MODIFIER,<empty>,19,158,VIRTUAL,,,5
128849019383,MODIFIER,<empty>,19,158,LAMBDA,,,6
128849019384,MODIFIER,<empty>,38,201,VIRTUAL,,,4
128849019385,MODIFIER,<empty>,38,201,LAMBDA,,,5
128849019386,MODIFIER,<empty>,20,181,VIRTUAL,,,5
128849019387,MODIFIER,<empty>,20,181,LAMBDA,,,6
128849019388,MODIFIER,<empty>,0,5,VIRTUAL,,,3
128849019389,MODIFIER,<empty>,,,CONSTRUCTOR,,,-1
128849019390,MODIFIER,<empty>,0,1,MODULE,,,3
128849019391,MODIFIER,<empty>,26,10,VIRTUAL,,,4
128849019392,MODIFIER,<empty>,26,10,LAMBDA,,,5
128849019393,MODIFIER,<empty>,25,61,VIRTUAL,,,4
128849019394,MODIFIER,<empty>,25,61,LAMBDA,,,5
128849019395,MODIFIER,<empty>,22,39,VIRTUAL,,,4
128849019396,MODIFIER,<empty>,22,39,LAMBDA,,,5
128849019397,MODIFIER,<empty>,0,4,VIRTUAL,,,3
128849019398,MODIFIER,<empty>,,,CONSTRUCTOR,,,-1
128849019399,MODIFIER,<empty>,0,1,MODULE,,,3
128849019400,MODIFIER,<empty>,21,8,VIRTUAL,,,3
128849019401,MODIFIER,<empty>,21,8,LAMBDA,,,4
128849019402,MODIFIER,<empty>,19,22,VIRTUAL,,,3
128849019403,MODIFIER,<empty>,19,22,LAMBDA,,,4
128849019404,MODIFIER,<empty>,0,4,VIRTUAL,,,3
128849019405,MODIFIER,<empty>,,,CONSTRUCTOR,,,-1
128849019406,MODIFIER,<empty>,0,1,MODULE,,,3
128849019407,MODIFIER,<empty>,,,PRIVATE,,,-1
128849019408,MODIFIER,<empty>,,,PRIVATE,,,-1
128849019409,MODIFIER,<empty>,29,14,VIRTUAL,,,3
128849019410,MODIFIER,<empty>,29,14,LAMBDA,,,4
128849019411,MODIFIER,<empty>,14,34,VIRTUAL,,,3
128849019412,MODIFIER,<empty>,14,34,LAMBDA,,,4
128849019413,MODIFIER,<empty>,2,9,VIRTUAL,,,3
128849019414,MODIFIER,<empty>,,,CONSTRUCTOR,,,-1
128849019415,MODIFIER,<empty>,,,PRIVATE,,,-1
128849019416,MODIFIER,<empty>,,,PRIVATE,,,-1
128849019417,MODIFIER,<empty>,0,1,MODULE,,,3
128849019418,MODIFIER,<empty>,17,9,VIRTUAL,,,3
128849019419,MODIFIER,<empty>,17,9,LAMBDA,,,4
128849019420,MODIFIER,<empty>,17,27,VIRTUAL,,,4
128849019421,MODIFIER,<empty>,17,27,LAMBDA,,,5
128849019422,MODIFIER,<empty>,19,41,VIRTUAL,,,4
128849019423,MODIFIER,<empty>,19,41,LAMBDA,,,5
128849019424,MODIFIER,<empty>,0,5,VIRTUAL,,,3
128849019425,MODIFIER,<empty>,,,CONSTRUCTOR,,,-1
128849019426,MODIFIER,<empty>,0,1,MODULE,,,3
128849019427,MODIFIER,<empty>,37,25,VIRTUAL,,,4
128849019428,MODIFIER,<empty>,37,25,LAMBDA,,,5
128849019429,MODIFIER,<empty>,27,9,VIRTUAL,,,4
128849019430,MODIFIER,<empty>,27,9,LAMBDA,,,5
128849019431,MODIFIER,<empty>,0,4,VIRTUAL,,,3
128849019432,MODIFIER,<empty>,,,CONSTRUCTOR,,,-1
128849019433,MODIFIER,<empty>,0,1,MODULE,,,3
128849019434,MODIFIER,<empty>,20,9,VIRTUAL,,,3
128849019435,MODIFIER,<empty>,20,9,LAMBDA,,,4
128849019436,MODIFIER,<empty>,19,59,VIRTUAL,,,4
128849019437,MODIFIER,<empty>,19,59,LAMBDA,,,5
128849019438,MODIFIER,<empty>,0,5,VIRTUAL,,,3
128849019439,MODIFIER,<empty>,,,CONSTRUCTOR,,,-1
128849019440,MODIFIER,<empty>,0,1,MODULE,,,3
128849019441,MODIFIER,<empty>,0,1,MODULE,,,3
128849019442,MODIFIER,<empty>,0,10,VIRTUAL,,,3
128849019443,MODIFIER,<empty>,,,CONSTRUCTOR,,,-1
128849019444,MODIFIER,<empty>,2,15,VIRTUAL,,,17
128849019445,MODIFIER,<empty>,25,143,VIRTUAL,,,5
128849019446,MODIFIER,<empty>,25,143,LAMBDA,,,6
128849019447,MODIFIER,<empty>,2,137,VIRTUAL,,,4
128849019448,MODIFIER,<empty>,,,PRIVATE,,,-1
128849019449,MODIFIER,<empty>,,,PRIVATE,,,-1
128849019450,MODIFIER,<empty>,2,187,VIRTUAL,,,5
128849019451,MODIFIER,<empty>,,,PRIVATE,,,-1
128849019452,MODIFIER,<empty>,,,PRIVATE,,,-1
128849019453,MODIFIER,<empty>,2,201,VIRTUAL,,,5
128849019454,MODIFIER,<empty>,,,PRIVATE,,,-1
128849019455,MODIFIER,<empty>,,,PRIVATE,,,-1
128849019456,MODIFIER,<empty>,23,221,VIRTUAL,,,4
128849019457,MODIFIER,<empty>,23,221,LAMBDA,,,5
128849019458,MODIFIER,<empty>,2,215,VIRTUAL,,,4
128849019459,MODIFIER,<empty>,,,PRIVATE,,,-1
128849019460,MODIFIER,<empty>,,,PRIVATE,,,-1
128849019461,MODIFIER,<empty>,6,247,VIRTUAL,,,4
128849019462,MODIFIER,<empty>,6,247,LAMBDA,,,5
128849019463,MODIFIER,<empty>,6,250,VIRTUAL,,,4
128849019464,MODIFIER,<empty>,6,250,LAMBDA,,,5
128849019465,MODIFIER,<empty>,49,254,VIRTUAL,,,4
128849019466,MODIFIER,<empty>,49,254,LAMBDA,,,5
128849019467,MODIFIER,<empty>,27,258,VIRTUAL,,,4
128849019468,MODIFIER,<empty>,27,258,LAMBDA,,,5
128849019469,MODIFIER,<empty>,2,242,VIRTUAL,,,5
128849019470,MODIFIER,<empty>,,,PRIVATE,,,-1
128849019471,MODIFIER,<empty>,,,PRIVATE,,,-1
128849019472,MODIFIER,<empty>,2,282,VIRTUAL,,,5
128849019473,MODIFIER,<empty>,,,PRIVATE,,,-1
128849019474,MODIFIER,<empty>,,,PRIVATE,,,-1
128849019475,MODIFIER,<empty>,2,297,VIRTUAL,,,4
128849019476,MODIFIER,<empty>,,,PRIVATE,,,-1
128849019477,MODIFIER,<empty>,,,PRIVATE,,,-1
128849019478,MODIFIER,<empty>,2,304,VIRTUAL,,,4
128849019479,MODIFIER,<empty>,,,PRIVATE,,,-1
128849019480,MODIFIER,<empty>,,,PRIVATE,,,-1
128849019481,MODIFIER,<empty>,2,310,VIRTUAL,,,4
128849019482,MODIFIER,<empty>,,,PRIVATE,,,-1
128849019483,MODIFIER,<empty>,,,PRIVATE,,,-1
128849019484,MODIFIER,<empty>,2,316,VIRTUAL,,,4
128849019485,MODIFIER,<empty>,,,PRIVATE,,,-1
128849019486,MODIFIER,<empty>,,,PRIVATE,,,-1
128849019487,MODIFIER,<empty>,2,325,VIRTUAL,,,5
128849019488,MODIFIER,<empty>,,,PRIVATE,,,-1
128849019489,MODIFIER,<empty>,,,PRIVATE,,,-1
128849019490,MODIFIER,<empty>,46,340,VIRTUAL,,,4
128849019491,MODIFIER,<empty>,46,340,LAMBDA,,,5
128849019492,MODIFIER,<empty>,43,344,VIRTUAL,,,4
128849019493,MODIFIER,<empty>,43,344,LAMBDA,,,5
128849019494,MODIFIER,<empty>,2,336,VIRTUAL,,,4
128849019495,MODIFIER,<empty>,0,1,MODULE,,,3
128849019496,MODIFIER,<empty>,0,12,VIRTUAL,,,3
128849019497,MODIFIER,<empty>,,,CONSTRUCTOR,,,-1
128849019498,MODIFIER,<empty>,2,17,VIRTUAL,,,5
128849019499,MODIFIER,<empty>,2,112,VIRTUAL,,,4
128849019500,MODIFIER,<empty>,2,181,VIRTUAL,,,4
128849019501,MODIFIER,<empty>,2,201,VIRTUAL,,,5
128849019502,MODIFIER,<empty>,2,224,VIRTUAL,,,4
128849019503,MODIFIER,<empty>,2,292,VIRTUAL,,,5
128849019504,MODIFIER,<empty>,,,PRIVATE,,,-1
128849019505,MODIFIER,<empty>,,,PRIVATE,,,-1
128849019506,MODIFIER,<empty>,2,300,VIRTUAL,,,4
128849019507,MODIFIER,<empty>,2,319,VIRTUAL,,,4
128849019508,MODIFIER,<empty>,0,1,MODULE,,,3
128849019509,MODIFIER,<empty>,0,9,VIRTUAL,,,3
128849019510,MODIFIER,<empty>,,,CONSTRUCTOR,,,-1
128849019511,MODIFIER,<empty>,2,14,VIRTUAL,,,4
128849019512,MODIFIER,<empty>,2,65,VIRTUAL,,,4
128849019513,MODIFIER,<empty>,,,PRIVATE,,,-1
128849019514,MODIFIER,<empty>,,,PRIVATE,,,-1
128849019515,MODIFIER,<empty>,26,207,VIRTUAL,,,4
128849019516,MODIFIER,<empty>,26,207,LAMBDA,,,5
128849019517,MODIFIER,<empty>,2,190,VIRTUAL,,,5
128849019518,MODIFIER,<empty>,,,PRIVATE,,,-1
128849019519,MODIFIER,<empty>,,,PRIVATE,,,-1
128849019520,MODIFIER,<empty>,26,244,VIRTUAL,,,4
128849019521,MODIFIER,<empty>,26,244,LAMBDA,,,5
128849019522,MODIFIER,<empty>,2,223,VIRTUAL,,,5
128849019523,MODIFIER,<empty>,,,PRIVATE,,,-1
128849019524,MODIFIER,<empty>,,,PRIVATE,,,-1
128849019525,MODIFIER,<empty>,0,1,MODULE,,,3
128849019526,MODIFIER,<empty>,0,6,VIRTUAL,,,3
128849019527,MODIFIER,<empty>,,,CONSTRUCTOR,,,-1
128849019528,MODIFIER,<empty>,53,28,VIRTUAL,,,5
128849019529,MODIFIER,<empty>,53,28,LAMBDA,,,6
128849019530,MODIFIER,<empty>,53,33,VIRTUAL,,,5
128849019531,MODIFIER,<empty>,53,33,LAMBDA,,,6
128849019532,MODIFIER,<empty>,6,39,VIRTUAL,,,5
128849019533,MODIFIER,<empty>,6,39,LAMBDA,,,6
128849019534,MODIFIER,<empty>,2,10,VIRTUAL,,,4
128849019535,MODIFIER,<empty>,0,1,MODULE,,,3
128849019536,MODIFIER,<empty>,0,7,VIRTUAL,,,3
128849019537,MODIFIER,<empty>,,,CONSTRUCTOR,,,-1
128849019538,MODIFIER,<empty>,2,11,VIRTUAL,,,5
128849019539,MODIFIER,<empty>,2,48,VIRTUAL,,,4
128849019540,MODIFIER,<empty>,0,1,MODULE,,,3
128849019541,MODIFIER,<empty>,0,10,VIRTUAL,,,3
128849019542,MODIFIER,<empty>,,,CONSTRUCTOR,,,-1
128849019543,MODIFIER,<empty>,0,22,VIRTUAL,,,3
128849019544,MODIFIER,<empty>,,,CONSTRUCTOR,,,-1
128849019545,MODIFIER,<empty>,2,26,VIRTUAL,,,4
128849019546,MODIFIER,<empty>,21,81,VIRTUAL,,,4
128849019547,MODIFIER,<empty>,21,81,LAMBDA,,,5
128849019548,MODIFIER,<empty>,2,77,VIRTUAL,,,5
128849019549,MODIFIER,<empty>,,,PRIVATE,,,-1
128849019550,MODIFIER,<empty>,,,PRIVATE,,,-1
128849019551,MODIFIER,<empty>,0,1,MODULE,,,3
128849019552,MODIFIER,<empty>,0,8,VIRTUAL,,,3
128849019553,MODIFIER,<empty>,,,CONSTRUCTOR,,,-1
128849019554,MODIFIER,<empty>,2,13,VIRTUAL,,,15
128849019555,MODIFIER,<empty>,22,129,VIRTUAL,,,4
128849019556,MODIFIER,<empty>,22,129,LAMBDA,,,5
128849019557,MODIFIER,<empty>,2,125,VIRTUAL,,,4
128849019558,MODIFIER,<empty>,,,PRIVATE,,,-1
128849019559,MODIFIER,<empty>,,,PRIVATE,,,-1
128849019560,MODIFIER,<empty>,2,153,VIRTUAL,,,5
128849019561,MODIFIER,<empty>,,,PRIVATE,,,-1
128849019562,MODIFIER,<empty>,,,PRIVATE,,,-1
128849019563,MODIFIER,<empty>,2,166,VIRTUAL,,,5
128849019564,MODIFIER,<empty>,,,PRIVATE,,,-1
128849019565,MODIFIER,<empty>,,,PRIVATE,,,-1
128849019566,MODIFIER,<empty>,20,185,VIRTUAL,,,4
128849019567,MODIFIER,<empty>,20,185,LAMBDA,,,5
128849019568,MODIFIER,<empty>,2,179,VIRTUAL,,,4
128849019569,MODIFIER,<empty>,,,PRIVATE,,,-1
128849019570,MODIFIER,<empty>,,,PRIVATE,,,-1
128849019571,MODIFIER,<empty>,2,206,VIRTUAL,,,5
128849019572,MODIFIER,<empty>,,,PRIVATE,,,-1
128849019573,MODIFIER,<empty>,,,PRIVATE,,,-1
128849019574,MODIFIER,<empty>,2,223,VIRTUAL,,,4
128849019575,MODIFIER,<empty>,,,PRIVATE,,,-1
128849019576,MODIFIER,<empty>,,,PRIVATE,,,-1
128849019577,MODIFIER,<empty>,2,232,VIRTUAL,,,4
128849019578,MODIFIER,<empty>,,,PRIVATE,,,-1
128849019579,MODIFIER,<empty>,,,PRIVATE,,,-1
128849019580,MODIFIER,<empty>,2,241,VIRTUAL,,,4
128849019581,MODIFIER,<empty>,,,PRIVATE,,,-1
128849019582,MODIFIER,<empty>,,,PRIVATE,,,-1
128849019583,MODIFIER,<empty>,2,250,VIRTUAL,,,5
128849019584,MODIFIER,<empty>,,,PRIVATE,,,-1
128849019585,MODIFIER,<empty>,,,PRIVATE,,,-1
128849019586,MODIFIER,<empty>,2,261,VIRTUAL,,,4
128849019587,MODIFIER,<empty>,,,PRIVATE,,,-1
128849019588,MODIFIER,<empty>,,,PRIVATE,,,-1
128849019589,MODIFIER,<empty>,0,1,MODULE,,,3
128849019590,MODIFIER,<empty>,0,13,VIRTUAL,,,3
128849019591,MODIFIER,<empty>,,,CONSTRUCTOR,,,-1
128849019592,MODIFIER,<empty>,2,18,VIRTUAL,,,5
128849019593,MODIFIER,<empty>,2,107,VIRTUAL,,,4
128849019594,MODIFIER,<empty>,2,176,VIRTUAL,,,4
128849019595,MODIFIER,<empty>,2,196,VIRTUAL,,,5
128849019596,MODIFIER,<empty>,2,219,VIRTUAL,,,4
128849019597,MODIFIER,<empty>,2,277,VIRTUAL,,,5
128849019598,MODIFIER,<empty>,,,PRIVATE,,,-1
128849019599,MODIFIER,<empty>,,,PRIVATE,,,-1
128849019600,MODIFIER,<empty>,2,285,VIRTUAL,,,4
128849019601,MODIFIER,<empty>,2,304,VIRTUAL,,,4
128849019602,MODIFIER,<empty>,0,1,MODULE,,,3
128849019603,MODIFIER,<empty>,0,10,VIRTUAL,,,3
128849019604,MODIFIER,<empty>,,,CONSTRUCTOR,,,-1
128849019605,MODIFIER,<empty>,2,15,VIRTUAL,,,4
128849019606,MODIFIER,<empty>,2,64,VIRTUAL,,,4
128849019607,MODIFIER,<empty>,,,PRIVATE,,,-1
128849019608,MODIFIER,<empty>,,,PRIVATE,,,-1
128849019609,MODIFIER,<empty>,44,160,VIRTUAL,,,4
128849019610,MODIFIER,<empty>,44,160,LAMBDA,,,5
128849019611,MODIFIER,<empty>,26,164,VIRTUAL,,,4
128849019612,MODIFIER,<empty>,26,164,LAMBDA,,,5
128849019613,MODIFIER,<empty>,2,150,VIRTUAL,,,5
128849019614,MODIFIER,<empty>,,,PRIVATE,,,-1
128849019615,MODIFIER,<empty>,,,PRIVATE,,,-1
128849019616,MODIFIER,<empty>,45,191,VIRTUAL,,,4
128849019617,MODIFIER,<empty>,45,191,LAMBDA,,,5
128849019618,MODIFIER,<empty>,2,180,VIRTUAL,,,4
128849019619,MODIFIER,<empty>,,,PRIVATE,,,-1
128849019620,MODIFIER,<empty>,,,PRIVATE,,,-1
128849019621,MODIFIER,<empty>,2,209,VIRTUAL,,,4
128849019622,MODIFIER,<empty>,,,PRIVATE,,,-1
128849019623,MODIFIER,<empty>,,,PRIVATE,,,-1
128849019624,MODIFIER,<empty>,0,1,MODULE,,,3
128849019625,MODIFIER,<empty>,0,1,MODULE,,,3
128849019626,MODIFIER,<empty>,0,10,VIRTUAL,,,3
128849019627,MODIFIER,<empty>,,,CONSTRUCTOR,,,-1
128849019628,MODIFIER,<empty>,,,PRIVATE,,,-1
128849019629,MODIFIER,<empty>,25,39,VIRTUAL,,,4
128849019630,MODIFIER,<empty>,25,39,LAMBDA,,,5
128849019631,MODIFIER,<empty>,,,PRIVATE,,,-1
128849019632,MODIFIER,<empty>,27,49,VIRTUAL,,,4
128849019633,MODIFIER,<empty>,27,49,LAMBDA,,,5
128849019634,MODIFIER,<empty>,,,PRIVATE,,,-1
128849019635,MODIFIER,<empty>,24,62,VIRTUAL,,,4
128849019636,MODIFIER,<empty>,24,62,LAMBDA,,,5
128849019637,MODIFIER,<empty>,,,PRIVATE,,,-1
128849019638,MODIFIER,<empty>,31,72,VIRTUAL,,,4
128849019639,MODIFIER,<empty>,31,72,LAMBDA,,,5
128849019640,MODIFIER,<empty>,18,85,VIRTUAL,,,4
128849019641,MODIFIER,<empty>,18,85,LAMBDA,,,5
128849019642,MODIFIER,<empty>,42,145,VIRTUAL,,,4
128849019643,MODIFIER,<empty>,42,145,LAMBDA,,,5
128849019644,MODIFIER,<empty>,19,144,VIRTUAL,,,4
128849019645,MODIFIER,<empty>,19,144,LAMBDA,,,5
128849019646,MODIFIER,<empty>,0,35,VIRTUAL,,,3
128849019647,MODIFIER,<empty>,,,CONSTRUCTOR,,,-1
128849019648,MODIFIER,<empty>,0,1,MODULE,,,3
128849019649,MODIFIER,<empty>,26,12,VIRTUAL,,,3
128849019650,MODIFIER,<empty>,26,12,LAMBDA,,,4
128849019651,MODIFIER,<empty>,30,23,VIRTUAL,,,3
128849019652,MODIFIER,<empty>,30,23,LAMBDA,,,4
128849019653,MODIFIER,<empty>,26,33,VIRTUAL,,,4
128849019654,MODIFIER,<empty>,26,33,LAMBDA,,,5
128849019655,MODIFIER,<empty>,1,6,VIRTUAL,,,3
128849019656,MODIFIER,<empty>,,,CONSTRUCTOR,,,-1
128849019657,MODIFIER,<empty>,0,1,MODULE,,,3
128849019658,MODIFIER,<empty>,0,11,VIRTUAL,,,3
128849019659,MODIFIER,<empty>,,,CONSTRUCTOR,,,-1
128849019660,MODIFIER,<empty>,,,PRIVATE,,,-1
128849019661,MODIFIER,<empty>,,,PRIVATE,,,-1
128849019662,MODIFIER,<empty>,31,33,VIRTUAL,,,4
128849019663,MODIFIER,<empty>,31,33,LAMBDA,,,5
128849019664,MODIFIER,<empty>,,,PRIVATE,,,-1
128849019665,MODIFIER,<empty>,28,46,VIRTUAL,,,4
128849019666,MODIFIER,<empty>,28,46,LAMBDA,,,5
128849019667,MODIFIER,<empty>,,,PRIVATE,,,-1
128849019668,MODIFIER,<empty>,47,63,VIRTUAL,,,4
128849019669,MODIFIER,<empty>,47,63,LAMBDA,,,5
128849019670,MODIFIER,<empty>,35,59,VIRTUAL,,,4
128849019671,MODIFIER,<empty>,35,59,LAMBDA,,,5
128849019672,MODIFIER,<empty>,,,PRIVATE,,,-1
128849019673,MODIFIER,<empty>,31,74,VIRTUAL,,,4
128849019674,MODIFIER,<empty>,31,74,LAMBDA,,,5
128849019675,MODIFIER,<empty>,19,122,VIRTUAL,,,4
128849019676,MODIFIER,<empty>,19,122,LAMBDA,,,5
128849019677,MODIFIER,<empty>,30,137,VIRTUAL,,,3
128849019678,MODIFIER,<empty>,30,137,LAMBDA,,,4
128849019679,MODIFIER,<empty>,0,27,VIRTUAL,,,3
128849019680,MODIFIER,<empty>,,,CONSTRUCTOR,,,-1
128849019681,MODIFIER,<empty>,0,1,MODULE,,,3
128849019682,MODIFIER,<empty>,26,57,VIRTUAL,,,4
128849019683,MODIFIER,<empty>,26,57,LAMBDA,,,5
128849019684,MODIFIER,<empty>,20,15,VIRTUAL,,,3
128849019685,MODIFIER,<empty>,20,15,LAMBDA,,,4
128849019686,MODIFIER,<empty>,88,89,VIRTUAL,,,3
128849019687,MODIFIER,<empty>,88,89,LAMBDA,,,4
128849019688,MODIFIER,<empty>,43,115,VIRTUAL,,,4
128849019689,MODIFIER,<empty>,43,115,LAMBDA,,,5
128849019690,MODIFIER,<empty>,16,84,VIRTUAL,,,4
128849019691,MODIFIER,<empty>,16,84,LAMBDA,,,5
128849019692,MODIFIER,<empty>,0,9,VIRTUAL,,,3
128849019693,MODIFIER,<empty>,,,CONSTRUCTOR,,,-1
128849019694,MODIFIER,<empty>,0,1,MODULE,,,3
128849019695,MODIFIER,<empty>,0,2,VIRTUAL,,,3
128849019696,MODIFIER,<empty>,,,CONSTRUCTOR,,,-1
128849019697,MODIFIER,<empty>,18,38,VIRTUAL,,,4
128849019698,MODIFIER,<empty>,18,38,LAMBDA,,,5
128849019699,MODIFIER,<empty>,26,75,VIRTUAL,,,4
128849019700,MODIFIER,<empty>,26,75,LAMBDA,,,5
128849019701,MODIFIER,<empty>,22,74,VIRTUAL,,,4
128849019702,MODIFIER,<empty>,22,74,LAMBDA,,,5
128849019703,MODIFIER,<empty>,0,34,VIRTUAL,,,3
128849019704,MODIFIER,<empty>,,,CONSTRUCTOR,,,-1
128849019705,MODIFIER,<empty>,0,1,MODULE,,,3
128849019706,MODIFIER,<empty>,,,PRIVATE,,,-1
128849019707,MODIFIER,<empty>,2,9,VIRTUAL,,,5
128849019708,MODIFIER,<empty>,,,CONSTRUCTOR,,,-1
128849019709,MODIFIER,<empty>,,,PRIVATE,,,-1
128849019710,MODIFIER,<empty>,,,PRIVATE,,,-1
128849019711,MODIFIER,<empty>,2,24,VIRTUAL,,,3
128849019712,MODIFIER,<empty>,,,PRIVATE,,,-1
128849019713,MODIFIER,<empty>,,,PRIVATE,,,-1
128849019714,MODIFIER,<empty>,2,38,VIRTUAL,,,3
128849019715,MODIFIER,<empty>,,,PRIVATE,,,-1
128849019716,MODIFIER,<empty>,,,PRIVATE,,,-1
128849019717,MODIFIER,<empty>,2,47,VIRTUAL,,,4
128849019718,MODIFIER,<empty>,2,86,VIRTUAL,,,6
128849019719,MODIFIER,<empty>,2,107,VIRTUAL,,,4
128849019720,MODIFIER,<empty>,0,1,MODULE,,,3
128849019721,MODIFIER,<empty>,7,6,VIRTUAL,,,3
128849019722,MODIFIER,<empty>,,,CONSTRUCTOR,,,-1
128849019723,MODIFIER,<empty>,36,20,VIRTUAL,,,4
128849019724,MODIFIER,<empty>,36,20,LAMBDA,,,5
128849019725,MODIFIER,<empty>,23,19,VIRTUAL,,,4
128849019726,MODIFIER,<empty>,23,19,LAMBDA,,,5
128849019727,MODIFIER,<empty>,2,11,VIRTUAL,,,6
128849019728,MODIFIER,<empty>,2,61,VIRTUAL,,,4
128849019729,MODIFIER,<empty>,,,PRIVATE,,,-1
128849019730,MODIFIER,<empty>,,,PRIVATE,,,-1
128849019731,MODIFIER,<empty>,0,1,MODULE,,,3
128849019732,MODIFIER,<empty>,7,9,VIRTUAL,,,3
128849019733,MODIFIER,<empty>,,,CONSTRUCTOR,,,-1
128849019734,MODIFIER,<empty>,2,14,VIRTUAL,,,5
128849019735,MODIFIER,<empty>,2,68,VIRTUAL,,,5
128849019736,MODIFIER,<empty>,2,120,VIRTUAL,,,4
128849019737,MODIFIER,<empty>,2,142,VIRTUAL,,,5
128849019738,MODIFIER,<empty>,2,164,VIRTUAL,,,4
128849019739,MODIFIER,<empty>,2,185,VIRTUAL,,,4
128849019740,MODIFIER,<empty>,2,201,VIRTUAL,,,4
128849019741,MODIFIER,<empty>,,,PRIVATE,,,-1
128849019742,MODIFIER,<empty>,,,PRIVATE,,,-1
128849019743,MODIFIER,<empty>,0,1,MODULE,,,3
128849019744,MODIFIER,<empty>,2,11,VIRTUAL,,,3
128849019745,MODIFIER,<empty>,,,CONSTRUCTOR,,,-1
128849019746,MODIFIER,<empty>,,,PRIVATE,,,-1
128849019747,MODIFIER,<empty>,,,PRIVATE,,,-1
128849019748,MODIFIER,<empty>,,,PRIVATE,,,-1
128849019749,MODIFIER,<empty>,2,20,VIRTUAL,,,4
128849019750,MODIFIER,<empty>,2,70,VIRTUAL,,,4
128849019751,MODIFIER,<empty>,,,PRIVATE,,,-1
128849019752,MODIFIER,<empty>,,,PRIVATE,,,-1
128849019753,MODIFIER,<empty>,0,1,MODULE,,,3
128849019754,MODIFIER,<empty>,,,PRIVATE,,,-1
128849019755,MODIFIER,<empty>,2,9,VIRTUAL,,,5
128849019756,MODIFIER,<empty>,,,CONSTRUCTOR,,,-1
128849019757,MODIFIER,<empty>,,,PRIVATE,,,-1
128849019758,MODIFIER,<empty>,,,PRIVATE,,,-1
128849019759,MODIFIER,<empty>,2,14,VIRTUAL,,,3
128849019760,MODIFIER,<empty>,,,PRIVATE,,,-1
128849019761,MODIFIER,<empty>,,,PRIVATE,,,-1
128849019762,MODIFIER,<empty>,2,28,VIRTUAL,,,3
128849019763,MODIFIER,<empty>,,,PRIVATE,,,-1
128849019764,MODIFIER,<empty>,,,PRIVATE,,,-1
128849019765,MODIFIER,<empty>,2,37,VIRTUAL,,,4
128849019766,MODIFIER,<empty>,2,67,VIRTUAL,,,5
128849019767,MODIFIER,<empty>,0,1,MODULE,,,3
128849019768,MODIFIER,<empty>,7,3,VIRTUAL,,,3
128849019769,MODIFIER,<empty>,,,CONSTRUCTOR,,,-1
128849019770,MODIFIER,<empty>,36,17,VIRTUAL,,,4
128849019771,MODIFIER,<empty>,36,17,LAMBDA,,,5
128849019772,MODIFIER,<empty>,23,16,VIRTUAL,,,4
128849019773,MODIFIER,<empty>,23,16,LAMBDA,,,5
128849019774,MODIFIER,<empty>,2,8,VIRTUAL,,,6
128849019775,MODIFIER,<empty>,2,54,VIRTUAL,,,4
128849019776,MODIFIER,<empty>,,,PRIVATE,,,-1
128849019777,MODIFIER,<empty>,,,PRIVATE,,,-1
128849019778,MODIFIER,<empty>,0,1,MODULE,,,3
128849019779,MODIFIER,<empty>,7,9,VIRTUAL,,,3
128849019780,MODIFIER,<empty>,,,CONSTRUCTOR,,,-1
128849019781,MODIFIER,<empty>,2,14,VIRTUAL,,,5
128849019782,MODIFIER,<empty>,2,60,VIRTUAL,,,5
128849019783,MODIFIER,<empty>,2,102,VIRTUAL,,,4
128849019784,MODIFIER,<empty>,2,124,VIRTUAL,,,5
128849019785,MODIFIER,<empty>,2,146,VIRTUAL,,,4
128849019786,MODIFIER,<empty>,2,162,VIRTUAL,,,4
128849019787,MODIFIER,<empty>,,,PRIVATE,,,-1
128849019788,MODIFIER,<empty>,,,PRIVATE,,,-1
128849019789,MODIFIER,<empty>,0,1,MODULE,,,3
128849019790,MODIFIER,<empty>,2,11,VIRTUAL,,,3
128849019791,MODIFIER,<empty>,,,CONSTRUCTOR,,,-1
128849019792,MODIFIER,<empty>,,,PRIVATE,,,-1
128849019793,MODIFIER,<empty>,,,PRIVATE,,,-1
128849019794,MODIFIER,<empty>,,,PRIVATE,,,-1
128849019795,MODIFIER,<empty>,2,20,VIRTUAL,,,4
128849019796,MODIFIER,<empty>,2,58,VIRTUAL,,,4
128849019797,MODIFIER,<empty>,,,PRIVATE,,,-1
128849019798,MODIFIER,<empty>,,,PRIVATE,,,-1
128849019799,MODIFIER,<empty>,0,1,MODULE,,,3
128849019800,MODIFIER,<empty>,,,PRIVATE,,,-1
128849019801,MODIFIER,<empty>,2,9,VIRTUAL,,,5
128849019802,MODIFIER,<empty>,,,CONSTRUCTOR,,,-1
128849019803,MODIFIER,<empty>,,,PRIVATE,,,-1
128849019804,MODIFIER,<empty>,,,PRIVATE,,,-1
128849019805,MODIFIER,<empty>,2,14,VIRTUAL,,,3
128849019806,MODIFIER,<empty>,,,PRIVATE,,,-1
128849019807,MODIFIER,<empty>,,,PRIVATE,,,-1
128849019808,MODIFIER,<empty>,2,28,VIRTUAL,,,3
128849019809,MODIFIER,<empty>,,,PRIVATE,,,-1
128849019810,MODIFIER,<empty>,,,PRIVATE,,,-1
128849019811,MODIFIER,<empty>,2,37,VIRTUAL,,,4
128849019812,MODIFIER,<empty>,0,1,MODULE,,,3
128849019813,MODIFIER,<empty>,7,3,VIRTUAL,,,3
128849019814,MODIFIER,<empty>,,,CONSTRUCTOR,,,-1
128849019815,MODIFIER,<empty>,36,15,VIRTUAL,,,4
128849019816,MODIFIER,<empty>,36,15,LAMBDA,,,5
128849019817,MODIFIER,<empty>,23,14,VIRTUAL,,,4
128849019818,MODIFIER,<empty>,23,14,LAMBDA,,,5
128849019819,MODIFIER,<empty>,2,8,VIRTUAL,,,4
128849019820,MODIFIER,<empty>,2,57,VIRTUAL,,,4
128849019821,MODIFIER,<empty>,,,PRIVATE,,,-1
128849019822,MODIFIER,<empty>,,,PRIVATE,,,-1
128849019823,MODIFIER,<empty>,0,1,MODULE,,,3
128849019824,MODIFIER,<empty>,7,9,VIRTUAL,,,3
128849019825,MODIFIER,<empty>,,,CONSTRUCTOR,,,-1
128849019826,MODIFIER,<empty>,2,14,VIRTUAL,,,5
128849019827,MODIFIER,<empty>,2,65,VIRTUAL,,,5
128849019828,MODIFIER,<empty>,2,110,VIRTUAL,,,4
128849019829,MODIFIER,<empty>,2,132,VIRTUAL,,,5
128849019830,MODIFIER,<empty>,2,154,VIRTUAL,,,4
128849019831,MODIFIER,<empty>,2,170,VIRTUAL,,,4
128849019832,MODIFIER,<empty>,,,PRIVATE,,,-1
128849019833,MODIFIER,<empty>,,,PRIVATE,,,-1
128849019834,MODIFIER,<empty>,0,1,MODULE,,,3
128849019835,MODIFIER,<empty>,2,11,VIRTUAL,,,3
128849019836,MODIFIER,<empty>,,,CONSTRUCTOR,,,-1
128849019837,MODIFIER,<empty>,,,PRIVATE,,,-1
128849019838,MODIFIER,<empty>,,,PRIVATE,,,-1
128849019839,MODIFIER,<empty>,,,PRIVATE,,,-1
128849019840,MODIFIER,<empty>,2,20,VIRTUAL,,,4
128849019841,MODIFIER,<empty>,2,54,VIRTUAL,,,4
128849019842,MODIFIER,<empty>,,,PRIVATE,,,-1
128849019843,MODIFIER,<empty>,,,PRIVATE,,,-1
128849019844,MODIFIER,<empty>,0,1,MODULE,,,3
128849019845,MODIFIER,<empty>,2,83,VIRTUAL,,,4
128849019846,MODIFIER,<empty>,6,94,VIRTUAL,,,4
128849019847,MODIFIER,<empty>,6,94,LAMBDA,,,5
128849019848,MODIFIER,<empty>,28,99,VIRTUAL,,,4
128849019849,MODIFIER,<empty>,28,99,LAMBDA,,,5
128849019850,MODIFIER,<empty>,7,4,VIRTUAL,,,3
128849019851,MODIFIER,<empty>,7,118,VIRTUAL,,,4
128849019852,MODIFIER,<empty>,0,1,MODULE,,,3
128849019853,MODIFIER,<empty>,7,3,VIRTUAL,,,3
128849019854,MODIFIER,<empty>,,,CONSTRUCTOR,,,-1
128849019855,MODIFIER,<empty>,2,17,VIRTUAL,,,5
128849019856,MODIFIER,<empty>,,,CONSTRUCTOR,,,-1
128849019857,MODIFIER,<empty>,,,PRIVATE,,,-1
128849019858,MODIFIER,<empty>,,,PRIVATE,,,-1
128849019859,MODIFIER,<empty>,,,PRIVATE,,,-1
128849019860,MODIFIER,<empty>,2,33,VIRTUAL,,,3
128849019861,MODIFIER,<empty>,,,PRIVATE,,,-1
128849019862,MODIFIER,<empty>,,,PRIVATE,,,-1
128849019863,MODIFIER,<empty>,23,48,VIRTUAL,,,5
128849019864,MODIFIER,<empty>,23,48,LAMBDA,,,6
128849019865,MODIFIER,<empty>,2,44,VIRTUAL,,,4
128849019866,MODIFIER,<empty>,0,1,MODULE,,,3
128849019867,MODIFIER,<empty>,7,10,VIRTUAL,,,3
128849019868,MODIFIER,<empty>,,,CONSTRUCTOR,,,-1
128849019869,MODIFIER,<empty>,7,47,VIRTUAL,,,3
128849019870,MODIFIER,<empty>,,,CONSTRUCTOR,,,-1
128849019871,MODIFIER,<empty>,7,65,VIRTUAL,,,3
128849019872,MODIFIER,<empty>,,,CONSTRUCTOR,,,-1
128849019873,MODIFIER,<empty>,7,83,VIRTUAL,,,3
128849019874,MODIFIER,<empty>,,,CONSTRUCTOR,,,-1
128849019875,MODIFIER,<empty>,7,94,VIRTUAL,,,3
128849019876,MODIFIER,<empty>,,,CONSTRUCTOR,,,-1
128849019877,MODIFIER,<empty>,0,1,MODULE,,,3
128849019878,MODIFIER,<empty>,7,3,VIRTUAL,,,3
128849019879,MODIFIER,<empty>,,,CONSTRUCTOR,,,-1
128849019880,MODIFIER,<empty>,7,15,VIRTUAL,,,3
128849019881,MODIFIER,<empty>,,,CONSTRUCTOR,,,-1
128849019882,MODIFIER,<empty>,7,23,VIRTUAL,,,3
128849019883,MODIFIER,<empty>,,,CONSTRUCTOR,,,-1
128849019884,MODIFIER,<empty>,7,35,VIRTUAL,,,3
128849019885,MODIFIER,<empty>,,,CONSTRUCTOR,,,-1
128849019886,MODIFIER,<empty>,7,42,VIRTUAL,,,3
128849019887,MODIFIER,<empty>,,,CONSTRUCTOR,,,-1
128849019888,MODIFIER,<empty>,7,55,VIRTUAL,,,3
128849019889,MODIFIER,<empty>,,,CONSTRUCTOR,,,-1
128849019890,MODIFIER,<empty>,7,63,VIRTUAL,,,3
128849019891,MODIFIER,<empty>,,,CONSTRUCTOR,,,-1
128849019892,MODIFIER,<empty>,7,76,VIRTUAL,,,3
128849019893,MODIFIER,<empty>,,,CONSTRUCTOR,,,-1
128849019894,MODIFIER,<empty>,7,85,VIRTUAL,,,3
128849019895,MODIFIER,<empty>,,,CONSTRUCTOR,,,-1
128849019896,MODIFIER,<empty>,0,1,MODULE,,,3
128849019897,MODIFIER,<empty>,7,2,VIRTUAL,,,3
128849019898,MODIFIER,<empty>,,,CONSTRUCTOR,,,-1
128849019899,MODIFIER,<empty>,7,23,VIRTUAL,,,3
128849019900,MODIFIER,<empty>,,,CONSTRUCTOR,,,-1
128849019901,MODIFIER,<empty>,7,32,VIRTUAL,,,3
128849019902,MODIFIER,<empty>,,,CONSTRUCTOR,,,-1
128849019903,MODIFIER,<empty>,7,41,VIRTUAL,,,3
128849019904,MODIFIER,<empty>,,,CONSTRUCTOR,,,-1
128849019905,MODIFIER,<empty>,7,55,VIRTUAL,,,3
128849019906,MODIFIER,<empty>,,,CONSTRUCTOR,,,-1
128849019907,MODIFIER,<empty>,7,67,VIRTUAL,,,3
128849019908,MODIFIER,<empty>,,,CONSTRUCTOR,,,-1
128849019909,MODIFIER,<empty>,7,80,VIRTUAL,,,3
128849019910,MODIFIER,<empty>,,,CONSTRUCTOR,,,-1
128849019911,MODIFIER,<empty>,7,96,VIRTUAL,,,3
128849019912,MODIFIER,<empty>,,,CONSTRUCTOR,,,-1
128849019913,MODIFIER,<empty>,7,115,VIRTUAL,,,3
128849019914,MODIFIER,<empty>,,,CONSTRUCTOR,,,-1
128849019915,MODIFIER,<empty>,0,1,MODULE,,,3
128849019916,MODIFIER,<empty>,0,1,MODULE,,,3
128849019917,MODIFIER,<empty>,7,3,VIRTUAL,,,3
128849019918,MODIFIER,<empty>,,,CONSTRUCTOR,,,-1
128849019919,MODIFIER,<empty>,7,52,VIRTUAL,,,3
128849019920,MODIFIER,<empty>,,,CONSTRUCTOR,,,-1
128849019921,MODIFIER,<empty>,7,72,VIRTUAL,,,3
128849019922,MODIFIER,<empty>,,,CONSTRUCTOR,,,-1
128849019923,MODIFIER,<empty>,7,85,VIRTUAL,,,3
128849019924,MODIFIER,<empty>,,,CONSTRUCTOR,,,-1
128849019925,MODIFIER,<empty>,7,97,VIRTUAL,,,3
128849019926,MODIFIER,<empty>,,,CONSTRUCTOR,,,-1
128849019927,MODIFIER,<empty>,7,108,VIRTUAL,,,3
128849019928,MODIFIER,<empty>,,,CONSTRUCTOR,,,-1
128849019929,MODIFIER,<empty>,7,121,VIRTUAL,,,3
128849019930,MODIFIER,<empty>,,,CONSTRUCTOR,,,-1
128849019931,MODIFIER,<empty>,7,163,VIRTUAL,,,3
128849019932,MODIFIER,<empty>,,,CONSTRUCTOR,,,-1
128849019933,MODIFIER,<empty>,7,173,VIRTUAL,,,3
128849019934,MODIFIER,<empty>,,,CONSTRUCTOR,,,-1
128849019935,MODIFIER,<empty>,0,1,MODULE,,,3
128849019936,MODIFIER,<empty>,7,4,VIRTUAL,,,3
128849019937,MODIFIER,<empty>,,,CONSTRUCTOR,,,-1
128849019938,MODIFIER,<empty>,7,14,VIRTUAL,,,3
128849019939,MODIFIER,<empty>,,,CONSTRUCTOR,,,-1
128849019940,MODIFIER,<empty>,0,1,MODULE,,,3
128849019941,MODIFIER,<empty>,7,10,VIRTUAL,,,3
128849019942,MODIFIER,<empty>,,,CONSTRUCTOR,,,-1
128849019943,MODIFIER,<empty>,7,74,VIRTUAL,,,3
128849019944,MODIFIER,<empty>,,,CONSTRUCTOR,,,-1
128849019945,MODIFIER,<empty>,7,97,VIRTUAL,,,3
128849019946,MODIFIER,<empty>,,,CONSTRUCTOR,,,-1
128849019947,MODIFIER,<empty>,7,108,VIRTUAL,,,3
128849019948,MODIFIER,<empty>,,,CONSTRUCTOR,,,-1
128849019949,MODIFIER,<empty>,7,127,VIRTUAL,,,3
128849019950,MODIFIER,<empty>,,,CONSTRUCTOR,,,-1
128849019951,MODIFIER,<empty>,7,138,VIRTUAL,,,3
128849019952,MODIFIER,<empty>,,,CONSTRUCTOR,,,-1
128849019953,MODIFIER,<empty>,0,1,MODULE,,,3
128849019954,MODIFIER,<empty>,7,2,VIRTUAL,,,3
128849019955,MODIFIER,<empty>,,,CONSTRUCTOR,,,-1
128849019956,MODIFIER,<empty>,7,18,VIRTUAL,,,3
128849019957,MODIFIER,<empty>,,,CONSTRUCTOR,,,-1
128849019958,MODIFIER,<empty>,7,26,VIRTUAL,,,3
128849019959,MODIFIER,<empty>,,,CONSTRUCTOR,,,-1
128849019960,MODIFIER,<empty>,7,38,VIRTUAL,,,3
128849019961,MODIFIER,<empty>,,,CONSTRUCTOR,,,-1
128849019962,MODIFIER,<empty>,0,1,MODULE,,,3
128849019963,MODIFIER,<empty>,7,1,VIRTUAL,,,3
128849019964,MODIFIER,<empty>,,,CONSTRUCTOR,,,-1
128849019965,MODIFIER,<empty>,7,16,VIRTUAL,,,3
128849019966,MODIFIER,<empty>,,,CONSTRUCTOR,,,-1
128849019967,MODIFIER,<empty>,7,27,VIRTUAL,,,3
128849019968,MODIFIER,<empty>,,,CONSTRUCTOR,,,-1
128849019969,MODIFIER,<empty>,7,41,VIRTUAL,,,3
128849019970,MODIFIER,<empty>,,,CONSTRUCTOR,,,-1
128849019971,MODIFIER,<empty>,7,52,VIRTUAL,,,3
128849019972,MODIFIER,<empty>,,,CONSTRUCTOR,,,-1
128849019973,MODIFIER,<empty>,7,62,VIRTUAL,,,3
128849019974,MODIFIER,<empty>,,,CONSTRUCTOR,,,-1
128849019975,MODIFIER,<empty>,7,73,VIRTUAL,,,3
128849019976,MODIFIER,<empty>,,,CONSTRUCTOR,,,-1
128849019977,MODIFIER,<empty>,7,80,VIRTUAL,,,3
128849019978,MODIFIER,<empty>,,,CONSTRUCTOR,,,-1
128849019979,MODIFIER,<empty>,7,90,VIRTUAL,,,3
128849019980,MODIFIER,<empty>,,,CONSTRUCTOR,,,-1
128849019981,MODIFIER,<empty>,7,102,VIRTUAL,,,3
128849019982,MODIFIER,<empty>,,,CONSTRUCTOR,,,-1
128849019983,MODIFIER,<empty>,7,110,VIRTUAL,,,3
128849019984,MODIFIER,<empty>,,,CONSTRUCTOR,,,-1
128849019985,MODIFIER,<empty>,0,1,MODULE,,,3
128849019986,MODIFIER,<empty>,7,7,VIRTUAL,,,4
128849019987,MODIFIER,<empty>,7,61,VIRTUAL,,,4
128849019988,MODIFIER,<empty>,7,115,VIRTUAL,,,4
128849019989,MODIFIER,<empty>,7,160,VIRTUAL,,,4
128849019990,MODIFIER,<empty>,7,192,VIRTUAL,,,4
128849019991,MODIFIER,<empty>,7,246,VIRTUAL,,,4
128849019992,MODIFIER,<empty>,0,1,MODULE,,,3
