146028888064,TAG,UNKNOWN_METHOD,"FULL_NAME,ZXhwcmVzczpSZXF1ZXN0,ALIAS,UmVxdWVzdA==,RECEIVER,dGhpcw=="
146028888065,TAG,UNKNOWN_TYPE_DECL,express:Request
146028888066,TAG,UNKNOWN_METHOD,"FULL_NAME,ZXhwcmVzczpSZXNwb25zZQ==,ALIAS,UmVzcG9uc2U=,RECEIVER,dGhpcw=="
146028888067,TAG,UNKNOWN_TYPE_DECL,express:Response
146028888068,TAG,UNKNOWN_METHOD,"FULL_NAME,Li4vc2VydmljZXMvYWkvZ2VtaW5pU2VydmljZTpnZW1pbmlTZXJ2aWNl,ALIAS,Z2VtaW5pU2VydmljZQ==,RECEIVER,dGhpcw=="
146028888069,TAG,UNKNOWN_TYPE_DECL,../services/ai/geminiService:geminiService
146028888070,TAG,UNKNOWN_METHOD,"FULL_NAME,Li4vc2VydmljZXMvYWkvcHJvamVjdEluc2lnaHRzU2VydmljZTpwcm9qZWN0SW5zaWdodHNTZXJ2aWNl,ALIAS,cHJvamVjdEluc2lnaHRzU2VydmljZQ==,RECEIVER,dGhpcw=="
146028888071,TAG,UNKNOWN_TYPE_DECL,../services/ai/projectInsightsService:projectInsightsService
146028888072,TAG,RESOLVED_METHOD,"FULL_NAME,c2VydmljZXMvYWkvaW5zaWdodHNQYXJzZXIudHM6OnByb2dyYW06cGFyc2VBbmRDb3JyZWN0SW5zaWdodHM=,ALIAS,cGFyc2VBbmRDb3JyZWN0SW5zaWdodHM=,RECEIVER,dGhpcw=="
146028888073,TAG,RESOLVED_TYPE_DECL,services/ai/insightsParser.ts::program:parseAndCorrectInsights
146028888074,TAG,RESOLVED_METHOD,"FULL_NAME,ZGIvcXVlcmllcy50czo6cHJvZ3JhbTpzYXZlUHJvamVjdEluc2lnaHRz,ALIAS,c2F2ZVByb2plY3RJbnNpZ2h0cw==,RECEIVER,dGhpcw=="
146028888075,TAG,RESOLVED_TYPE_DECL,db/queries.ts::program:saveProjectInsights
146028888076,TAG,RESOLVED_METHOD,"FULL_NAME,ZGIvcXVlcmllcy50czo6cHJvZ3JhbTpnZXRMYXRlc3RQcm9qZWN0SW5zaWdodHM=,ALIAS,Z2V0TGF0ZXN0UHJvamVjdEluc2lnaHRz,RECEIVER,dGhpcw=="
146028888077,TAG,RESOLVED_TYPE_DECL,db/queries.ts::program:getLatestProjectInsights
146028888078,TAG,RESOLVED_METHOD,"FULL_NAME,ZGIvcXVlcmllcy50czo6cHJvZ3JhbTpnZXRQcm9qZWN0SW5zaWdodHNIaXN0b3J5QnlJZA==,ALIAS,Z2V0UHJvamVjdEluc2lnaHRzSGlzdG9yeUJ5SWQ=,RECEIVER,dGhpcw=="
146028888079,TAG,RESOLVED_TYPE_DECL,db/queries.ts::program:getProjectInsightsHistoryById
146028888080,TAG,RESOLVED_METHOD,"FULL_NAME,ZGIvcXVlcmllcy50czo6cHJvZ3JhbTpnZXRBbGxMYXRlc3RQcm9qZWN0SW5zaWdodHM=,ALIAS,Z2V0QWxsTGF0ZXN0UHJvamVjdEluc2lnaHRz,RECEIVER,dGhpcw=="
146028888081,TAG,RESOLVED_TYPE_DECL,db/queries.ts::program:getAllLatestProjectInsights
146028888082,TAG,UNKNOWN_METHOD,"FULL_NAME,ZXhwcmVzczpSZXF1ZXN0,ALIAS,UmVxdWVzdA==,RECEIVER,dGhpcw=="
146028888083,TAG,UNKNOWN_TYPE_DECL,express:Request
146028888084,TAG,UNKNOWN_METHOD,"FULL_NAME,ZXhwcmVzczpSZXNwb25zZQ==,ALIAS,UmVzcG9uc2U=,RECEIVER,dGhpcw=="
146028888085,TAG,UNKNOWN_TYPE_DECL,express:Response
146028888086,TAG,UNKNOWN_METHOD,"FULL_NAME,Li4vc2VydmljZXMvY29tbWl0TWV0cmljcy9jb21taXRNZXRyaWNzU3luY1NlcnZpY2U6Y29tbWl0TWV0cmljc1N5bmNTZXJ2aWNl,ALIAS,Y29tbWl0TWV0cmljc1N5bmNTZXJ2aWNl,RECEIVER,dGhpcw=="
146028888087,TAG,UNKNOWN_TYPE_DECL,../services/commitMetrics/commitMetricsSyncService:commitMetricsSyncService
146028888088,TAG,UNKNOWN_METHOD,"FULL_NAME,Li4vc2VydmljZXMvY29tbWl0TWV0cmljcy9jb21taXRNZXRyaWNzRGJTZXJ2aWNlOmNvbW1pdE1ldHJpY3NEYlNlcnZpY2U=,ALIAS,Y29tbWl0TWV0cmljc0RiU2VydmljZQ==,RECEIVER,dGhpcw=="
146028888089,TAG,UNKNOWN_TYPE_DECL,../services/commitMetrics/commitMetricsDbService:commitMetricsDbService
146028888090,TAG,UNKNOWN_METHOD,"FULL_NAME,ZXhwcmVzczpSZXF1ZXN0,ALIAS,UmVxdWVzdA==,RECEIVER,dGhpcw=="
146028888091,TAG,UNKNOWN_TYPE_DECL,express:Request
146028888092,TAG,UNKNOWN_METHOD,"FULL_NAME,ZXhwcmVzczpSZXNwb25zZQ==,ALIAS,UmVzcG9uc2U=,RECEIVER,dGhpcw=="
146028888093,TAG,UNKNOWN_TYPE_DECL,express:Response
146028888094,TAG,RESOLVED_METHOD,"FULL_NAME,c2VydmljZXMvZG9yYU1ldHJpY3MvZG9yYU1ldHJpY3NEYlNlcnZpY2UudHM6OnByb2dyYW06c2F2ZURlcGxveW1lbnRGcmVxdWVuY3k=,ALIAS,c2F2ZURlcGxveW1lbnRGcmVxdWVuY3k=,RECEIVER,dGhpcw=="
146028888095,TAG,RESOLVED_TYPE_DECL,services/doraMetrics/doraMetricsDbService.ts::program:saveDeploymentFrequency
146028888096,TAG,RESOLVED_METHOD,"FULL_NAME,c2VydmljZXMvZG9yYU1ldHJpY3MvZG9yYU1ldHJpY3NEYlNlcnZpY2UudHM6OnByb2dyYW06c2F2ZUxlYWRUaW1lQ2hhbmdl,ALIAS,c2F2ZUxlYWRUaW1lQ2hhbmdl,RECEIVER,dGhpcw=="
146028888097,TAG,RESOLVED_TYPE_DECL,services/doraMetrics/doraMetricsDbService.ts::program:saveLeadTimeChange
146028888098,TAG,RESOLVED_METHOD,"FULL_NAME,c2VydmljZXMvZG9yYU1ldHJpY3MvZG9yYU1ldHJpY3NEYlNlcnZpY2UudHM6OnByb2dyYW06c2F2ZUNoYW5nZUZhaWx1cmVSYXRl,ALIAS,c2F2ZUNoYW5nZUZhaWx1cmVSYXRl,RECEIVER,dGhpcw=="
146028888099,TAG,RESOLVED_TYPE_DECL,services/doraMetrics/doraMetricsDbService.ts::program:saveChangeFailureRate
146028888100,TAG,RESOLVED_METHOD,"FULL_NAME,c2VydmljZXMvZG9yYU1ldHJpY3MvZG9yYU1ldHJpY3NEYlNlcnZpY2UudHM6OnByb2dyYW06c2F2ZVRpbWVUb1Jlc3RvcmVTZXJ2aWNl,ALIAS,c2F2ZVRpbWVUb1Jlc3RvcmVTZXJ2aWNl,RECEIVER,dGhpcw=="
146028888101,TAG,RESOLVED_TYPE_DECL,services/doraMetrics/doraMetricsDbService.ts::program:saveTimeToRestoreService
146028888102,TAG,RESOLVED_METHOD,"FULL_NAME,c2VydmljZXMvZG9yYU1ldHJpY3MvZG9yYU1ldHJpY3NEYlNlcnZpY2UudHM6OnByb2dyYW06Z2V0RGVwbG95bWVudEZyZXF1ZW5jeUJ5UHJvamVjdA==,ALIAS,Z2V0RGVwbG95bWVudEZyZXF1ZW5jeUJ5UHJvamVjdA==,RECEIVER,dGhpcw=="
146028888103,TAG,RESOLVED_TYPE_DECL,services/doraMetrics/doraMetricsDbService.ts::program:getDeploymentFrequencyByProject
146028888104,TAG,RESOLVED_METHOD,"FULL_NAME,c2VydmljZXMvZG9yYU1ldHJpY3MvZG9yYU1ldHJpY3NEYlNlcnZpY2UudHM6OnByb2dyYW06Z2V0TGVhZFRpbWVDaGFuZ2VzQnlQcm9qZWN0,ALIAS,Z2V0TGVhZFRpbWVDaGFuZ2VzQnlQcm9qZWN0,RECEIVER,dGhpcw=="
146028888105,TAG,RESOLVED_TYPE_DECL,services/doraMetrics/doraMetricsDbService.ts::program:getLeadTimeChangesByProject
146028888106,TAG,RESOLVED_METHOD,"FULL_NAME,c2VydmljZXMvZG9yYU1ldHJpY3MvZG9yYU1ldHJpY3NEYlNlcnZpY2UudHM6OnByb2dyYW06Z2V0Q2hhbmdlRmFpbHVyZVJhdGVCeVByb2plY3Q=,ALIAS,Z2V0Q2hhbmdlRmFpbHVyZVJhdGVCeVByb2plY3Q=,RECEIVER,dGhpcw=="
146028888107,TAG,RESOLVED_TYPE_DECL,services/doraMetrics/doraMetricsDbService.ts::program:getChangeFailureRateByProject
146028888108,TAG,RESOLVED_METHOD,"FULL_NAME,c2VydmljZXMvZG9yYU1ldHJpY3MvZG9yYU1ldHJpY3NEYlNlcnZpY2UudHM6OnByb2dyYW06Z2V0VGltZVRvUmVzdG9yZVNlcnZpY2VCeVByb2plY3Q=,ALIAS,Z2V0VGltZVRvUmVzdG9yZVNlcnZpY2VCeVByb2plY3Q=,RECEIVER,dGhpcw=="
146028888109,TAG,RESOLVED_TYPE_DECL,services/doraMetrics/doraMetricsDbService.ts::program:getTimeToRestoreServiceByProject
146028888110,TAG,RESOLVED_METHOD,"FULL_NAME,c2VydmljZXMvZG9yYU1ldHJpY3MvZG9yYU1ldHJpY3NEYlNlcnZpY2UudHM6OnByb2dyYW06ZGVsZXRlRGVwbG95bWVudEZyZXF1ZW5jeQ==,ALIAS,ZGVsZXRlRGVwbG95bWVudEZyZXF1ZW5jeQ==,RECEIVER,dGhpcw=="
146028888111,TAG,RESOLVED_TYPE_DECL,services/doraMetrics/doraMetricsDbService.ts::program:deleteDeploymentFrequency
146028888112,TAG,RESOLVED_METHOD,"FULL_NAME,c2VydmljZXMvZG9yYU1ldHJpY3MvZG9yYU1ldHJpY3NEYlNlcnZpY2UudHM6OnByb2dyYW06ZGVsZXRlTGVhZFRpbWVDaGFuZ2U=,ALIAS,ZGVsZXRlTGVhZFRpbWVDaGFuZ2U=,RECEIVER,dGhpcw=="
146028888113,TAG,RESOLVED_TYPE_DECL,services/doraMetrics/doraMetricsDbService.ts::program:deleteLeadTimeChange
146028888114,TAG,RESOLVED_METHOD,"FULL_NAME,c2VydmljZXMvZG9yYU1ldHJpY3MvZG9yYU1ldHJpY3NEYlNlcnZpY2UudHM6OnByb2dyYW06ZGVsZXRlQ2hhbmdlRmFpbHVyZVJhdGU=,ALIAS,ZGVsZXRlQ2hhbmdlRmFpbHVyZVJhdGU=,RECEIVER,dGhpcw=="
146028888115,TAG,RESOLVED_TYPE_DECL,services/doraMetrics/doraMetricsDbService.ts::program:deleteChangeFailureRate
146028888116,TAG,RESOLVED_METHOD,"FULL_NAME,c2VydmljZXMvZG9yYU1ldHJpY3MvZG9yYU1ldHJpY3NEYlNlcnZpY2UudHM6OnByb2dyYW06ZGVsZXRlVGltZVRvUmVzdG9yZVNlcnZpY2U=,ALIAS,ZGVsZXRlVGltZVRvUmVzdG9yZVNlcnZpY2U=,RECEIVER,dGhpcw=="
146028888117,TAG,RESOLVED_TYPE_DECL,services/doraMetrics/doraMetricsDbService.ts::program:deleteTimeToRestoreService
146028888118,TAG,RESOLVED_METHOD,"FULL_NAME,c2VydmljZXMvZG9yYU1ldHJpY3MvZG9yYU1ldHJpY3NEYlNlcnZpY2UudHM6OnByb2dyYW06c2VhcmNoRGVwbG95bWVudHNCeUlkUHJlZml4,ALIAS,c2VhcmNoRGVwbG95bWVudHNCeUlkUHJlZml4,RECEIVER,dGhpcw=="
146028888119,TAG,RESOLVED_TYPE_DECL,services/doraMetrics/doraMetricsDbService.ts::program:searchDeploymentsByIdPrefix
146028888120,TAG,RESOLVED_METHOD,"FULL_NAME,c2VydmljZXMvZG9yYU1ldHJpY3MvZG9yYU1ldHJpY3NDYWxjdWxhdGlvblNlcnZpY2UudHM6OnByb2dyYW06Y2FsY3VsYXRlRG9yYU1ldHJpY3NTdW1tYXJ5,ALIAS,Y2FsY3VsYXRlRG9yYU1ldHJpY3NTdW1tYXJ5,RECEIVER,dGhpcw=="
146028888121,TAG,RESOLVED_TYPE_DECL,services/doraMetrics/doraMetricsCalculationService.ts::program:calculateDoraMetricsSummary
146028888122,TAG,RESOLVED_METHOD,"FULL_NAME,c2VydmljZXMvZG9yYU1ldHJpY3Mvd2Vla2x5RG9yYVNuYXBzaG90U2VydmljZS50czo6cHJvZ3JhbTpnZXRXZWVrbHlTbmFwc2hvdHNGb3JQcm9qZWN0,ALIAS,Z2V0V2Vla2x5U25hcHNob3RzRm9yUHJvamVjdA==,RECEIVER,dGhpcw=="
146028888123,TAG,RESOLVED_TYPE_DECL,services/doraMetrics/weeklyDoraSnapshotService.ts::program:getWeeklySnapshotsForProject
146028888124,TAG,RESOLVED_METHOD,"FULL_NAME,c2VydmljZXMvZG9yYU1ldHJpY3Mvd2Vla2x5RG9yYVNuYXBzaG90U2VydmljZS50czo6cHJvZ3JhbTpjYXB0dXJlTGFzdFdlZWtTbmFwc2hvdHM=,ALIAS,Y2FwdHVyZUxhc3RXZWVrU25hcHNob3Rz,RECEIVER,dGhpcw=="
146028888125,TAG,RESOLVED_TYPE_DECL,services/doraMetrics/weeklyDoraSnapshotService.ts::program:captureLastWeekSnapshots
146028888126,TAG,RESOLVED_METHOD,"FULL_NAME,c2VydmljZXMvZG9yYU1ldHJpY3MvZG9yYVRyZW5kc1NlcnZpY2UudHM6OnByb2dyYW06Z2V0RG9yYVRyZW5kcw==,ALIAS,Z2V0RG9yYVRyZW5kcw==,RECEIVER,dGhpcw=="
146028888127,TAG,RESOLVED_TYPE_DECL,services/doraMetrics/doraTrendsService.ts::program:getDoraTrends
146028888128,TAG,UNKNOWN_METHOD,"FULL_NAME,ZXhwcmVzczpSZXF1ZXN0,ALIAS,UmVxdWVzdA==,RECEIVER,dGhpcw=="
146028888129,TAG,UNKNOWN_TYPE_DECL,express:Request
146028888130,TAG,UNKNOWN_METHOD,"FULL_NAME,ZXhwcmVzczpSZXNwb25zZQ==,ALIAS,UmVzcG9uc2U=,RECEIVER,dGhpcw=="
146028888131,TAG,UNKNOWN_TYPE_DECL,express:Response
146028888132,TAG,RESOLVED_METHOD,"FULL_NAME,ZGIvY29ubmVjdGlvbi50czo6cHJvZ3JhbTpnZXRQb29s,ALIAS,Z2V0UG9vbA==,RECEIVER,dGhpcw=="
146028888133,TAG,RESOLVED_TYPE_DECL,db/connection.ts::program:getPool
146028888134,TAG,UNKNOWN_METHOD,"FULL_NAME,ZXhwcmVzczpSZXF1ZXN0,ALIAS,UmVxdWVzdA==,RECEIVER,dGhpcw=="
146028888135,TAG,UNKNOWN_TYPE_DECL,express:Request
146028888136,TAG,UNKNOWN_METHOD,"FULL_NAME,ZXhwcmVzczpSZXNwb25zZQ==,ALIAS,UmVzcG9uc2U=,RECEIVER,dGhpcw=="
146028888137,TAG,UNKNOWN_TYPE_DECL,express:Response
146028888138,TAG,UNKNOWN_METHOD,"FULL_NAME,Li4vc2VydmljZXMvaXNzdWVNZXRyaWNzL2lzc3VlTWV0cmljc1N5bmNTZXJ2aWNlOmlzc3VlTWV0cmljc1N5bmNTZXJ2aWNl,ALIAS,aXNzdWVNZXRyaWNzU3luY1NlcnZpY2U=,RECEIVER,dGhpcw=="
146028888139,TAG,UNKNOWN_TYPE_DECL,../services/issueMetrics/issueMetricsSyncService:issueMetricsSyncService
146028888140,TAG,UNKNOWN_METHOD,"FULL_NAME,Li4vc2VydmljZXMvaXNzdWVNZXRyaWNzL2lzc3VlTWV0cmljc0RiU2VydmljZTppc3N1ZU1ldHJpY3NEYlNlcnZpY2U=,ALIAS,aXNzdWVNZXRyaWNzRGJTZXJ2aWNl,RECEIVER,dGhpcw=="
146028888141,TAG,UNKNOWN_TYPE_DECL,../services/issueMetrics/issueMetricsDbService:issueMetricsDbService
146028888142,TAG,UNKNOWN_METHOD,"FULL_NAME,ZXhwcmVzczpSZXF1ZXN0,ALIAS,UmVxdWVzdA==,RECEIVER,dGhpcw=="
146028888143,TAG,UNKNOWN_TYPE_DECL,express:Request
146028888144,TAG,UNKNOWN_METHOD,"FULL_NAME,ZXhwcmVzczpSZXNwb25zZQ==,ALIAS,UmVzcG9uc2U=,RECEIVER,dGhpcw=="
146028888145,TAG,UNKNOWN_TYPE_DECL,express:Response
146028888146,TAG,UNKNOWN_METHOD,"FULL_NAME,Li4vc2VydmljZXMvbWlsZXN0b25lTWV0cmljcy9taWxlc3RvbmVNZXRyaWNzU3luY1NlcnZpY2U6bWlsZXN0b25lTWV0cmljc1N5bmNTZXJ2aWNl,ALIAS,bWlsZXN0b25lTWV0cmljc1N5bmNTZXJ2aWNl,RECEIVER,dGhpcw=="
146028888147,TAG,UNKNOWN_TYPE_DECL,../services/milestoneMetrics/milestoneMetricsSyncService:milestoneMetricsSyncService
146028888148,TAG,UNKNOWN_METHOD,"FULL_NAME,Li4vc2VydmljZXMvbWlsZXN0b25lTWV0cmljcy9taWxlc3RvbmVNZXRyaWNzRGJTZXJ2aWNlOm1pbGVzdG9uZU1ldHJpY3NEYlNlcnZpY2U=,ALIAS,bWlsZXN0b25lTWV0cmljc0RiU2VydmljZQ==,RECEIVER,dGhpcw=="
146028888149,TAG,UNKNOWN_TYPE_DECL,../services/milestoneMetrics/milestoneMetricsDbService:milestoneMetricsDbService
146028888150,TAG,UNKNOWN_METHOD,"FULL_NAME,ZXhwcmVzczpSZXF1ZXN0,ALIAS,UmVxdWVzdA==,RECEIVER,dGhpcw=="
146028888151,TAG,UNKNOWN_TYPE_DECL,express:Request
146028888152,TAG,UNKNOWN_METHOD,"FULL_NAME,ZXhwcmVzczpSZXNwb25zZQ==,ALIAS,UmVzcG9uc2U=,RECEIVER,dGhpcw=="
146028888153,TAG,UNKNOWN_TYPE_DECL,express:Response
146028888154,TAG,UNKNOWN_METHOD,"FULL_NAME,Li4vc2VydmljZXMvbXJNZXRyaWNzL21yTWV0cmljc1N5bmNTZXJ2aWNlOm1yTWV0cmljc1N5bmNTZXJ2aWNl,ALIAS,bXJNZXRyaWNzU3luY1NlcnZpY2U=,RECEIVER,dGhpcw=="
146028888155,TAG,UNKNOWN_TYPE_DECL,../services/mrMetrics/mrMetricsSyncService:mrMetricsSyncService
146028888156,TAG,UNKNOWN_METHOD,"FULL_NAME,Li4vc2VydmljZXMvbXJNZXRyaWNzL21yTWV0cmljc0RiU2VydmljZTptck1ldHJpY3NEYlNlcnZpY2U=,ALIAS,bXJNZXRyaWNzRGJTZXJ2aWNl,RECEIVER,dGhpcw=="
146028888157,TAG,UNKNOWN_TYPE_DECL,../services/mrMetrics/mrMetricsDbService:mrMetricsDbService
146028888158,TAG,UNKNOWN_METHOD,"FULL_NAME,ZXhwcmVzczpSZXF1ZXN0,ALIAS,UmVxdWVzdA==,RECEIVER,dGhpcw=="
146028888159,TAG,UNKNOWN_TYPE_DECL,express:Request
146028888160,TAG,UNKNOWN_METHOD,"FULL_NAME,ZXhwcmVzczpSZXNwb25zZQ==,ALIAS,UmVzcG9uc2U=,RECEIVER,dGhpcw=="
146028888161,TAG,UNKNOWN_TYPE_DECL,express:Response
146028888162,TAG,RESOLVED_METHOD,"FULL_NAME,ZGIvcXVlcmllcy50czo6cHJvZ3JhbTp0cmFja1Byb2plY3Q=,ALIAS,dHJhY2tQcm9qZWN0,RECEIVER,dGhpcw=="
146028888163,TAG,RESOLVED_TYPE_DECL,db/queries.ts::program:trackProject
146028888164,TAG,RESOLVED_METHOD,"FULL_NAME,ZGIvcXVlcmllcy50czo6cHJvZ3JhbTp1bnRyYWNrUHJvamVjdA==,ALIAS,dW50cmFja1Byb2plY3Q=,RECEIVER,dGhpcw=="
146028888165,TAG,RESOLVED_TYPE_DECL,db/queries.ts::program:untrackProject
146028888166,TAG,RESOLVED_METHOD,"FULL_NAME,ZGIvcXVlcmllcy50czo6cHJvZ3JhbTpnZXRUb3RhbFByb2plY3RzQ291bnQ=,ALIAS,Z2V0VG90YWxQcm9qZWN0c0NvdW50,RECEIVER,dGhpcw=="
146028888167,TAG,RESOLVED_TYPE_DECL,db/queries.ts::program:getTotalProjectsCount
146028888168,TAG,RESOLVED_METHOD,"FULL_NAME,ZGIvcXVlcmllcy50czo6cHJvZ3JhbTpnZXRUcmFja2VkUHJvamVjdHNDb3VudA==,ALIAS,Z2V0VHJhY2tlZFByb2plY3RzQ291bnQ=,RECEIVER,dGhpcw=="
146028888169,TAG,RESOLVED_TYPE_DECL,db/queries.ts::program:getTrackedProjectsCount
146028888170,TAG,RESOLVED_METHOD,"FULL_NAME,ZGIvcXVlcmllcy50czo6cHJvZ3JhbTpnZXRMYXRlc3RDb21iaW5lZFNjb3Jlcw==,ALIAS,Z2V0TGF0ZXN0Q29tYmluZWRTY29yZXM=,RECEIVER,dGhpcw=="
146028888171,TAG,RESOLVED_TYPE_DECL,db/queries.ts::program:getLatestCombinedScores
146028888172,TAG,RESOLVED_METHOD,"FULL_NAME,ZGIvcXVlcmllcy50czo6cHJvZ3JhbTpnZXRQcm9qZWN0c05lZWRpbmdBdHRlbnRpb24=,ALIAS,Z2V0UHJvamVjdHNOZWVkaW5nQXR0ZW50aW9u,RECEIVER,dGhpcw=="
146028888173,TAG,RESOLVED_TYPE_DECL,db/queries.ts::program:getProjectsNeedingAttention
146028888174,TAG,UNKNOWN_METHOD,"FULL_NAME,Li4vc2VydmljZXMvcHJvamVjdC9wcm9qZWN0U3luY1NlcnZpY2U6cHJvamVjdFN5bmNTZXJ2aWNl,ALIAS,cHJvamVjdFN5bmNTZXJ2aWNl,RECEIVER,dGhpcw=="
146028888175,TAG,UNKNOWN_TYPE_DECL,../services/project/projectSyncService:projectSyncService
146028888176,TAG,UNKNOWN_METHOD,"FULL_NAME,Li4vc2VydmljZXMvcHJvamVjdC9wcm9qZWN0RmV0Y2hTZXJ2aWNlOnByb2plY3RGZXRjaFNlcnZpY2U=,ALIAS,cHJvamVjdEZldGNoU2VydmljZQ==,RECEIVER,dGhpcw=="
146028888177,TAG,UNKNOWN_TYPE_DECL,../services/project/projectFetchService:projectFetchService
146028888178,TAG,UNKNOWN_METHOD,"FULL_NAME,Li4vc2VydmljZXMvcHJvamVjdC9wcm9qZWN0UmVmcmVzaFNlcnZpY2U6cHJvamVjdFJlZnJlc2hTZXJ2aWNl,ALIAS,cHJvamVjdFJlZnJlc2hTZXJ2aWNl,RECEIVER,dGhpcw=="
146028888179,TAG,UNKNOWN_TYPE_DECL,../services/project/projectRefreshService:projectRefreshService
146028888180,TAG,UNKNOWN_METHOD,"FULL_NAME,Li4vc2VydmljZXMvZ2l0bGFiL2dpdGxhYkdyb3VwU2VydmljZTpnaXRsYWJHcm91cFNlcnZpY2U=,ALIAS,Z2l0bGFiR3JvdXBTZXJ2aWNl,RECEIVER,dGhpcw=="
146028888181,TAG,UNKNOWN_TYPE_DECL,../services/gitlab/gitlabGroupService:gitlabGroupService
146028888182,TAG,UNKNOWN_METHOD,"FULL_NAME,Li4vc2VydmljZXMvZ2l0bGFiL2dpdExhYk1lbWJlclNlcnZpY2U6Z2l0TGFiTWVtYmVyU2VydmljZQ==,ALIAS,Z2l0TGFiTWVtYmVyU2VydmljZQ==,RECEIVER,dGhpcw=="
146028888183,TAG,UNKNOWN_TYPE_DECL,../services/gitlab/gitLabMemberService:gitLabMemberService
146028888184,TAG,UNKNOWN_METHOD,"FULL_NAME,ZXhwcmVzczpSZXF1ZXN0,ALIAS,UmVxdWVzdA==,RECEIVER,dGhpcw=="
146028888185,TAG,UNKNOWN_TYPE_DECL,express:Request
146028888186,TAG,UNKNOWN_METHOD,"FULL_NAME,ZXhwcmVzczpSZXNwb25zZQ==,ALIAS,UmVzcG9uc2U=,RECEIVER,dGhpcw=="
146028888187,TAG,UNKNOWN_TYPE_DECL,express:Response
146028888188,TAG,RESOLVED_MEMBER,"BASE_PATH,c2VydmljZXMvc29uYXJNYWludGFpbmFiaWxpdHkvc29uYXJNYWludGFpbmFiaWxpdHlTeW5jU2VydmljZS50czo6cHJvZ3JhbQ==,NAME,U29uYXJNYWludGFpbmFiaWxpdHlTeW5jU2VydmljZQ=="
146028888189,TAG,RESOLVED_MEMBER,"BASE_PATH,c2VydmljZXMvc29uYXJNYWludGFpbmFiaWxpdHkvc29uYXJNYWludGFpbmFiaWxpdHlEYlNlcnZpY2UudHM6OnByb2dyYW0=,NAME,U29uYXJNYWludGFpbmFiaWxpdHlEYlNlcnZpY2U="
146028888190,TAG,UNKNOWN_METHOD,"FULL_NAME,ZXhwcmVzczpSZXF1ZXN0,ALIAS,UmVxdWVzdA==,RECEIVER,dGhpcw=="
146028888191,TAG,UNKNOWN_TYPE_DECL,express:Request
146028888192,TAG,UNKNOWN_METHOD,"FULL_NAME,ZXhwcmVzczpSZXNwb25zZQ==,ALIAS,UmVzcG9uc2U=,RECEIVER,dGhpcw=="
146028888193,TAG,UNKNOWN_TYPE_DECL,express:Response
146028888194,TAG,RESOLVED_MEMBER,"BASE_PATH,c2VydmljZXMvc29uYXJSZWxpYWJpbGl0eS9zb25hclJlbGlhYmlsaXR5U3luY1NlcnZpY2UudHM6OnByb2dyYW0=,NAME,U29uYXJSZWxpYWJpbGl0eVN5bmNTZXJ2aWNl"
146028888195,TAG,RESOLVED_MEMBER,"BASE_PATH,c2VydmljZXMvc29uYXJSZWxpYWJpbGl0eS9zb25hclJlbGlhYmlsaXR5RGJTZXJ2aWNlLnRzOjpwcm9ncmFt,NAME,U29uYXJSZWxpYWJpbGl0eURiU2VydmljZQ=="
146028888196,TAG,UNKNOWN_METHOD,"FULL_NAME,ZXhwcmVzczpSZXF1ZXN0,ALIAS,UmVxdWVzdA==,RECEIVER,dGhpcw=="
146028888197,TAG,UNKNOWN_TYPE_DECL,express:Request
146028888198,TAG,UNKNOWN_METHOD,"FULL_NAME,ZXhwcmVzczpSZXNwb25zZQ==,ALIAS,UmVzcG9uc2U=,RECEIVER,dGhpcw=="
146028888199,TAG,UNKNOWN_TYPE_DECL,express:Response
146028888200,TAG,RESOLVED_MEMBER,"BASE_PATH,c2VydmljZXMvc29uYXJTZWN1cml0eS9zb25hclNlY3VyaXR5U3luY1NlcnZpY2UudHM6OnByb2dyYW0=,NAME,U29uYXJTZWN1cml0eVN5bmNTZXJ2aWNl"
146028888201,TAG,RESOLVED_MEMBER,"BASE_PATH,c2VydmljZXMvc29uYXJTZWN1cml0eS9zb25hclNlY3VyaXR5RGJTZXJ2aWNlLnRzOjpwcm9ncmFt,NAME,U29uYXJTZWN1cml0eURiU2VydmljZQ=="
146028888202,TAG,UNKNOWN_METHOD,"FULL_NAME,ZG90ZW52L2NvbmZpZw==,ALIAS,ZG90ZW52L2NvbmZpZw==,RECEIVER,dGhpcw=="
146028888203,TAG,UNKNOWN_TYPE_DECL,dotenv/config
146028888204,TAG,RESOLVED_METHOD,"FULL_NAME,ZGIvY29ubmVjdGlvbi50czo6cHJvZ3JhbTpnZXRQb29s,ALIAS,Z2V0UG9vbA==,RECEIVER,dGhpcw=="
146028888205,TAG,RESOLVED_TYPE_DECL,db/connection.ts::program:getPool
146028888206,TAG,UNKNOWN_METHOD,"FULL_NAME,ZG90ZW52L2NvbmZpZw==,ALIAS,ZG90ZW52L2NvbmZpZw==,RECEIVER,dGhpcw=="
146028888207,TAG,UNKNOWN_TYPE_DECL,dotenv/config
146028888208,TAG,RESOLVED_METHOD,"FULL_NAME,ZGIvY29ubmVjdGlvbi50czo6cHJvZ3JhbTpnZXRQb29s,ALIAS,Z2V0UG9vbA==,RECEIVER,dGhpcw=="
146028888209,TAG,RESOLVED_TYPE_DECL,db/connection.ts::program:getPool
146028888210,TAG,UNKNOWN_METHOD,"FULL_NAME,ZnM6ZnM=,ALIAS,ZnM=,RECEIVER,dGhpcw=="
146028888211,TAG,UNKNOWN_TYPE_DECL,fs:fs
146028888212,TAG,UNKNOWN_METHOD,"FULL_NAME,cGF0aDpwYXRo,ALIAS,cGF0aA==,RECEIVER,dGhpcw=="
146028888213,TAG,UNKNOWN_TYPE_DECL,path:path
146028888214,TAG,UNKNOWN_METHOD,"FULL_NAME,cGc6UG9vbA==,ALIAS,UG9vbA==,RECEIVER,dGhpcw=="
146028888215,TAG,UNKNOWN_TYPE_DECL,pg:Pool
146028888216,TAG,UNKNOWN_METHOD,"FULL_NAME,ZG90ZW52L2NvbmZpZw==,ALIAS,ZG90ZW52L2NvbmZpZw==,RECEIVER,dGhpcw=="
146028888217,TAG,UNKNOWN_TYPE_DECL,dotenv/config
146028888218,TAG,RESOLVED_METHOD,"FULL_NAME,ZGIvY29ubmVjdGlvbi50czo6cHJvZ3JhbTpnZXRQb29s,ALIAS,Z2V0UG9vbA==,RECEIVER,dGhpcw=="
146028888219,TAG,RESOLVED_TYPE_DECL,db/connection.ts::program:getPool
146028888220,TAG,UNKNOWN_METHOD,"FULL_NAME,ZnM6ZnM=,ALIAS,ZnM=,RECEIVER,dGhpcw=="
146028888221,TAG,UNKNOWN_TYPE_DECL,fs:fs
146028888222,TAG,UNKNOWN_METHOD,"FULL_NAME,cGF0aDpwYXRo,ALIAS,cGF0aA==,RECEIVER,dGhpcw=="
146028888223,TAG,UNKNOWN_TYPE_DECL,path:path
146028888224,TAG,RESOLVED_METHOD,"FULL_NAME,ZGIvY29ubmVjdGlvbi50czo6cHJvZ3JhbTpnZXRQb29s,ALIAS,Z2V0UG9vbA==,RECEIVER,dGhpcw=="
146028888225,TAG,RESOLVED_TYPE_DECL,db/connection.ts::program:getPool
146028888226,TAG,UNKNOWN_METHOD,"FULL_NAME,ZnM6ZnM=,ALIAS,ZnM=,RECEIVER,dGhpcw=="
146028888227,TAG,UNKNOWN_TYPE_DECL,fs:fs
146028888228,TAG,UNKNOWN_METHOD,"FULL_NAME,cGF0aDpwYXRo,ALIAS,cGF0aA==,RECEIVER,dGhpcw=="
146028888229,TAG,UNKNOWN_TYPE_DECL,path:path
146028888230,TAG,UNKNOWN_METHOD,"FULL_NAME,ZXhwcmVzczpleHByZXNz,ALIAS,ZXhwcmVzcw==,RECEIVER,dGhpcw=="
146028888231,TAG,UNKNOWN_TYPE_DECL,express:express
146028888232,TAG,UNKNOWN_METHOD,"FULL_NAME,ZXhwcmVzczpBcHBsaWNhdGlvbg==,ALIAS,QXBwbGljYXRpb24=,RECEIVER,dGhpcw=="
146028888233,TAG,UNKNOWN_TYPE_DECL,express:Application
146028888234,TAG,UNKNOWN_METHOD,"FULL_NAME,ZXhwcmVzczpSZXF1ZXN0,ALIAS,UmVxdWVzdA==,RECEIVER,dGhpcw=="
146028888235,TAG,UNKNOWN_TYPE_DECL,express:Request
146028888236,TAG,UNKNOWN_METHOD,"FULL_NAME,ZXhwcmVzczpSZXNwb25zZQ==,ALIAS,UmVzcG9uc2U=,RECEIVER,dGhpcw=="
146028888237,TAG,UNKNOWN_TYPE_DECL,express:Response
146028888238,TAG,UNKNOWN_METHOD,"FULL_NAME,ZXhwcmVzczpOZXh0RnVuY3Rpb24=,ALIAS,TmV4dEZ1bmN0aW9u,RECEIVER,dGhpcw=="
146028888239,TAG,UNKNOWN_TYPE_DECL,express:NextFunction
146028888240,TAG,UNKNOWN_METHOD,"FULL_NAME,Y29yczpjb3Jz,ALIAS,Y29ycw==,RECEIVER,dGhpcw=="
146028888241,TAG,UNKNOWN_TYPE_DECL,cors:cors
146028888242,TAG,UNKNOWN_METHOD,"FULL_NAME,ZG90ZW52OmRvdGVudg==,ALIAS,ZG90ZW52,RECEIVER,dGhpcw=="
146028888243,TAG,UNKNOWN_TYPE_DECL,dotenv:dotenv
146028888244,TAG,UNKNOWN_METHOD,"FULL_NAME,cm91dGVzOmFwaVJvdXRlcw==,ALIAS,YXBpUm91dGVz,RECEIVER,dGhpcw=="
146028888245,TAG,UNKNOWN_TYPE_DECL,routes:apiRoutes
146028888246,TAG,RESOLVED_METHOD,"FULL_NAME,bWlkZGxld2FyZS9lcnJvckhhbmRsZXIudHM6OnByb2dyYW06ZXJyb3JIYW5kbGVy,ALIAS,ZXJyb3JIYW5kbGVy,RECEIVER,dGhpcw=="
146028888247,TAG,RESOLVED_TYPE_DECL,middleware/errorHandler.ts::program:errorHandler
146028888248,TAG,RESOLVED_METHOD,"FULL_NAME,ZGIvY29ubmVjdGlvbi50czo6cHJvZ3JhbTpjb25uZWN0REI=,ALIAS,Y29ubmVjdERC,RECEIVER,dGhpcw=="
146028888249,TAG,RESOLVED_TYPE_DECL,db/connection.ts::program:connectDB
146028888250,TAG,RESOLVED_METHOD,"FULL_NAME,ZGIvcXVlcmllcy50czo6cHJvZ3JhbTppbml0aWFsaXplVGFibGVz,ALIAS,aW5pdGlhbGl6ZVRhYmxlcw==,RECEIVER,dGhpcw=="
146028888251,TAG,RESOLVED_TYPE_DECL,db/queries.ts::program:initializeTables
146028888252,TAG,RESOLVED_METHOD,"FULL_NAME,c2VydmljZXMvc29uYXJxdWJlL2F1dG9NYXBTb25hclByb2plY3RLZXlzLnRzOjpwcm9ncmFtOmF1dG9NYXBTb25hclByb2plY3RLZXlz,ALIAS,YXV0b01hcFNvbmFyUHJvamVjdEtleXM=,RECEIVER,dGhpcw=="
146028888253,TAG,RESOLVED_TYPE_DECL,services/sonarqube/autoMapSonarProjectKeys.ts::program:autoMapSonarProjectKeys
146028888254,TAG,RESOLVED_METHOD,"FULL_NAME,c2NoZWR1bGVycy93ZWVrbHlEb3JhU25hcHNob3RTY2hlZHVsZXIudHM6OnByb2dyYW06aW5pdFdlZWtseURvcmFTbmFwc2hvdFNjaGVkdWxlcg==,ALIAS,aW5pdFdlZWtseURvcmFTbmFwc2hvdFNjaGVkdWxlcg==,RECEIVER,dGhpcw=="
146028888255,TAG,RESOLVED_TYPE_DECL,schedulers/weeklyDoraSnapshotScheduler.ts::program:initWeeklyDoraSnapshotScheduler
146028888256,TAG,UNKNOWN_METHOD,"FULL_NAME,ZXhwcmVzczpSZXF1ZXN0,ALIAS,UmVxdWVzdA==,RECEIVER,dGhpcw=="
146028888257,TAG,UNKNOWN_TYPE_DECL,express:Request
146028888258,TAG,UNKNOWN_METHOD,"FULL_NAME,ZXhwcmVzczpSZXNwb25zZQ==,ALIAS,UmVzcG9uc2U=,RECEIVER,dGhpcw=="
146028888259,TAG,UNKNOWN_TYPE_DECL,express:Response
146028888260,TAG,UNKNOWN_METHOD,"FULL_NAME,ZXhwcmVzczpOZXh0RnVuY3Rpb24=,ALIAS,TmV4dEZ1bmN0aW9u,RECEIVER,dGhpcw=="
146028888261,TAG,UNKNOWN_TYPE_DECL,express:NextFunction
146028888262,TAG,UNKNOWN_METHOD,"FULL_NAME,ZXhwcmVzczpSb3V0ZXI=,ALIAS,Um91dGVy,RECEIVER,dGhpcw=="
146028888263,TAG,UNKNOWN_TYPE_DECL,express:Router
146028888264,TAG,RESOLVED_METHOD,"FULL_NAME,Y29udHJvbGxlcnMvZG9yYU1ldHJpY3NDb250cm9sbGVyLnRzOjpwcm9ncmFtOmNyZWF0ZURlcGxveW1lbnRGcmVxdWVuY3k=,ALIAS,Y3JlYXRlRGVwbG95bWVudEZyZXF1ZW5jeQ==,RECEIVER,dGhpcw=="
146028888265,TAG,RESOLVED_TYPE_DECL,controllers/doraMetricsController.ts::program:createDeploymentFrequency
146028888266,TAG,RESOLVED_METHOD,"FULL_NAME,Y29udHJvbGxlcnMvZG9yYU1ldHJpY3NDb250cm9sbGVyLnRzOjpwcm9ncmFtOmNyZWF0ZUxlYWRUaW1lQ2hhbmdl,ALIAS,Y3JlYXRlTGVhZFRpbWVDaGFuZ2U=,RECEIVER,dGhpcw=="
146028888267,TAG,RESOLVED_TYPE_DECL,controllers/doraMetricsController.ts::program:createLeadTimeChange
146028888268,TAG,RESOLVED_METHOD,"FULL_NAME,Y29udHJvbGxlcnMvZG9yYU1ldHJpY3NDb250cm9sbGVyLnRzOjpwcm9ncmFtOmNyZWF0ZUNoYW5nZUZhaWx1cmVSYXRl,ALIAS,Y3JlYXRlQ2hhbmdlRmFpbHVyZVJhdGU=,RECEIVER,dGhpcw=="
146028888269,TAG,RESOLVED_TYPE_DECL,controllers/doraMetricsController.ts::program:createChangeFailureRate
146028888270,TAG,RESOLVED_METHOD,"FULL_NAME,Y29udHJvbGxlcnMvZG9yYU1ldHJpY3NDb250cm9sbGVyLnRzOjpwcm9ncmFtOmNyZWF0ZVRpbWVUb1Jlc3RvcmVTZXJ2aWNl,ALIAS,Y3JlYXRlVGltZVRvUmVzdG9yZVNlcnZpY2U=,RECEIVER,dGhpcw=="
146028888271,TAG,RESOLVED_TYPE_DECL,controllers/doraMetricsController.ts::program:createTimeToRestoreService
146028888272,TAG,RESOLVED_METHOD,"FULL_NAME,Y29udHJvbGxlcnMvZG9yYU1ldHJpY3NDb250cm9sbGVyLnRzOjpwcm9ncmFtOmdldERlcGxveW1lbnRGcmVxdWVuY3k=,ALIAS,Z2V0RGVwbG95bWVudEZyZXF1ZW5jeQ==,RECEIVER,dGhpcw=="
146028888273,TAG,RESOLVED_TYPE_DECL,controllers/doraMetricsController.ts::program:getDeploymentFrequency
146028888274,TAG,RESOLVED_METHOD,"FULL_NAME,Y29udHJvbGxlcnMvZG9yYU1ldHJpY3NDb250cm9sbGVyLnRzOjpwcm9ncmFtOmdldExlYWRUaW1lQ2hhbmdlcw==,ALIAS,Z2V0TGVhZFRpbWVDaGFuZ2Vz,RECEIVER,dGhpcw=="
146028888275,TAG,RESOLVED_TYPE_DECL,controllers/doraMetricsController.ts::program:getLeadTimeChanges
146028888276,TAG,RESOLVED_METHOD,"FULL_NAME,Y29udHJvbGxlcnMvZG9yYU1ldHJpY3NDb250cm9sbGVyLnRzOjpwcm9ncmFtOmdldENoYW5nZUZhaWx1cmVSYXRlcw==,ALIAS,Z2V0Q2hhbmdlRmFpbHVyZVJhdGVz,RECEIVER,dGhpcw=="
146028888277,TAG,RESOLVED_TYPE_DECL,controllers/doraMetricsController.ts::program:getChangeFailureRates
146028888278,TAG,RESOLVED_METHOD,"FULL_NAME,Y29udHJvbGxlcnMvZG9yYU1ldHJpY3NDb250cm9sbGVyLnRzOjpwcm9ncmFtOmdldFRpbWVUb1Jlc3RvcmVTZXJ2aWNlcw==,ALIAS,Z2V0VGltZVRvUmVzdG9yZVNlcnZpY2Vz,RECEIVER,dGhpcw=="
146028888279,TAG,RESOLVED_TYPE_DECL,controllers/doraMetricsController.ts::program:getTimeToRestoreServices
146028888280,TAG,RESOLVED_METHOD,"FULL_NAME,Y29udHJvbGxlcnMvZG9yYU1ldHJpY3NDb250cm9sbGVyLnRzOjpwcm9ncmFtOmdldERvcmFNZXRyaWNzU3VtbWFyeQ==,ALIAS,Z2V0RG9yYU1ldHJpY3NTdW1tYXJ5,RECEIVER,dGhpcw=="
146028888281,TAG,RESOLVED_TYPE_DECL,controllers/doraMetricsController.ts::program:getDoraMetricsSummary
146028888282,TAG,RESOLVED_METHOD,"FULL_NAME,Y29udHJvbGxlcnMvZG9yYU1ldHJpY3NDb250cm9sbGVyLnRzOjpwcm9ncmFtOmRlbGV0ZURlcGxveW1lbnRGcmVxdWVuY3lSZWNvcmQ=,ALIAS,ZGVsZXRlRGVwbG95bWVudEZyZXF1ZW5jeVJlY29yZA==,RECEIVER,dGhpcw=="
146028888283,TAG,RESOLVED_TYPE_DECL,controllers/doraMetricsController.ts::program:deleteDeploymentFrequencyRecord
146028888284,TAG,RESOLVED_METHOD,"FULL_NAME,Y29udHJvbGxlcnMvZG9yYU1ldHJpY3NDb250cm9sbGVyLnRzOjpwcm9ncmFtOmRlbGV0ZUxlYWRUaW1lQ2hhbmdlUmVjb3Jk,ALIAS,ZGVsZXRlTGVhZFRpbWVDaGFuZ2VSZWNvcmQ=,RECEIVER,dGhpcw=="
146028888285,TAG,RESOLVED_TYPE_DECL,controllers/doraMetricsController.ts::program:deleteLeadTimeChangeRecord
146028888286,TAG,RESOLVED_METHOD,"FULL_NAME,Y29udHJvbGxlcnMvZG9yYU1ldHJpY3NDb250cm9sbGVyLnRzOjpwcm9ncmFtOmRlbGV0ZUNoYW5nZUZhaWx1cmVSYXRlUmVjb3Jk,ALIAS,ZGVsZXRlQ2hhbmdlRmFpbHVyZVJhdGVSZWNvcmQ=,RECEIVER,dGhpcw=="
146028888287,TAG,RESOLVED_TYPE_DECL,controllers/doraMetricsController.ts::program:deleteChangeFailureRateRecord
146028888288,TAG,RESOLVED_METHOD,"FULL_NAME,Y29udHJvbGxlcnMvZG9yYU1ldHJpY3NDb250cm9sbGVyLnRzOjpwcm9ncmFtOmRlbGV0ZVRpbWVUb1Jlc3RvcmVTZXJ2aWNlUmVjb3Jk,ALIAS,ZGVsZXRlVGltZVRvUmVzdG9yZVNlcnZpY2VSZWNvcmQ=,RECEIVER,dGhpcw=="
146028888289,TAG,RESOLVED_TYPE_DECL,controllers/doraMetricsController.ts::program:deleteTimeToRestoreServiceRecord
146028888290,TAG,RESOLVED_METHOD,"FULL_NAME,Y29udHJvbGxlcnMvZG9yYU1ldHJpY3NDb250cm9sbGVyLnRzOjpwcm9ncmFtOnNlYXJjaERlcGxveW1lbnRz,ALIAS,c2VhcmNoRGVwbG95bWVudHM=,RECEIVER,dGhpcw=="
146028888291,TAG,RESOLVED_TYPE_DECL,controllers/doraMetricsController.ts::program:searchDeployments
146028888292,TAG,RESOLVED_METHOD,"FULL_NAME,Y29udHJvbGxlcnMvZG9yYU1ldHJpY3NDb250cm9sbGVyLnRzOjpwcm9ncmFtOmdldFdlZWtseVNuYXBzaG90cw==,ALIAS,Z2V0V2Vla2x5U25hcHNob3Rz,RECEIVER,dGhpcw=="
146028888293,TAG,RESOLVED_TYPE_DECL,controllers/doraMetricsController.ts::program:getWeeklySnapshots
146028888294,TAG,RESOLVED_METHOD,"FULL_NAME,Y29udHJvbGxlcnMvZG9yYU1ldHJpY3NDb250cm9sbGVyLnRzOjpwcm9ncmFtOm1hbnVhbENhcHR1cmVMYXN0V2Vlaw==,ALIAS,bWFudWFsQ2FwdHVyZUxhc3RXZWVr,RECEIVER,dGhpcw=="
146028888295,TAG,RESOLVED_TYPE_DECL,controllers/doraMetricsController.ts::program:manualCaptureLastWeek
146028888296,TAG,RESOLVED_METHOD,"FULL_NAME,Y29udHJvbGxlcnMvZG9yYU1ldHJpY3NDb250cm9sbGVyLnRzOjpwcm9ncmFtOmdldERvcmFUcmVuZHNDb250cm9sbGVy,ALIAS,Z2V0RG9yYVRyZW5kc0NvbnRyb2xsZXI=,RECEIVER,dGhpcw=="
146028888297,TAG,RESOLVED_TYPE_DECL,controllers/doraMetricsController.ts::program:getDoraTrendsController
146028888298,TAG,UNKNOWN_METHOD,"FULL_NAME,ZXhwcmVzczpSb3V0ZXI=,ALIAS,Um91dGVy,RECEIVER,dGhpcw=="
146028888299,TAG,UNKNOWN_TYPE_DECL,express:Router
146028888300,TAG,UNKNOWN_METHOD,"FULL_NAME,Li4vY29udHJvbGxlcnMvcHJvamVjdENvbnRyb2xsZXI6cHJvamVjdENvbnRyb2xsZXI=,ALIAS,cHJvamVjdENvbnRyb2xsZXI=,RECEIVER,dGhpcw=="
146028888301,TAG,UNKNOWN_TYPE_DECL,../controllers/projectController:projectController
146028888302,TAG,UNKNOWN_METHOD,"FULL_NAME,Li4vY29udHJvbGxlcnMvYWlDb250cm9sbGVyOmFpQ29udHJvbGxlcg==,ALIAS,YWlDb250cm9sbGVy,RECEIVER,dGhpcw=="
146028888303,TAG,UNKNOWN_TYPE_DECL,../controllers/aiController:aiController
146028888304,TAG,UNKNOWN_METHOD,"FULL_NAME,Li4vY29udHJvbGxlcnMvaXNzdWVNZXRyaWNzQ29udHJvbGxlcjppc3N1ZU1ldHJpY3NDb250cm9sbGVy,ALIAS,aXNzdWVNZXRyaWNzQ29udHJvbGxlcg==,RECEIVER,dGhpcw=="
146028888305,TAG,UNKNOWN_TYPE_DECL,../controllers/issueMetricsController:issueMetricsController
146028888306,TAG,UNKNOWN_METHOD,"FULL_NAME,Li4vY29udHJvbGxlcnMvbXJNZXRyaWNzQ29udHJvbGxlcjptck1ldHJpY3NDb250cm9sbGVy,ALIAS,bXJNZXRyaWNzQ29udHJvbGxlcg==,RECEIVER,dGhpcw=="
146028888307,TAG,UNKNOWN_TYPE_DECL,../controllers/mrMetricsController:mrMetricsController
146028888308,TAG,UNKNOWN_METHOD,"FULL_NAME,Li4vY29udHJvbGxlcnMvY29tbWl0TWV0cmljc0NvbnRyb2xsZXI6Y29tbWl0TWV0cmljc0NvbnRyb2xsZXI=,ALIAS,Y29tbWl0TWV0cmljc0NvbnRyb2xsZXI=,RECEIVER,dGhpcw=="
146028888309,TAG,UNKNOWN_TYPE_DECL,../controllers/commitMetricsController:commitMetricsController
146028888310,TAG,UNKNOWN_METHOD,"FULL_NAME,Li4vY29udHJvbGxlcnMvc29uYXJRdWJlTWFpbnRhaW5hYmlsaXR5Q29udHJvbGxlcjpzb25hclF1YmVNYWludGFpbmFiaWxpdHlDb250cm9sbGVy,ALIAS,c29uYXJRdWJlTWFpbnRhaW5hYmlsaXR5Q29udHJvbGxlcg==,RECEIVER,dGhpcw=="
146028888311,TAG,UNKNOWN_TYPE_DECL,../controllers/sonarQubeMaintainabilityController:sonarQubeMaintainabilityController
146028888312,TAG,UNKNOWN_METHOD,"FULL_NAME,Li4vY29udHJvbGxlcnMvc29uYXJRdWJlUmVsaWFiaWxpdHlDb250cm9sbGVyOnNvbmFyUXViZVJlbGlhYmlsaXR5Q29udHJvbGxlcg==,ALIAS,c29uYXJRdWJlUmVsaWFiaWxpdHlDb250cm9sbGVy,RECEIVER,dGhpcw=="
146028888313,TAG,UNKNOWN_TYPE_DECL,../controllers/sonarQubeReliabilityController:sonarQubeReliabilityController
146028888314,TAG,UNKNOWN_METHOD,"FULL_NAME,Li4vY29udHJvbGxlcnMvc29uYXJRdWJlU2VjdXJpdHlDb250cm9sbGVyOnNvbmFyUXViZVNlY3VyaXR5Q29udHJvbGxlcg==,ALIAS,c29uYXJRdWJlU2VjdXJpdHlDb250cm9sbGVy,RECEIVER,dGhpcw=="
146028888315,TAG,UNKNOWN_TYPE_DECL,../controllers/sonarQubeSecurityController:sonarQubeSecurityController
146028888316,TAG,UNKNOWN_METHOD,"FULL_NAME,Li4vY29udHJvbGxlcnMvaGVhbHRoU2NvcmVDb250cm9sbGVyOmhlYWx0aFNjb3JlQ29udHJvbGxlcg==,ALIAS,aGVhbHRoU2NvcmVDb250cm9sbGVy,RECEIVER,dGhpcw=="
146028888317,TAG,UNKNOWN_TYPE_DECL,../controllers/healthScoreController:healthScoreController
146028888318,TAG,UNKNOWN_METHOD,"FULL_NAME,Li4vY29udHJvbGxlcnMvbWlsZXN0b25lTWV0cmljc0NvbnRyb2xsZXI6bWlsZXN0b25lTWV0cmljc0NvbnRyb2xsZXI=,ALIAS,bWlsZXN0b25lTWV0cmljc0NvbnRyb2xsZXI=,RECEIVER,dGhpcw=="
146028888319,TAG,UNKNOWN_TYPE_DECL,../controllers/milestoneMetricsController:milestoneMetricsController
146028888320,TAG,UNKNOWN_METHOD,"FULL_NAME,Li4vc2VydmljZXMvZ2l0bGFiL2dpdGxhYkF1dGhTZXJ2aWNlOmdpdGxhYkF1dGhTZXJ2aWNl,ALIAS,Z2l0bGFiQXV0aFNlcnZpY2U=,RECEIVER,dGhpcw=="
146028888321,TAG,UNKNOWN_TYPE_DECL,../services/gitlab/gitlabAuthService:gitlabAuthService
146028888322,TAG,UNKNOWN_METHOD,"FULL_NAME,dHJhY2tpbmdSb3V0ZXM6dHJhY2tpbmdSb3V0ZXM=,ALIAS,dHJhY2tpbmdSb3V0ZXM=,RECEIVER,dGhpcw=="
146028888323,TAG,UNKNOWN_TYPE_DECL,trackingRoutes:trackingRoutes
146028888324,TAG,UNKNOWN_METHOD,"FULL_NAME,ZG9yYU1ldHJpY3NSb3V0ZXM6ZG9yYU1ldHJpY3NSb3V0ZXM=,ALIAS,ZG9yYU1ldHJpY3NSb3V0ZXM=,RECEIVER,dGhpcw=="
146028888325,TAG,UNKNOWN_TYPE_DECL,doraMetricsRoutes:doraMetricsRoutes
146028888326,TAG,UNKNOWN_METHOD,"FULL_NAME,ZXhwcmVzczpSb3V0ZXI=,ALIAS,Um91dGVy,RECEIVER,dGhpcw=="
146028888327,TAG,UNKNOWN_TYPE_DECL,express:Router
146028888328,TAG,UNKNOWN_METHOD,"FULL_NAME,Li4vY29udHJvbGxlcnMvcHJvamVjdENvbnRyb2xsZXI6cHJvamVjdENvbnRyb2xsZXI=,ALIAS,cHJvamVjdENvbnRyb2xsZXI=,RECEIVER,dGhpcw=="
146028888329,TAG,UNKNOWN_TYPE_DECL,../controllers/projectController:projectController
146028888330,TAG,UNKNOWN_METHOD,"FULL_NAME,bm9kZS1jcm9uOmNyb24=,ALIAS,Y3Jvbg==,RECEIVER,dGhpcw=="
146028888331,TAG,UNKNOWN_TYPE_DECL,node-cron:cron
146028888332,TAG,RESOLVED_METHOD,"FULL_NAME,c2VydmljZXMvZG9yYU1ldHJpY3Mvd2Vla2x5RG9yYVNuYXBzaG90U2VydmljZS50czo6cHJvZ3JhbTpjYXB0dXJlTGFzdFdlZWtTbmFwc2hvdHM=,ALIAS,Y2FwdHVyZUxhc3RXZWVrU25hcHNob3Rz,RECEIVER,dGhpcw=="
146028888333,TAG,RESOLVED_TYPE_DECL,services/doraMetrics/weeklyDoraSnapshotService.ts::program:captureLastWeekSnapshots
146028888334,TAG,UNKNOWN_METHOD,"FULL_NAME,QGdvb2dsZS9nZW5lcmF0aXZlLWFpOkdvb2dsZUdlbmVyYXRpdmVBSQ==,ALIAS,R29vZ2xlR2VuZXJhdGl2ZUFJ,RECEIVER,dGhpcw=="
146028888335,TAG,UNKNOWN_TYPE_DECL,@google/generative-ai:GoogleGenerativeAI
146028888336,TAG,UNKNOWN_METHOD,"FULL_NAME,eGxzeDpYTFNY,ALIAS,WExTWA==,RECEIVER,dGhpcw=="
146028888337,TAG,UNKNOWN_TYPE_DECL,xlsx:XLSX
146028888338,TAG,RESOLVED_METHOD,"FULL_NAME,ZGIvcXVlcmllcy50czo6cHJvZ3JhbTpnZXRMYXRlc3RTbmFwc2hvdEJ5UHJvamVjdE5hbWU=,ALIAS,Z2V0TGF0ZXN0U25hcHNob3RCeVByb2plY3ROYW1l,RECEIVER,dGhpcw=="
146028888339,TAG,RESOLVED_TYPE_DECL,db/queries.ts::program:getLatestSnapshotByProjectName
146028888340,TAG,UNKNOWN_METHOD,"FULL_NAME,YXhpb3M6YXhpb3M=,ALIAS,YXhpb3M=,RECEIVER,dGhpcw=="
146028888341,TAG,UNKNOWN_TYPE_DECL,axios:axios
146028888342,TAG,UNKNOWN_METHOD,"FULL_NAME,Z2VtaW5pU2VydmljZTpnZW1pbmlTZXJ2aWNl,ALIAS,Z2VtaW5pU2VydmljZQ==,RECEIVER,dGhpcw=="
146028888343,TAG,UNKNOWN_TYPE_DECL,geminiService:geminiService
146028888344,TAG,UNKNOWN_METHOD,"FULL_NAME,Z29vZ2xlU2hlZXRzU2VydmljZTpnb29nbGVTaGVldHNTZXJ2aWNl,ALIAS,Z29vZ2xlU2hlZXRzU2VydmljZQ==,RECEIVER,dGhpcw=="
146028888345,TAG,UNKNOWN_TYPE_DECL,googleSheetsService:googleSheetsService
146028888346,TAG,RESOLVED_METHOD,"FULL_NAME,ZGIvcXVlcmllcy50czo6cHJvZ3JhbTpnZXRMYXRlc3RTbmFwc2hvdEJ5UHJvamVjdE5hbWU=,ALIAS,Z2V0TGF0ZXN0U25hcHNob3RCeVByb2plY3ROYW1l,RECEIVER,dGhpcw=="
146028888347,TAG,RESOLVED_TYPE_DECL,db/queries.ts::program:getLatestSnapshotByProjectName
146028888348,TAG,UNKNOWN_METHOD,"FULL_NAME,eGxzeDpYTFNY,ALIAS,WExTWA==,RECEIVER,dGhpcw=="
146028888349,TAG,UNKNOWN_TYPE_DECL,xlsx:XLSX
146028888350,TAG,UNKNOWN_METHOD,"FULL_NAME,ZnM6ZnM=,ALIAS,ZnM=,RECEIVER,dGhpcw=="
146028888351,TAG,UNKNOWN_TYPE_DECL,fs:fs
146028888352,TAG,UNKNOWN_METHOD,"FULL_NAME,cGF0aDpwYXRo,ALIAS,cGF0aA==,RECEIVER,dGhpcw=="
146028888353,TAG,UNKNOWN_TYPE_DECL,path:path
146028888354,TAG,RESOLVED_MEMBER,"BASE_PATH,dHlwZXMvZ2l0bGFiLnR5cGVzLnRzOjpwcm9ncmFt,NAME,R2l0TGFiQ29tbWl0"
146028888355,TAG,RESOLVED_MEMBER,"BASE_PATH,dHlwZXMvY29tbWl0TWV0cmljcy50eXBlcy50czo6cHJvZ3JhbQ==,NAME,Q29tbWl0TWV0cmljc0NhbGN1bGF0aW9uUmVzdWx0"
146028888356,TAG,RESOLVED_MEMBER,"BASE_PATH,dHlwZXMvY29tbWl0TWV0cmljcy50eXBlcy50czo6cHJvZ3JhbQ==,NAME,Q29udHJpYnV0b3JDb21taXREYXRh"
146028888357,TAG,RESOLVED_METHOD,"FULL_NAME,ZGIvY29ubmVjdGlvbi50czo6cHJvZ3JhbTpnZXRQb29s,ALIAS,Z2V0UG9vbA==,RECEIVER,dGhpcw=="
146028888358,TAG,RESOLVED_TYPE_DECL,db/connection.ts::program:getPool
146028888359,TAG,RESOLVED_MEMBER,"BASE_PATH,dHlwZXMvY29tbWl0TWV0cmljcy50eXBlcy50czo6cHJvZ3JhbQ==,NAME,Q29tbWl0SGVhbHRoTWV0cmljcw=="
146028888360,TAG,RESOLVED_MEMBER,"BASE_PATH,dHlwZXMvY29tbWl0TWV0cmljcy50eXBlcy50czo6cHJvZ3JhbQ==,NAME,Q29tbWl0TWV0cmljc0hpc3Rvcnk="
146028888361,TAG,RESOLVED_MEMBER,"BASE_PATH,dHlwZXMvY29tbWl0TWV0cmljcy50eXBlcy50czo6cHJvZ3JhbQ==,NAME,Q29tbWl0TWV0cmljc0NhbGN1bGF0aW9uUmVzdWx0"
146028888362,TAG,RESOLVED_METHOD,"FULL_NAME,dXRpbHMvaGVhbHRoU2NvcmVDYWxjdWxhdG9yLnRzOjpwcm9ncmFtOmNhbGN1bGF0ZUNvbW1pdEhlYWx0aFNjb3Jl,ALIAS,Y2FsY3VsYXRlQ29tbWl0SGVhbHRoU2NvcmU=,RECEIVER,dGhpcw=="
146028888363,TAG,RESOLVED_TYPE_DECL,utils/healthScoreCalculator.ts::program:calculateCommitHealthScore
146028888364,TAG,UNKNOWN_METHOD,"FULL_NAME,Li4vZ2l0bGFiL2dpdExhYkNvbW1pdFNlcnZpY2U6Z2l0TGFiQ29tbWl0U2VydmljZQ==,ALIAS,Z2l0TGFiQ29tbWl0U2VydmljZQ==,RECEIVER,dGhpcw=="
146028888365,TAG,UNKNOWN_TYPE_DECL,../gitlab/gitLabCommitService:gitLabCommitService
146028888366,TAG,UNKNOWN_METHOD,"FULL_NAME,Y29tbWl0TWV0cmljc0NhbGN1bGF0aW9uU2VydmljZTpjb21taXRNZXRyaWNzQ2FsY3VsYXRpb25TZXJ2aWNl,ALIAS,Y29tbWl0TWV0cmljc0NhbGN1bGF0aW9uU2VydmljZQ==,RECEIVER,dGhpcw=="
146028888367,TAG,UNKNOWN_TYPE_DECL,commitMetricsCalculationService:commitMetricsCalculationService
146028888368,TAG,UNKNOWN_METHOD,"FULL_NAME,Y29tbWl0TWV0cmljc0RiU2VydmljZTpjb21taXRNZXRyaWNzRGJTZXJ2aWNl,ALIAS,Y29tbWl0TWV0cmljc0RiU2VydmljZQ==,RECEIVER,dGhpcw=="
146028888369,TAG,UNKNOWN_TYPE_DECL,commitMetricsDbService:commitMetricsDbService
146028888370,TAG,RESOLVED_MEMBER,"BASE_PATH,dHlwZXMvY29tbWl0TWV0cmljcy50eXBlcy50czo6cHJvZ3JhbQ==,NAME,Q29tbWl0SGVhbHRoTWV0cmljcw=="
146028888371,TAG,RESOLVED_METHOD,"FULL_NAME,ZGIvY29ubmVjdGlvbi50czo6cHJvZ3JhbTpnZXRQb29s,ALIAS,Z2V0UG9vbA==,RECEIVER,dGhpcw=="
146028888372,TAG,RESOLVED_TYPE_DECL,db/connection.ts::program:getPool
146028888373,TAG,RESOLVED_MEMBER,"BASE_PATH,dHlwZXMvZG9yYU1ldHJpY3MudHlwZXMudHM6OnByb2dyYW0=,NAME,RG9yYU1ldHJpY3NTdW1tYXJ5"
146028888374,TAG,RESOLVED_METHOD,"FULL_NAME,ZGIvY29ubmVjdGlvbi50czo6cHJvZ3JhbTpnZXRQb29s,ALIAS,Z2V0UG9vbA==,RECEIVER,dGhpcw=="
146028888375,TAG,RESOLVED_TYPE_DECL,db/connection.ts::program:getPool
146028888376,TAG,RESOLVED_MEMBER,"BASE_PATH,dHlwZXMvZG9yYU1ldHJpY3MudHlwZXMudHM6OnByb2dyYW0=,NAME,RGVwbG95bWVudEZyZXF1ZW5jeQ=="
146028888377,TAG,RESOLVED_MEMBER,"BASE_PATH,dHlwZXMvZG9yYU1ldHJpY3MudHlwZXMudHM6OnByb2dyYW0=,NAME,RGVwbG95bWVudEZyZXF1ZW5jeUlucHV0"
146028888378,TAG,RESOLVED_MEMBER,"BASE_PATH,dHlwZXMvZG9yYU1ldHJpY3MudHlwZXMudHM6OnByb2dyYW0=,NAME,TGVhZFRpbWVDaGFuZ2U="
146028888379,TAG,RESOLVED_MEMBER,"BASE_PATH,dHlwZXMvZG9yYU1ldHJpY3MudHlwZXMudHM6OnByb2dyYW0=,NAME,TGVhZFRpbWVDaGFuZ2VJbnB1dA=="
146028888380,TAG,RESOLVED_MEMBER,"BASE_PATH,dHlwZXMvZG9yYU1ldHJpY3MudHlwZXMudHM6OnByb2dyYW0=,NAME,Q2hhbmdlRmFpbHVyZVJhdGU="
146028888381,TAG,RESOLVED_MEMBER,"BASE_PATH,dHlwZXMvZG9yYU1ldHJpY3MudHlwZXMudHM6OnByb2dyYW0=,NAME,Q2hhbmdlRmFpbHVyZVJhdGVJbnB1dA=="
146028888382,TAG,RESOLVED_MEMBER,"BASE_PATH,dHlwZXMvZG9yYU1ldHJpY3MudHlwZXMudHM6OnByb2dyYW0=,NAME,VGltZVRvUmVzdG9yZVNlcnZpY2U="
146028888383,TAG,RESOLVED_MEMBER,"BASE_PATH,dHlwZXMvZG9yYU1ldHJpY3MudHlwZXMudHM6OnByb2dyYW0=,NAME,VGltZVRvUmVzdG9yZVNlcnZpY2VJbnB1dA=="
146028888384,TAG,RESOLVED_METHOD,"FULL_NAME,ZGIvY29ubmVjdGlvbi50czo6cHJvZ3JhbTpnZXRQb29s,ALIAS,Z2V0UG9vbA==,RECEIVER,dGhpcw=="
146028888385,TAG,RESOLVED_TYPE_DECL,db/connection.ts::program:getPool
146028888386,TAG,RESOLVED_METHOD,"FULL_NAME,ZGIvY29ubmVjdGlvbi50czo6cHJvZ3JhbTpnZXRQb29s,ALIAS,Z2V0UG9vbA==,RECEIVER,dGhpcw=="
146028888387,TAG,RESOLVED_TYPE_DECL,db/connection.ts::program:getPool
146028888388,TAG,UNKNOWN_METHOD,"FULL_NAME,Z2l0bGFiQ2xpZW50OmdpdGxhYkNsaWVudA==,ALIAS,Z2l0bGFiQ2xpZW50,RECEIVER,dGhpcw=="
146028888389,TAG,UNKNOWN_TYPE_DECL,gitlabClient:gitlabClient
146028888390,TAG,RESOLVED_MEMBER,"BASE_PATH,dHlwZXMvY29tbWl0TWV0cmljcy50eXBlcy50czo6cHJvZ3JhbQ==,NAME,R2l0TGFiQ29tbWl0"
146028888391,TAG,UNKNOWN_METHOD,"FULL_NAME,Z2l0bGFiQ2xpZW50OmdpdGxhYkNsaWVudA==,ALIAS,Z2l0bGFiQ2xpZW50,RECEIVER,dGhpcw=="
146028888392,TAG,UNKNOWN_TYPE_DECL,gitlabClient:gitlabClient
146028888393,TAG,RESOLVED_MEMBER,"BASE_PATH,dHlwZXMvY29tbWl0TWV0cmljcy50eXBlcy50czo6cHJvZ3JhbQ==,NAME,R2l0TGFiSXNzdWVz"
146028888394,TAG,RESOLVED_MEMBER,"BASE_PATH,dHlwZXMvaXNzdWVNZXRyaWNzLnR5cGVzLnRzOjpwcm9ncmFt,NAME,R2l0TGFiSXNzdWVTdGF0ZUV2ZW50"
146028888395,TAG,RESOLVED_MEMBER,"BASE_PATH,dHlwZXMvaXNzdWVNZXRyaWNzLnR5cGVzLnRzOjpwcm9ncmFt,NAME,R2l0TGFiSXNzdWVNUlJlZmVyZW5jZQ=="
146028888396,TAG,UNKNOWN_METHOD,"FULL_NAME,Z2l0bGFiQ2xpZW50OmdpdGxhYkNsaWVudA==,ALIAS,Z2l0bGFiQ2xpZW50,RECEIVER,dGhpcw=="
146028888397,TAG,UNKNOWN_TYPE_DECL,gitlabClient:gitlabClient
146028888398,TAG,RESOLVED_MEMBER,"BASE_PATH,dHlwZXMvY29tbWl0TWV0cmljcy50eXBlcy50czo6cHJvZ3JhbQ==,NAME,R2l0TGFiTWVyZ2VSZXF1ZXN0"
146028888399,TAG,UNKNOWN_METHOD,"FULL_NAME,Z2l0bGFiQ2xpZW50OmdpdGxhYkNsaWVudA==,ALIAS,Z2l0bGFiQ2xpZW50,RECEIVER,dGhpcw=="
146028888400,TAG,UNKNOWN_TYPE_DECL,gitlabClient:gitlabClient
146028888401,TAG,UNKNOWN_METHOD,"FULL_NAME,Z2l0bGFiQ2xpZW50OmdpdGxhYkNsaWVudA==,ALIAS,Z2l0bGFiQ2xpZW50,RECEIVER,dGhpcw=="
146028888402,TAG,UNKNOWN_TYPE_DECL,gitlabClient:gitlabClient
146028888403,TAG,UNKNOWN_METHOD,"FULL_NAME,YXhpb3M6YXhpb3M=,ALIAS,YXhpb3M=,RECEIVER,dGhpcw=="
146028888404,TAG,UNKNOWN_TYPE_DECL,axios:axios
146028888405,TAG,UNKNOWN_METHOD,"FULL_NAME,YXhpb3M6QXhpb3NJbnN0YW5jZQ==,ALIAS,QXhpb3NJbnN0YW5jZQ==,RECEIVER,dGhpcw=="
146028888406,TAG,UNKNOWN_TYPE_DECL,axios:AxiosInstance
146028888407,TAG,UNKNOWN_METHOD,"FULL_NAME,Z2l0bGFiQ2xpZW50OmdpdGxhYkNsaWVudA==,ALIAS,Z2l0bGFiQ2xpZW50,RECEIVER,dGhpcw=="
146028888408,TAG,UNKNOWN_TYPE_DECL,gitlabClient:gitlabClient
146028888409,TAG,RESOLVED_MEMBER,"BASE_PATH,dHlwZXMvY29tbWl0TWV0cmljcy50eXBlcy50czo6cHJvZ3JhbQ==,NAME,R2l0TGFiR3JvdXA="
146028888410,TAG,UNKNOWN_METHOD,"FULL_NAME,Z2l0bGFiQ2xpZW50OmdpdGxhYkNsaWVudA==,ALIAS,Z2l0bGFiQ2xpZW50,RECEIVER,dGhpcw=="
146028888411,TAG,UNKNOWN_TYPE_DECL,gitlabClient:gitlabClient
146028888412,TAG,RESOLVED_MEMBER,"BASE_PATH,dHlwZXMvY29tbWl0TWV0cmljcy50eXBlcy50czo6cHJvZ3JhbQ==,NAME,R2l0TGFiTWlsZXN0b25l"
146028888413,TAG,UNKNOWN_METHOD,"FULL_NAME,Z2l0bGFiQ2xpZW50OmdpdGxhYkNsaWVudA==,ALIAS,Z2l0bGFiQ2xpZW50,RECEIVER,dGhpcw=="
146028888414,TAG,UNKNOWN_TYPE_DECL,gitlabClient:gitlabClient
146028888415,TAG,RESOLVED_MEMBER,"BASE_PATH,dHlwZXMvY29tbWl0TWV0cmljcy50eXBlcy50czo6cHJvZ3JhbQ==,NAME,R2l0TGFiUHJvamVjdA=="
146028888416,TAG,RESOLVED_MEMBER,"BASE_PATH,dHlwZXMvZ2l0bGFiLnR5cGVzLnRzOjpwcm9ncmFt,NAME,R2l0TGFiSXNzdWVz"
146028888417,TAG,RESOLVED_MEMBER,"BASE_PATH,dHlwZXMvaXNzdWVNZXRyaWNzLnR5cGVzLnRzOjpwcm9ncmFt,NAME,SXNzdWVNZXRyaWNzQ2FsY3VsYXRpb25SZXN1bHQ="
146028888418,TAG,RESOLVED_MEMBER,"BASE_PATH,dHlwZXMvaXNzdWVNZXRyaWNzLnR5cGVzLnRzOjpwcm9ncmFt,NAME,R2l0TGFiSXNzdWVTdGF0ZUV2ZW50"
146028888419,TAG,RESOLVED_METHOD,"FULL_NAME,ZGIvY29ubmVjdGlvbi50czo6cHJvZ3JhbTpnZXRQb29s,ALIAS,Z2V0UG9vbA==,RECEIVER,dGhpcw=="
146028888420,TAG,RESOLVED_TYPE_DECL,db/connection.ts::program:getPool
146028888421,TAG,RESOLVED_MEMBER,"BASE_PATH,dHlwZXMvaXNzdWVNZXRyaWNzLnR5cGVzLnRzOjpwcm9ncmFt,NAME,SXNzdWVIZWFsdGhNZXRyaWNz"
146028888422,TAG,RESOLVED_MEMBER,"BASE_PATH,dHlwZXMvaXNzdWVNZXRyaWNzLnR5cGVzLnRzOjpwcm9ncmFt,NAME,SXNzdWVNZXRyaWNzSGlzdG9yeQ=="
146028888423,TAG,RESOLVED_MEMBER,"BASE_PATH,dHlwZXMvaXNzdWVNZXRyaWNzLnR5cGVzLnRzOjpwcm9ncmFt,NAME,V2Vla092ZXJXZWVrQ29tcGFyaXNvbg=="
146028888424,TAG,RESOLVED_METHOD,"FULL_NAME,dXRpbHMvaGVhbHRoU2NvcmVDYWxjdWxhdG9yLnRzOjpwcm9ncmFtOmNhbGN1bGF0ZUlzc3VlSGVhbHRoU2NvcmU=,ALIAS,Y2FsY3VsYXRlSXNzdWVIZWFsdGhTY29yZQ==,RECEIVER,dGhpcw=="
146028888425,TAG,RESOLVED_TYPE_DECL,utils/healthScoreCalculator.ts::program:calculateIssueHealthScore
146028888426,TAG,UNKNOWN_METHOD,"FULL_NAME,Li4vZ2l0bGFiL2dpdExhYklzc3VlU2VydmljZTpnaXRMYWJJc3N1ZVNlcnZpY2U=,ALIAS,Z2l0TGFiSXNzdWVTZXJ2aWNl,RECEIVER,dGhpcw=="
146028888427,TAG,UNKNOWN_TYPE_DECL,../gitlab/gitLabIssueService:gitLabIssueService
146028888428,TAG,UNKNOWN_METHOD,"FULL_NAME,aXNzdWVNZXRyaWNzQ2FsY3VsYXRpb25TZXJ2aWNlOmlzc3VlTWV0cmljc0NhbGN1bGF0aW9uU2VydmljZQ==,ALIAS,aXNzdWVNZXRyaWNzQ2FsY3VsYXRpb25TZXJ2aWNl,RECEIVER,dGhpcw=="
146028888429,TAG,UNKNOWN_TYPE_DECL,issueMetricsCalculationService:issueMetricsCalculationService
146028888430,TAG,UNKNOWN_METHOD,"FULL_NAME,aXNzdWVNZXRyaWNzRGJTZXJ2aWNlOmlzc3VlTWV0cmljc0RiU2VydmljZQ==,ALIAS,aXNzdWVNZXRyaWNzRGJTZXJ2aWNl,RECEIVER,dGhpcw=="
146028888431,TAG,UNKNOWN_TYPE_DECL,issueMetricsDbService:issueMetricsDbService
146028888432,TAG,RESOLVED_MEMBER,"BASE_PATH,dHlwZXMvaXNzdWVNZXRyaWNzLnR5cGVzLnRzOjpwcm9ncmFt,NAME,SXNzdWVIZWFsdGhNZXRyaWNz"
146028888433,TAG,RESOLVED_MEMBER,"BASE_PATH,dHlwZXMvbWlsZXN0b25lTWV0cmljcy50eXBlcy50czo6cHJvZ3JhbQ==,NAME,TWlsZXN0b25lTWV0cmljcw=="
146028888434,TAG,RESOLVED_MEMBER,"BASE_PATH,dHlwZXMvbWlsZXN0b25lTWV0cmljcy50eXBlcy50czo6cHJvZ3JhbQ==,NAME,TWlsZXN0b25lV2l0aElzc3VlQ291bnQ="
146028888435,TAG,RESOLVED_METHOD,"FULL_NAME,ZGIvY29ubmVjdGlvbi50czo6cHJvZ3JhbTpnZXRQb29s,ALIAS,Z2V0UG9vbA==,RECEIVER,dGhpcw=="
146028888436,TAG,RESOLVED_TYPE_DECL,db/connection.ts::program:getPool
146028888437,TAG,RESOLVED_MEMBER,"BASE_PATH,dHlwZXMvbWlsZXN0b25lTWV0cmljcy50eXBlcy50czo6cHJvZ3JhbQ==,NAME,TWlsZXN0b25lTWV0cmljcw=="
146028888438,TAG,UNKNOWN_METHOD,"FULL_NAME,Li4vZ2l0bGFiL2dpdGxhYk1pbGVzdG9uZVNlcnZpY2U6Z2l0bGFiTWlsZXN0b25lU2VydmljZQ==,ALIAS,Z2l0bGFiTWlsZXN0b25lU2VydmljZQ==,RECEIVER,dGhpcw=="
146028888439,TAG,UNKNOWN_TYPE_DECL,../gitlab/gitlabMilestoneService:gitlabMilestoneService
146028888440,TAG,UNKNOWN_METHOD,"FULL_NAME,Li4vZ2l0bGFiL2dpdGxhYkNsaWVudDpnaXRsYWJDbGllbnQ=,ALIAS,Z2l0bGFiQ2xpZW50,RECEIVER,dGhpcw=="
146028888441,TAG,UNKNOWN_TYPE_DECL,../gitlab/gitlabClient:gitlabClient
146028888442,TAG,UNKNOWN_METHOD,"FULL_NAME,bWlsZXN0b25lTWV0cmljc0NhbGN1bGF0aW9uU2VydmljZTptaWxlc3RvbmVNZXRyaWNzQ2FsY3VsYXRpb25TZXJ2aWNl,ALIAS,bWlsZXN0b25lTWV0cmljc0NhbGN1bGF0aW9uU2VydmljZQ==,RECEIVER,dGhpcw=="
146028888443,TAG,UNKNOWN_TYPE_DECL,milestoneMetricsCalculationService:milestoneMetricsCalculationService
146028888444,TAG,UNKNOWN_METHOD,"FULL_NAME,bWlsZXN0b25lTWV0cmljc0RiU2VydmljZTptaWxlc3RvbmVNZXRyaWNzRGJTZXJ2aWNl,ALIAS,bWlsZXN0b25lTWV0cmljc0RiU2VydmljZQ==,RECEIVER,dGhpcw=="
146028888445,TAG,UNKNOWN_TYPE_DECL,milestoneMetricsDbService:milestoneMetricsDbService
146028888446,TAG,RESOLVED_MEMBER,"BASE_PATH,dHlwZXMvbWlsZXN0b25lTWV0cmljcy50eXBlcy50czo6cHJvZ3JhbQ==,NAME,TWlsZXN0b25lTWV0cmljcw=="
146028888447,TAG,RESOLVED_MEMBER,"BASE_PATH,dHlwZXMvZ2l0bGFiLnR5cGVzLnRzOjpwcm9ncmFt,NAME,R2l0TGFiTWVyZ2VSZXF1ZXN0"
146028888448,TAG,RESOLVED_MEMBER,"BASE_PATH,dHlwZXMvbXJNZXRyaWNzLnR5cGVzLnRzOjpwcm9ncmFt,NAME,R2l0TGFiTVJOb3Rl"
146028888449,TAG,RESOLVED_METHOD,"FULL_NAME,ZGIvY29ubmVjdGlvbi50czo6cHJvZ3JhbTpnZXRQb29s,ALIAS,Z2V0UG9vbA==,RECEIVER,dGhpcw=="
146028888450,TAG,RESOLVED_TYPE_DECL,db/connection.ts::program:getPool
146028888451,TAG,RESOLVED_MEMBER,"BASE_PATH,dHlwZXMvbXJNZXRyaWNzLnR5cGVzLnRzOjpwcm9ncmFt,NAME,TVJIZWFsdGhNZXRyaWNz"
146028888452,TAG,RESOLVED_MEMBER,"BASE_PATH,dHlwZXMvbXJNZXRyaWNzLnR5cGVzLnRzOjpwcm9ncmFt,NAME,TVJNZXRyaWNzSGlzdG9yeQ=="
146028888453,TAG,RESOLVED_MEMBER,"BASE_PATH,dHlwZXMvbXJNZXRyaWNzLnR5cGVzLnRzOjpwcm9ncmFt,NAME,TVJXZWVrT3ZlcldlZWtDb21wYXJpc29u"
146028888454,TAG,RESOLVED_METHOD,"FULL_NAME,dXRpbHMvaGVhbHRoU2NvcmVDYWxjdWxhdG9yLnRzOjpwcm9ncmFtOmNhbGN1bGF0ZU1SSGVhbHRoU2NvcmU=,ALIAS,Y2FsY3VsYXRlTVJIZWFsdGhTY29yZQ==,RECEIVER,dGhpcw=="
146028888455,TAG,RESOLVED_TYPE_DECL,utils/healthScoreCalculator.ts::program:calculateMRHealthScore
146028888456,TAG,UNKNOWN_METHOD,"FULL_NAME,Li4vZ2l0bGFiL2dpdExhYk1SU2VydmljZTpnaXRMYWJNUlNlcnZpY2U=,ALIAS,Z2l0TGFiTVJTZXJ2aWNl,RECEIVER,dGhpcw=="
146028888457,TAG,UNKNOWN_TYPE_DECL,../gitlab/gitLabMRService:gitLabMRService
146028888458,TAG,UNKNOWN_METHOD,"FULL_NAME,bXJNZXRyaWNzQ2FsY3VsYXRpb25TZXJ2aWNlOm1yTWV0cmljc0NhbGN1bGF0aW9uU2VydmljZQ==,ALIAS,bXJNZXRyaWNzQ2FsY3VsYXRpb25TZXJ2aWNl,RECEIVER,dGhpcw=="
146028888459,TAG,UNKNOWN_TYPE_DECL,mrMetricsCalculationService:mrMetricsCalculationService
146028888460,TAG,UNKNOWN_METHOD,"FULL_NAME,bXJNZXRyaWNzRGJTZXJ2aWNlOm1yTWV0cmljc0RiU2VydmljZQ==,ALIAS,bXJNZXRyaWNzRGJTZXJ2aWNl,RECEIVER,dGhpcw=="
146028888461,TAG,UNKNOWN_TYPE_DECL,mrMetricsDbService:mrMetricsDbService
146028888462,TAG,RESOLVED_MEMBER,"BASE_PATH,dHlwZXMvbXJNZXRyaWNzLnR5cGVzLnRzOjpwcm9ncmFt,NAME,TVJIZWFsdGhNZXRyaWNz"
146028888463,TAG,RESOLVED_MEMBER,"BASE_PATH,dHlwZXMvY29tbWl0TWV0cmljcy50eXBlcy50czo6cHJvZ3JhbQ==,NAME,R2l0TGFiUHJvamVjdA=="
146028888464,TAG,UNKNOWN_METHOD,"FULL_NAME,Li4vZ2l0bGFiL2dpdGxhYkdyb3VwU2VydmljZTpnaXRsYWJHcm91cFNlcnZpY2U=,ALIAS,Z2l0bGFiR3JvdXBTZXJ2aWNl,RECEIVER,dGhpcw=="
146028888465,TAG,UNKNOWN_TYPE_DECL,../gitlab/gitlabGroupService:gitlabGroupService
146028888466,TAG,UNKNOWN_METHOD,"FULL_NAME,Li4vZ2l0bGFiL2dpdExhYklzc3VlU2VydmljZTpnaXRMYWJJc3N1ZVNlcnZpY2U=,ALIAS,Z2l0TGFiSXNzdWVTZXJ2aWNl,RECEIVER,dGhpcw=="
146028888467,TAG,UNKNOWN_TYPE_DECL,../gitlab/gitLabIssueService:gitLabIssueService
146028888468,TAG,UNKNOWN_METHOD,"FULL_NAME,Li4vZ2l0bGFiL2dpdExhYk1SU2VydmljZTpnaXRMYWJNUlNlcnZpY2U=,ALIAS,Z2l0TGFiTVJTZXJ2aWNl,RECEIVER,dGhpcw=="
146028888469,TAG,UNKNOWN_TYPE_DECL,../gitlab/gitLabMRService:gitLabMRService
146028888470,TAG,UNKNOWN_METHOD,"FULL_NAME,Li4vZ2l0bGFiL2dpdGxhYk1pbGVzdG9uZVNlcnZpY2U6Z2l0TGFiTWlsZXN0b25lU2VydmljZQ==,ALIAS,Z2l0TGFiTWlsZXN0b25lU2VydmljZQ==,RECEIVER,dGhpcw=="
146028888471,TAG,UNKNOWN_TYPE_DECL,../gitlab/gitlabMilestoneService:gitLabMilestoneService
146028888472,TAG,RESOLVED_MEMBER,"BASE_PATH,c2VydmljZXMvc29uYXJxdWJlL3NvbmFyUXViZVNlcnZpY2UudHM6OnByb2dyYW0=,NAME,U29uYXJRdWJlU2VydmljZQ=="
146028888473,TAG,RESOLVED_METHOD,"FULL_NAME,c2VydmljZXMvc29uYXJxdWJlL2F1dG9NYXBTb25hclByb2plY3RLZXlzLnRzOjpwcm9ncmFtOmdldFNvbmFyUHJvamVjdEtleQ==,ALIAS,Z2V0U29uYXJQcm9qZWN0S2V5,RECEIVER,dGhpcw=="
146028888474,TAG,RESOLVED_TYPE_DECL,services/sonarqube/autoMapSonarProjectKeys.ts::program:getSonarProjectKey
146028888475,TAG,RESOLVED_METHOD,"FULL_NAME,ZGIvcXVlcmllcy50czo6cHJvZ3JhbTpnZXRBbGxQcm9qZWN0c0Zyb21SZWdpc3RyeQ==,ALIAS,Z2V0QWxsUHJvamVjdHNGcm9tUmVnaXN0cnk=,RECEIVER,dGhpcw=="
146028888476,TAG,RESOLVED_TYPE_DECL,db/queries.ts::program:getAllProjectsFromRegistry
146028888477,TAG,RESOLVED_METHOD,"FULL_NAME,ZGIvcXVlcmllcy50czo6cHJvZ3JhbTpnZXRMYXRlc3RTbmFwc2hvdHNGb3JUcmFja2VkUHJvamVjdHM=,ALIAS,Z2V0TGF0ZXN0U25hcHNob3RzRm9yVHJhY2tlZFByb2plY3Rz,RECEIVER,dGhpcw=="
146028888478,TAG,RESOLVED_TYPE_DECL,db/queries.ts::program:getLatestSnapshotsForTrackedProjects
146028888479,TAG,RESOLVED_METHOD,"FULL_NAME,ZGIvcXVlcmllcy50czo6cHJvZ3JhbTpnZXRQcm9qZWN0QnlJZA==,ALIAS,Z2V0UHJvamVjdEJ5SWQ=,RECEIVER,dGhpcw=="
146028888480,TAG,RESOLVED_TYPE_DECL,db/queries.ts::program:getProjectById
146028888481,TAG,UNKNOWN_METHOD,"FULL_NAME,cHJvamVjdFRyYW5zZm9ybVNlcnZpY2U6cHJvamVjdFRyYW5zZm9ybVNlcnZpY2U=,ALIAS,cHJvamVjdFRyYW5zZm9ybVNlcnZpY2U=,RECEIVER,dGhpcw=="
146028888482,TAG,UNKNOWN_TYPE_DECL,projectTransformService:projectTransformService
146028888483,TAG,RESOLVED_MEMBER,"BASE_PATH,dHlwZXMvY29tbWl0TWV0cmljcy50eXBlcy50czo6cHJvZ3JhbQ==,NAME,R2l0TGFiUHJvamVjdA=="
146028888484,TAG,UNKNOWN_METHOD,"FULL_NAME,Li4vZ2l0bGFiL2dpdGxhYlByb2plY3RTZXJ2aWNlOmdpdGxhYlByb2plY3RTZXJ2aWNl,ALIAS,Z2l0bGFiUHJvamVjdFNlcnZpY2U=,RECEIVER,dGhpcw=="
146028888485,TAG,UNKNOWN_TYPE_DECL,../gitlab/gitlabProjectService:gitlabProjectService
146028888486,TAG,UNKNOWN_METHOD,"FULL_NAME,Li4vZ2l0bGFiL2dpdExhYklzc3VlU2VydmljZTpnaXRMYWJJc3N1ZVNlcnZpY2U=,ALIAS,Z2l0TGFiSXNzdWVTZXJ2aWNl,RECEIVER,dGhpcw=="
146028888487,TAG,UNKNOWN_TYPE_DECL,../gitlab/gitLabIssueService:gitLabIssueService
146028888488,TAG,UNKNOWN_METHOD,"FULL_NAME,Li4vZ2l0bGFiL2dpdExhYk1SU2VydmljZTpnaXRMYWJNUlNlcnZpY2U=,ALIAS,Z2l0TGFiTVJTZXJ2aWNl,RECEIVER,dGhpcw=="
146028888489,TAG,UNKNOWN_TYPE_DECL,../gitlab/gitLabMRService:gitLabMRService
146028888490,TAG,UNKNOWN_METHOD,"FULL_NAME,Li4vZ2l0bGFiL2dpdGxhYk1pbGVzdG9uZVNlcnZpY2U6Z2l0TGFiTWlsZXN0b25lU2VydmljZQ==,ALIAS,Z2l0TGFiTWlsZXN0b25lU2VydmljZQ==,RECEIVER,dGhpcw=="
146028888491,TAG,UNKNOWN_TYPE_DECL,../gitlab/gitlabMilestoneService:gitLabMilestoneService
146028888492,TAG,RESOLVED_MEMBER,"BASE_PATH,c2VydmljZXMvc29uYXJxdWJlL3NvbmFyUXViZVNlcnZpY2UudHM6OnByb2dyYW0=,NAME,U29uYXJRdWJlU2VydmljZQ=="
146028888493,TAG,RESOLVED_METHOD,"FULL_NAME,c2VydmljZXMvc29uYXJxdWJlL2F1dG9NYXBTb25hclByb2plY3RLZXlzLnRzOjpwcm9ncmFtOmdldFNvbmFyUHJvamVjdEtleQ==,ALIAS,Z2V0U29uYXJQcm9qZWN0S2V5,RECEIVER,dGhpcw=="
146028888494,TAG,RESOLVED_TYPE_DECL,services/sonarqube/autoMapSonarProjectKeys.ts::program:getSonarProjectKey
146028888495,TAG,RESOLVED_METHOD,"FULL_NAME,ZGIvcXVlcmllcy50czo6cHJvZ3JhbTppbnNlcnRQcm9qZWN0U25hcHNob3Q=,ALIAS,aW5zZXJ0UHJvamVjdFNuYXBzaG90,RECEIVER,dGhpcw=="
146028888496,TAG,RESOLVED_TYPE_DECL,db/queries.ts::program:insertProjectSnapshot
146028888497,TAG,RESOLVED_METHOD,"FULL_NAME,ZGIvcXVlcmllcy50czo6cHJvZ3JhbTpnZXRUcmFja2VkUHJvamVjdElkcw==,ALIAS,Z2V0VHJhY2tlZFByb2plY3RJZHM=,RECEIVER,dGhpcw=="
146028888498,TAG,RESOLVED_TYPE_DECL,db/queries.ts::program:getTrackedProjectIds
146028888499,TAG,UNKNOWN_METHOD,"FULL_NAME,Li4vZ2l0bGFiL2dpdGxhYlByb2plY3RTZXJ2aWNlOmdpdGxhYlByb2plY3RTZXJ2aWNl,ALIAS,Z2l0bGFiUHJvamVjdFNlcnZpY2U=,RECEIVER,dGhpcw=="
146028888500,TAG,UNKNOWN_TYPE_DECL,../gitlab/gitlabProjectService:gitlabProjectService
146028888501,TAG,UNKNOWN_METHOD,"FULL_NAME,Li4vZ2l0bGFiL2dpdExhYk1lbWJlclNlcnZpY2U6Z2l0TGFiTWVtYmVyU2VydmljZQ==,ALIAS,Z2l0TGFiTWVtYmVyU2VydmljZQ==,RECEIVER,dGhpcw=="
146028888502,TAG,UNKNOWN_TYPE_DECL,../gitlab/gitLabMemberService:gitLabMemberService
146028888503,TAG,UNKNOWN_METHOD,"FULL_NAME,cHJvamVjdEVucmljaG1lbnRTZXJ2aWNlOnByb2plY3RFbnJpY2htZW50U2VydmljZQ==,ALIAS,cHJvamVjdEVucmljaG1lbnRTZXJ2aWNl,RECEIVER,dGhpcw=="
146028888504,TAG,UNKNOWN_TYPE_DECL,projectEnrichmentService:projectEnrichmentService
146028888505,TAG,UNKNOWN_METHOD,"FULL_NAME,cHJvamVjdFRyYW5zZm9ybVNlcnZpY2U6cHJvamVjdFRyYW5zZm9ybVNlcnZpY2U=,ALIAS,cHJvamVjdFRyYW5zZm9ybVNlcnZpY2U=,RECEIVER,dGhpcw=="
146028888506,TAG,UNKNOWN_TYPE_DECL,projectTransformService:projectTransformService
146028888507,TAG,RESOLVED_METHOD,"FULL_NAME,ZGIvcXVlcmllcy50czo6cHJvZ3JhbTpzeW5jUHJvamVjdHNUb1JlZ2lzdHJ5,ALIAS,c3luY1Byb2plY3RzVG9SZWdpc3RyeQ==,RECEIVER,dGhpcw=="
146028888508,TAG,RESOLVED_TYPE_DECL,db/queries.ts::program:syncProjectsToRegistry
146028888509,TAG,RESOLVED_METHOD,"FULL_NAME,ZGIvcXVlcmllcy50czo6cHJvZ3JhbTpnZXRBbGxQcm9qZWN0c0Zyb21SZWdpc3RyeQ==,ALIAS,Z2V0QWxsUHJvamVjdHNGcm9tUmVnaXN0cnk=,RECEIVER,dGhpcw=="
146028888510,TAG,RESOLVED_TYPE_DECL,db/queries.ts::program:getAllProjectsFromRegistry
146028888511,TAG,RESOLVED_METHOD,"FULL_NAME,c2VydmljZXMvc29uYXJxdWJlL2F1dG9NYXBTb25hclByb2plY3RLZXlzLnRzOjpwcm9ncmFtOmF1dG9NYXBTb25hclByb2plY3RLZXlz,ALIAS,YXV0b01hcFNvbmFyUHJvamVjdEtleXM=,RECEIVER,dGhpcw=="
146028888512,TAG,RESOLVED_TYPE_DECL,services/sonarqube/autoMapSonarProjectKeys.ts::program:autoMapSonarProjectKeys
146028888513,TAG,UNKNOWN_METHOD,"FULL_NAME,YXhpb3M6YXhpb3M=,ALIAS,YXhpb3M=,RECEIVER,dGhpcw=="
146028888514,TAG,UNKNOWN_TYPE_DECL,axios:axios
146028888515,TAG,RESOLVED_MEMBER,"BASE_PATH,dHlwZXMvc29uYXJRdWJlTWV0cmljcy50eXBlcy50czo6cHJvZ3JhbQ==,NAME,U29uYXJRdWJlQ29tcG9uZW50TWVhc3VyZXM="
146028888516,TAG,RESOLVED_MEMBER,"BASE_PATH,dHlwZXMvc29uYXJRdWJlTWV0cmljcy50eXBlcy50czo6cHJvZ3JhbQ==,NAME,U29uYXJRdWJlQ29tcG9uZW50TWVhc3VyZXM="
146028888517,TAG,RESOLVED_MEMBER,"BASE_PATH,dHlwZXMvc29uYXJRdWJlTWV0cmljcy50eXBlcy50czo6cHJvZ3JhbQ==,NAME,U29uYXJRdWJlTWFpbnRhaW5hYmlsaXR5Q2FsY3VsYXRpb25SZXN1bHQ="
146028888518,TAG,RESOLVED_METHOD,"FULL_NAME,ZGIvY29ubmVjdGlvbi50czo6cHJvZ3JhbTpnZXRQb29s,ALIAS,Z2V0UG9vbA==,RECEIVER,dGhpcw=="
146028888519,TAG,RESOLVED_TYPE_DECL,db/connection.ts::program:getPool
146028888520,TAG,RESOLVED_MEMBER,"BASE_PATH,dHlwZXMvc29uYXJRdWJlTWV0cmljcy50eXBlcy50czo6cHJvZ3JhbQ==,NAME,U29uYXJRdWJlTWFpbnRhaW5hYmlsaXR5TWV0cmljcw=="
146028888521,TAG,RESOLVED_MEMBER,"BASE_PATH,dHlwZXMvc29uYXJRdWJlTWV0cmljcy50eXBlcy50czo6cHJvZ3JhbQ==,NAME,U29uYXJRdWJlTWFpbnRhaW5hYmlsaXR5SGlzdG9yeQ=="
146028888522,TAG,RESOLVED_MEMBER,"BASE_PATH,dHlwZXMvc29uYXJRdWJlTWV0cmljcy50eXBlcy50czo6cHJvZ3JhbQ==,NAME,U29uYXJRdWJlTWFpbnRhaW5hYmlsaXR5Q2FsY3VsYXRpb25SZXN1bHQ="
146028888523,TAG,RESOLVED_METHOD,"FULL_NAME,dXRpbHMvaGVhbHRoU2NvcmVDYWxjdWxhdG9yLnRzOjpwcm9ncmFtOmNhbGN1bGF0ZU1haW50YWluYWJpbGl0eUhlYWx0aFNjb3Jl,ALIAS,Y2FsY3VsYXRlTWFpbnRhaW5hYmlsaXR5SGVhbHRoU2NvcmU=,RECEIVER,dGhpcw=="
146028888524,TAG,RESOLVED_TYPE_DECL,utils/healthScoreCalculator.ts::program:calculateMaintainabilityHealthScore
146028888525,TAG,RESOLVED_MEMBER,"BASE_PATH,c2VydmljZXMvc29uYXJNYWludGFpbmFiaWxpdHkvc29uYXJNYWludGFpbmFiaWxpdHlBcGlTZXJ2aWNlLnRzOjpwcm9ncmFt,NAME,U29uYXJNYWludGFpbmFiaWxpdHlBcGlTZXJ2aWNl"
146028888526,TAG,RESOLVED_MEMBER,"BASE_PATH,c2VydmljZXMvc29uYXJNYWludGFpbmFiaWxpdHkvc29uYXJNYWludGFpbmFiaWxpdHlDYWxjdWxhdGlvblNlcnZpY2UudHM6OnByb2dyYW0=,NAME,U29uYXJNYWludGFpbmFiaWxpdHlDYWxjdWxhdGlvblNlcnZpY2U="
146028888527,TAG,RESOLVED_MEMBER,"BASE_PATH,c2VydmljZXMvc29uYXJNYWludGFpbmFiaWxpdHkvc29uYXJNYWludGFpbmFiaWxpdHlEYlNlcnZpY2UudHM6OnByb2dyYW0=,NAME,U29uYXJNYWludGFpbmFiaWxpdHlEYlNlcnZpY2U="
146028888528,TAG,RESOLVED_METHOD,"FULL_NAME,c2VydmljZXMvc29uYXJxdWJlL2F1dG9NYXBTb25hclByb2plY3RLZXlzLnRzOjpwcm9ncmFtOmdldFNvbmFyUHJvamVjdEtleQ==,ALIAS,Z2V0U29uYXJQcm9qZWN0S2V5,RECEIVER,dGhpcw=="
146028888529,TAG,RESOLVED_TYPE_DECL,services/sonarqube/autoMapSonarProjectKeys.ts::program:getSonarProjectKey
146028888530,TAG,UNKNOWN_METHOD,"FULL_NAME,YXhpb3M6YXhpb3M=,ALIAS,YXhpb3M=,RECEIVER,dGhpcw=="
146028888531,TAG,UNKNOWN_TYPE_DECL,axios:axios
146028888532,TAG,RESOLVED_MEMBER,"BASE_PATH,dHlwZXMvc29uYXJRdWJlTWV0cmljcy50eXBlcy50czo6cHJvZ3JhbQ==,NAME,U29uYXJRdWJlQ29tcG9uZW50TWVhc3VyZXM="
146028888533,TAG,RESOLVED_MEMBER,"BASE_PATH,dHlwZXMvc29uYXJRdWJlTWV0cmljcy50eXBlcy50czo6cHJvZ3JhbQ==,NAME,U29uYXJRdWJlUmVsaWFiaWxpdHlDYWxjdWxhdGlvblJlc3VsdA=="
146028888534,TAG,RESOLVED_METHOD,"FULL_NAME,ZGIvY29ubmVjdGlvbi50czo6cHJvZ3JhbTpnZXRQb29s,ALIAS,Z2V0UG9vbA==,RECEIVER,dGhpcw=="
146028888535,TAG,RESOLVED_TYPE_DECL,db/connection.ts::program:getPool
146028888536,TAG,RESOLVED_MEMBER,"BASE_PATH,dHlwZXMvc29uYXJRdWJlTWV0cmljcy50eXBlcy50czo6cHJvZ3JhbQ==,NAME,U29uYXJRdWJlUmVsaWFiaWxpdHlNZXRyaWNz"
146028888537,TAG,RESOLVED_MEMBER,"BASE_PATH,dHlwZXMvc29uYXJRdWJlTWV0cmljcy50eXBlcy50czo6cHJvZ3JhbQ==,NAME,U29uYXJRdWJlUmVsaWFiaWxpdHlIaXN0b3J5"
146028888538,TAG,RESOLVED_MEMBER,"BASE_PATH,dHlwZXMvc29uYXJRdWJlTWV0cmljcy50eXBlcy50czo6cHJvZ3JhbQ==,NAME,U29uYXJRdWJlUmVsaWFiaWxpdHlDYWxjdWxhdGlvblJlc3VsdA=="
146028888539,TAG,RESOLVED_METHOD,"FULL_NAME,dXRpbHMvaGVhbHRoU2NvcmVDYWxjdWxhdG9yLnRzOjpwcm9ncmFtOmNhbGN1bGF0ZVJlbGlhYmlsaXR5SGVhbHRoU2NvcmU=,ALIAS,Y2FsY3VsYXRlUmVsaWFiaWxpdHlIZWFsdGhTY29yZQ==,RECEIVER,dGhpcw=="
146028888540,TAG,RESOLVED_TYPE_DECL,utils/healthScoreCalculator.ts::program:calculateReliabilityHealthScore
146028888541,TAG,RESOLVED_MEMBER,"BASE_PATH,c2VydmljZXMvc29uYXJSZWxpYWJpbGl0eS9zb25hclJlbGlhYmlsaXR5QXBpU2VydmljZS50czo6cHJvZ3JhbQ==,NAME,U29uYXJSZWxpYWJpbGl0eUFwaVNlcnZpY2U="
146028888542,TAG,RESOLVED_MEMBER,"BASE_PATH,c2VydmljZXMvc29uYXJSZWxpYWJpbGl0eS9zb25hclJlbGlhYmlsaXR5Q2FsY3VsYXRpb25TZXJ2aWNlLnRzOjpwcm9ncmFt,NAME,U29uYXJSZWxpYWJpbGl0eUNhbGN1bGF0aW9uU2VydmljZQ=="
146028888543,TAG,RESOLVED_MEMBER,"BASE_PATH,c2VydmljZXMvc29uYXJSZWxpYWJpbGl0eS9zb25hclJlbGlhYmlsaXR5RGJTZXJ2aWNlLnRzOjpwcm9ncmFt,NAME,U29uYXJSZWxpYWJpbGl0eURiU2VydmljZQ=="
146028888544,TAG,RESOLVED_METHOD,"FULL_NAME,c2VydmljZXMvc29uYXJxdWJlL2F1dG9NYXBTb25hclByb2plY3RLZXlzLnRzOjpwcm9ncmFtOmdldFNvbmFyUHJvamVjdEtleQ==,ALIAS,Z2V0U29uYXJQcm9qZWN0S2V5,RECEIVER,dGhpcw=="
146028888545,TAG,RESOLVED_TYPE_DECL,services/sonarqube/autoMapSonarProjectKeys.ts::program:getSonarProjectKey
146028888546,TAG,UNKNOWN_METHOD,"FULL_NAME,YXhpb3M6YXhpb3M=,ALIAS,YXhpb3M=,RECEIVER,dGhpcw=="
146028888547,TAG,UNKNOWN_TYPE_DECL,axios:axios
146028888548,TAG,RESOLVED_MEMBER,"BASE_PATH,dHlwZXMvc29uYXJRdWJlTWV0cmljcy50eXBlcy50czo6cHJvZ3JhbQ==,NAME,U29uYXJRdWJlQ29tcG9uZW50TWVhc3VyZXM="
146028888549,TAG,RESOLVED_MEMBER,"BASE_PATH,dHlwZXMvc29uYXJRdWJlTWV0cmljcy50eXBlcy50czo6cHJvZ3JhbQ==,NAME,U29uYXJRdWJlU2VjdXJpdHlDYWxjdWxhdGlvblJlc3VsdA=="
146028888550,TAG,RESOLVED_METHOD,"FULL_NAME,ZGIvY29ubmVjdGlvbi50czo6cHJvZ3JhbTpnZXRQb29s,ALIAS,Z2V0UG9vbA==,RECEIVER,dGhpcw=="
146028888551,TAG,RESOLVED_TYPE_DECL,db/connection.ts::program:getPool
146028888552,TAG,RESOLVED_MEMBER,"BASE_PATH,dHlwZXMvc29uYXJRdWJlTWV0cmljcy50eXBlcy50czo6cHJvZ3JhbQ==,NAME,U29uYXJRdWJlU2VjdXJpdHlNZXRyaWNz"
146028888553,TAG,RESOLVED_MEMBER,"BASE_PATH,dHlwZXMvc29uYXJRdWJlTWV0cmljcy50eXBlcy50czo6cHJvZ3JhbQ==,NAME,U29uYXJRdWJlU2VjdXJpdHlIaXN0b3J5"
146028888554,TAG,RESOLVED_MEMBER,"BASE_PATH,dHlwZXMvc29uYXJRdWJlTWV0cmljcy50eXBlcy50czo6cHJvZ3JhbQ==,NAME,U29uYXJRdWJlU2VjdXJpdHlDYWxjdWxhdGlvblJlc3VsdA=="
146028888555,TAG,RESOLVED_METHOD,"FULL_NAME,dXRpbHMvaGVhbHRoU2NvcmVDYWxjdWxhdG9yLnRzOjpwcm9ncmFtOmNhbGN1bGF0ZVNlY3VyaXR5SGVhbHRoU2NvcmU=,ALIAS,Y2FsY3VsYXRlU2VjdXJpdHlIZWFsdGhTY29yZQ==,RECEIVER,dGhpcw=="
146028888556,TAG,RESOLVED_TYPE_DECL,utils/healthScoreCalculator.ts::program:calculateSecurityHealthScore
146028888557,TAG,RESOLVED_MEMBER,"BASE_PATH,c2VydmljZXMvc29uYXJTZWN1cml0eS9zb25hclNlY3VyaXR5QXBpU2VydmljZS50czo6cHJvZ3JhbQ==,NAME,U29uYXJTZWN1cml0eUFwaVNlcnZpY2U="
146028888558,TAG,RESOLVED_MEMBER,"BASE_PATH,c2VydmljZXMvc29uYXJTZWN1cml0eS9zb25hclNlY3VyaXR5Q2FsY3VsYXRpb25TZXJ2aWNlLnRzOjpwcm9ncmFt,NAME,U29uYXJTZWN1cml0eUNhbGN1bGF0aW9uU2VydmljZQ=="
146028888559,TAG,RESOLVED_MEMBER,"BASE_PATH,c2VydmljZXMvc29uYXJTZWN1cml0eS9zb25hclNlY3VyaXR5RGJTZXJ2aWNlLnRzOjpwcm9ncmFt,NAME,U29uYXJTZWN1cml0eURiU2VydmljZQ=="
146028888560,TAG,RESOLVED_METHOD,"FULL_NAME,c2VydmljZXMvc29uYXJxdWJlL2F1dG9NYXBTb25hclByb2plY3RLZXlzLnRzOjpwcm9ncmFtOmdldFNvbmFyUHJvamVjdEtleQ==,ALIAS,Z2V0U29uYXJQcm9qZWN0S2V5,RECEIVER,dGhpcw=="
146028888561,TAG,RESOLVED_TYPE_DECL,services/sonarqube/autoMapSonarProjectKeys.ts::program:getSonarProjectKey
146028888562,TAG,RESOLVED_METHOD,"FULL_NAME,ZGIvY29ubmVjdGlvbi50czo6cHJvZ3JhbTpnZXRQb29s,ALIAS,Z2V0UG9vbA==,RECEIVER,dGhpcw=="
146028888563,TAG,RESOLVED_TYPE_DECL,db/connection.ts::program:getPool
146028888564,TAG,UNKNOWN_METHOD,"FULL_NAME,YXhpb3M6YXhpb3M=,ALIAS,YXhpb3M=,RECEIVER,dGhpcw=="
146028888565,TAG,UNKNOWN_TYPE_DECL,axios:axios
146028888566,TAG,UNKNOWN_METHOD,"FULL_NAME,YXhpb3M6YXhpb3M=,ALIAS,YXhpb3M=,RECEIVER,dGhpcw=="
146028888567,TAG,UNKNOWN_TYPE_DECL,axios:axios
146028888568,TAG,RESOLVED_MEMBER,"BASE_PATH,dHlwZXMvZ2l0bGFiLnR5cGVzLnRzOjpwcm9ncmFt,NAME,R2l0TGFiQ29tbWl0"
146028888569,TAG,RESOLVED_MEMBER,"BASE_PATH,dHlwZXMvZ2l0bGFiLnR5cGVzLnRzOjpwcm9ncmFt,NAME,R2l0TGFiTWVyZ2VSZXF1ZXN0"
